# Blender 4.5.3 LTS
# www.blender.org
mtllib DeadTree-Export.mtl
o Cube
v 0.012385 -0.133094 0.178051
v -0.178352 -0.133094 0.006803
v -0.012385 -0.069924 -0.178051
v 0.178352 -0.069924 -0.006803
v -0.173377 0.966256 0.337535
v -0.315515 0.991140 0.212926
v -0.191417 0.978134 0.068772
v -0.049278 0.953250 0.193381
v -0.276324 2.048389 0.159421
v -0.260611 2.040061 0.047914
v -0.148799 2.040041 0.063671
v -0.164512 2.048369 0.175178
v 0.224605 2.980589 -0.276459
v 0.258850 2.994172 -0.259749
v 0.237702 3.021298 -0.238456
v 0.203456 3.007715 -0.255166
v 1.433989 3.289696 -1.325637
v 1.459082 3.287761 -1.265572
v 1.436514 3.347785 -1.254210
v 1.411421 3.349720 -1.314276
v 2.062236 3.665522 -1.473500
v 2.063582 3.665232 -1.469397
v 2.061720 3.669037 -1.468517
v 2.060374 3.669328 -1.472619
v 0.747648 3.718837 -1.752579
v 0.756776 3.718837 -1.754696
v 0.758120 3.726079 -1.748902
v 0.748992 3.726079 -1.746784
v 0.860623 3.664871 -1.779207
v 0.870018 3.664871 -1.774230
v 0.868479 3.674980 -1.771324
v 0.859084 3.674980 -1.776301
v 0.625029 3.626117 -1.595754
v 0.628414 3.626117 -1.597251
v 0.629632 3.628268 -1.594497
v 0.626248 3.628268 -1.593000
v 0.681343 3.571423 -1.454480
v 0.673033 3.571423 -1.452380
v 0.671620 3.577765 -1.457972
v 0.679931 3.577765 -1.460072
v 0.966187 3.755442 -1.769856
v 0.986095 3.755458 -1.771463
v 0.986983 3.772003 -1.760311
v 0.967075 3.771987 -1.758703
v 0.963487 3.868844 -1.874809
v 0.971240 3.868858 -1.875445
v 0.971680 3.874354 -1.869956
v 0.963927 3.874339 -1.869320
v 1.167319 3.510427 -1.666104
v 1.176254 3.510427 -1.663736
v 1.176634 3.519552 -1.665169
v 1.167698 3.519552 -1.667536
v 1.241246 3.530392 -1.363379
v 1.234975 3.530453 -1.342148
v 1.231590 3.552305 -1.343211
v 1.237862 3.552244 -1.364442
v 1.488166 3.768248 -1.245677
v 1.479322 3.773572 -1.244045
v 1.479930 3.777542 -1.253694
v 1.488775 3.772218 -1.255327
v 1.853654 3.983829 -1.563503
v 1.854636 3.983829 -1.556886
v 1.850197 3.988789 -1.556227
v 1.849215 3.988789 -1.562844
v 1.747347 3.858824 -1.761571
v 1.761964 3.858824 -1.758996
v 1.761912 3.873663 -1.758703
v 1.747295 3.873663 -1.761279
v 0.476720 3.153427 -0.679875
v 0.573276 3.152106 -0.600941
v 0.572130 3.276772 -0.597453
v 0.475575 3.278094 -0.676386
v 0.330066 3.685988 -0.333420
v 0.296058 3.685988 -0.363953
v 0.324993 3.700580 -0.396182
v 0.359001 3.700580 -0.365648
v 0.004247 4.146286 -0.445776
v 0.033463 4.151065 -0.494173
v 0.075365 4.177246 -0.466292
v 0.046149 4.172467 -0.417896
v -0.052847 4.544118 -0.528254
v -0.044764 4.540092 -0.538937
v -0.033471 4.544832 -0.532178
v -0.041554 4.548858 -0.521495
v 0.221825 4.198074 -0.668471
v 0.231474 4.198074 -0.659808
v 0.225704 4.207747 -0.653381
v 0.216055 4.207747 -0.662044
v 0.085560 4.139884 -0.511685
v 0.094371 4.139884 -0.522528
v 0.099775 4.151997 -0.518137
v 0.090965 4.151997 -0.507294
v 0.212137 4.085117 -0.659231
v 0.223327 4.085117 -0.649184
v 0.226934 4.099154 -0.653201
v 0.215744 4.099154 -0.663248
v -0.038534 4.364870 -0.441114
v -0.023494 4.363253 -0.464648
v -0.000610 4.371029 -0.450558
v -0.015650 4.372646 -0.427023
v 0.238393 3.613347 -0.261776
v 0.234670 3.613347 -0.265119
v 0.237990 3.613921 -0.268817
v 0.241714 3.613921 -0.265474
v 0.165595 3.579305 -0.180087
v 0.161269 3.579305 -0.183971
v 0.162776 3.584663 -0.185650
v 0.167102 3.584663 -0.181766
v 0.282830 3.571861 -0.311530
v 0.279366 3.571861 -0.314640
v 0.282361 3.573116 -0.317976
v 0.285825 3.573116 -0.314866
v 0.223859 2.909789 -0.532197
v 0.294780 2.895767 -0.528568
v 0.308422 2.954349 -0.568838
v 0.237501 2.968370 -0.572467
v 0.161324 3.092727 -0.908831
v 0.186712 3.102613 -0.926095
v 0.188780 3.129139 -0.907863
v 0.163393 3.119253 -0.890600
v -0.074606 3.178254 -1.013372
v -0.067720 3.178254 -1.025412
v -0.063028 3.191028 -1.022729
v -0.069914 3.191028 -1.010688
v 0.034552 3.275543 -1.078820
v 0.044530 3.275543 -1.078104
v 0.043971 3.281785 -1.070307
v 0.033993 3.281785 -1.071023
v 0.148831 2.938898 -0.979476
v 0.188305 2.940747 -0.978482
v 0.186646 2.979698 -0.985015
v 0.147171 2.977850 -0.986009
v 0.201922 2.965442 -1.204064
v 0.219624 2.966642 -1.201635
v 0.217689 2.983482 -1.195856
v 0.199987 2.982282 -1.198286
v 0.205957 3.066536 -1.345958
v 0.220374 3.067905 -1.344752
v 0.218562 3.079741 -1.336517
v 0.204144 3.078372 -1.337723
v 0.298799 2.819322 -1.036932
v 0.330977 2.812452 -1.046629
v 0.331011 2.840494 -1.066385
v 0.298833 2.847363 -1.056688
v 0.158240 2.677825 -1.190727
v 0.175799 2.674733 -1.203035
v 0.171121 2.692689 -1.214220
v 0.153562 2.695781 -1.201912
v 0.582047 3.420223 -0.219885
v 0.584752 3.420223 -0.217456
v 0.582704 3.422178 -0.215176
v 0.579999 3.422178 -0.217604
v 0.506412 3.277927 0.026488
v 0.514931 3.277927 0.034137
v 0.507283 3.278096 0.042655
v 0.498764 3.278096 0.035006
v 0.476985 3.341074 -0.096199
v 0.473061 3.341074 -0.099723
v 0.476320 3.343076 -0.103354
v 0.480245 3.343076 -0.099830
v 0.462134 3.147955 0.072881
v 0.456541 3.147955 0.064983
v 0.462130 3.154793 0.061025
v 0.467723 3.154793 0.068923
v 0.944180 2.565664 0.827920
v 0.936475 2.564962 0.852615
v 0.923029 2.586782 0.849040
v 0.930734 2.587485 0.824345
v 1.243967 2.947022 0.951142
v 1.228848 2.950062 1.008672
v 1.183655 2.986323 0.994878
v 1.198774 2.983283 0.937348
v 1.698342 3.371750 1.318176
v 1.695115 3.371750 1.320215
v 1.693556 3.374208 1.317745
v 1.696783 3.374208 1.315707
v 1.614842 3.307425 1.373841
v 1.611311 3.307425 1.373539
v 1.611454 3.310541 1.371857
v 1.614985 3.310541 1.372159
v 1.643712 3.121605 1.134157
v 1.640258 3.121605 1.140176
v 1.640282 3.128544 1.140190
v 1.643735 3.128544 1.134171
v 0.210072 2.789346 1.142228
v 0.204035 2.789346 1.144607
v 0.202421 2.794116 1.140514
v 0.208459 2.794116 1.138134
v 0.099234 2.620220 1.037304
v 0.093666 2.620220 1.032021
v 0.092781 2.627787 1.032954
v 0.098350 2.627787 1.038236
v 0.354693 2.710937 0.998885
v 0.306795 2.705931 1.032200
v 0.285601 2.755422 1.009165
v 0.333500 2.760427 0.975851
v 0.487213 2.817292 1.264323
v 0.424683 2.813423 1.320743
v 0.400273 2.891143 1.299020
v 0.462803 2.895012 1.242600
v 0.846316 3.066566 1.427019
v 0.838522 3.068668 1.474497
v 0.804375 3.101882 1.467421
v 0.812168 3.099780 1.419943
v 1.031304 3.335439 1.421330
v 1.029225 3.348754 1.472102
v 0.979679 3.365033 1.465804
v 0.981758 3.351718 1.415032
v 1.045558 3.536144 1.330185
v 1.047532 3.571998 1.370498
v 0.994735 3.581576 1.364565
v 0.992760 3.545722 1.324252
v 1.074703 3.757177 1.132483
v 1.077273 3.757177 1.132191
v 1.077533 3.758363 1.134475
v 1.074962 3.758363 1.134767
v 1.172812 3.706073 1.062584
v 1.176234 3.706073 1.065089
v 1.175335 3.710031 1.066316
v 1.171913 3.710031 1.063811
v 0.739078 3.062567 1.591141
v 0.707741 3.060999 1.602127
v 0.698244 3.081812 1.578008
v 0.729581 3.083380 1.567021
v 0.735583 3.175396 1.633979
v 0.711472 3.179134 1.644444
v 0.703495 3.190717 1.621927
v 0.727605 3.186980 1.611462
v 0.838172 3.318054 1.692145
v 0.812932 3.322120 1.703647
v 0.803317 3.331758 1.679141
v 0.828557 3.327693 1.667639
v 0.799729 3.785212 1.674983
v 0.807995 3.785212 1.673721
v 0.809237 3.786689 1.681857
v 0.800971 3.786689 1.683118
v 0.731529 3.540165 1.812460
v 0.728146 3.540165 1.809314
v 0.728387 3.544771 1.809055
v 0.731771 3.544771 1.812201
v -0.460080 2.609182 0.619879
v -0.492376 2.609182 0.564885
v -0.463215 2.663253 0.547759
v -0.430918 2.663253 0.602753
v -0.507639 2.669543 0.646959
v -0.536454 2.664364 0.590683
v -0.487706 2.694045 0.562992
v -0.458891 2.699224 0.619268
v -0.785885 3.054881 -0.009900
v -0.780786 3.043708 -0.036838
v -0.767327 3.068871 -0.044727
v -0.772426 3.080043 -0.017789
v -1.181827 3.014279 -0.293475
v -1.178979 3.014279 -0.300796
v -1.178587 3.022123 -0.300643
v -1.181434 3.022123 -0.293323
v -0.927822 3.026366 -0.239154
v -0.923900 3.026366 -0.232720
v -0.927056 3.032933 -0.230796
v -0.930978 3.032933 -0.237230
v -1.265609 3.035552 -0.245684
v -1.263394 3.035119 -0.255345
v -1.257038 3.042654 -0.254225
v -1.259254 3.043087 -0.244564
v -1.194714 2.968812 -0.222932
v -1.192041 2.968703 -0.239789
v -1.187181 2.985050 -0.239125
v -1.189853 2.985160 -0.222268
v -0.704378 3.126533 -0.116310
v -0.697471 3.126533 -0.113259
v -0.700053 3.130555 -0.107413
v -0.706960 3.130555 -0.110465
v -0.678980 2.856831 0.208274
v -0.656888 2.873691 0.233046
v -0.686761 2.888494 0.249613
v -0.708854 2.871634 0.224841
v -0.825060 3.000547 0.332459
v -0.835143 2.989428 0.299276
v -0.811199 3.012421 0.284295
v -0.801116 3.023541 0.317478
v -1.007882 3.108606 0.253165
v -1.001327 3.092725 0.234358
v -0.991530 3.112262 0.221275
v -0.998085 3.128144 0.240081
v -1.290203 3.047235 0.105572
v -1.281350 3.018238 0.066874
v -1.255358 3.054266 0.045823
v -1.264211 3.083263 0.084522
v -1.153994 3.367690 0.052127
v -1.150209 3.367690 0.058571
v -1.153968 3.373761 0.060779
v -1.157752 3.373761 0.054334
v -1.347865 3.421591 0.038554
v -1.344752 3.421591 0.030152
v -1.340133 3.429075 0.031864
v -1.343246 3.429075 0.040265
v -1.435641 3.179283 0.033818
v -1.435060 3.179283 0.028299
v -1.433368 3.184565 0.028478
v -1.433949 3.184565 0.033996
v -1.048001 3.119826 0.929536
v -1.067887 3.111644 0.834724
v -1.054982 3.207378 0.823755
v -1.035096 3.215560 0.918568
v -1.432166 3.258753 0.551212
v -1.350108 3.266221 0.585707
v -1.377210 3.335481 0.635181
v -1.459267 3.328013 0.600686
v -1.406736 3.448784 0.379424
v -1.340513 3.479857 0.380842
v -1.364182 3.528034 0.430560
v -1.430406 3.496960 0.429142
v -1.465298 3.900999 0.082556
v -1.433304 3.921076 0.103510
v -1.462315 3.942382 0.127390
v -1.494308 3.922305 0.106436
v -1.406199 3.732074 0.228923
v -1.383169 3.740922 0.246500
v -1.402831 3.752367 0.266502
v -1.425862 3.743519 0.248925
v -1.419415 4.047415 -0.062697
v -1.395194 4.055924 -0.039380
v -1.419560 4.070286 -0.019311
v -1.443781 4.061776 -0.042627
v -1.371814 4.290451 -0.112243
v -1.361756 4.290451 -0.098033
v -1.370159 4.304491 -0.092085
v -1.380218 4.304491 -0.106295
v -1.442824 4.404101 -0.074122
v -1.441553 4.404101 -0.082787
v -1.433041 4.405738 -0.081538
v -1.434312 4.405738 -0.072873
v -1.755328 3.750051 0.206429
v -1.766266 3.750051 0.196801
v -1.760675 3.761914 0.190449
v -1.749737 3.761914 0.200077
v -1.728478 3.954257 0.161222
v -1.733999 3.949053 0.153126
v -1.726593 3.952716 0.145720
v -1.721071 3.957920 0.153816
v -1.949982 4.073865 0.108570
v -1.957570 4.073383 0.092356
v -1.946311 4.086112 0.086709
v -1.938723 4.086594 0.102922
v -2.014079 4.224468 0.121554
v -2.018243 4.223774 0.111983
v -2.009592 4.228017 0.107911
v -2.005428 4.228711 0.117483
v -2.002483 4.261680 0.110463
v -2.007580 4.261680 0.098901
v -1.999601 4.270825 0.095383
v -1.994503 4.270825 0.106945
v -1.878449 4.448548 0.112514
v -1.888692 4.448548 0.118911
v -1.894333 4.454244 0.109878
v -1.884090 4.454244 0.103481
v -1.900155 4.367282 0.020013
v -1.890621 4.367282 0.030783
v -1.899814 4.374777 0.038920
v -1.909348 4.374777 0.028150
v -1.693226 3.971540 -0.038254
v -1.691323 3.971540 -0.036655
v -1.692830 3.972367 -0.034860
v -1.694734 3.972367 -0.036458
v -1.763842 4.215736 -0.029559
v -1.761935 4.215736 -0.032854
v -1.758670 4.216251 -0.030964
v -1.760578 4.216251 -0.027670
v -2.176371 3.469383 0.588726
v -2.173201 3.469383 0.584683
v -2.170640 3.473359 0.586690
v -2.173810 3.473359 0.590733
v -2.300930 3.505626 0.658898
v -2.300120 3.505626 0.652091
v -2.296360 3.511340 0.652538
v -2.297169 3.511340 0.659345
v -1.952756 3.314494 0.611356
v -1.945186 3.314494 0.609559
v -1.944677 3.321955 0.611704
v -1.952247 3.321955 0.613501
v -0.272402 2.971750 1.351380
v -0.346265 2.971664 1.381352
v -0.344209 3.051173 1.386648
v -0.270346 3.051260 1.356676
v -0.467798 3.030725 0.999374
v -0.384925 3.054029 0.992612
v -0.386544 3.083352 1.073818
v -0.469418 3.060048 1.080580
v -0.712115 3.430563 1.106245
v -0.666635 3.464927 1.101218
v -0.649014 3.449233 1.153350
v -0.694494 3.414869 1.158377
v -0.965494 3.794621 1.132953
v -0.958784 3.794621 1.127614
v -0.954613 3.799974 1.132857
v -0.961324 3.799974 1.138195
v -0.895193 3.619085 1.286859
v -0.898431 3.619085 1.281887
v -0.896504 3.624555 1.280632
v -0.893266 3.624555 1.285604
v -1.089651 3.831782 1.222086
v -1.089862 3.831782 1.217776
v -1.087085 3.835082 1.217641
v -1.086875 3.835082 1.221950
v -0.955877 3.614164 1.333583
v -0.956560 3.614164 1.331040
v -0.955213 3.616397 1.330678
v -0.954530 3.616397 1.333220
v -0.864280 3.508595 1.367210
v -0.869459 3.508595 1.364519
v -0.870268 3.514162 1.366075
v -0.865088 3.514162 1.368767
v -0.728379 3.490448 1.548921
v -0.751449 3.486488 1.495766
v -0.715098 3.527681 1.476921
v -0.692029 3.531641 1.530077
v -1.017957 4.348865 1.960203
v -1.008776 4.348865 1.953100
v -1.001751 4.350576 1.962180
v -1.010932 4.350576 1.969283
v -0.972993 4.171937 2.077504
v -0.979161 4.171937 2.078174
v -0.979662 4.176059 2.073565
v -0.973494 4.176059 2.072895
v -0.945173 3.975265 2.013022
v -0.953190 3.975265 2.013816
v -0.953477 3.982778 2.010923
v -0.945460 3.982778 2.010129
v -0.951862 3.944580 1.789617
v -0.947375 3.944580 1.788098
v -0.945920 3.945940 1.792397
v -0.950407 3.945940 1.793916
v -1.063945 3.759230 1.446981
v -1.058871 3.759230 1.441125
v -1.056721 3.766437 1.442988
v -1.061795 3.766437 1.448844
v -1.049126 3.793657 1.492088
v -1.035517 3.800955 1.462474
v -1.012555 3.819847 1.477682
v -1.026165 3.812549 1.507295
v -1.177583 4.011067 1.594364
v -1.182273 4.011067 1.588731
v -1.178361 4.016341 1.585474
v -1.173671 4.016341 1.591107
v -1.186820 4.067039 1.505064
v -1.185009 4.067039 1.497620
v -1.178517 4.070787 1.499199
v -1.180328 4.070787 1.506643
v -0.469237 3.269797 1.858359
v -0.472836 3.269797 1.858712
v -0.472842 3.273414 1.858650
v -0.469243 3.273414 1.858297
v -0.516320 3.363529 1.895353
v -0.522500 3.363497 1.894696
v -0.522398 3.369584 1.893444
v -0.516218 3.369616 1.894102
v -0.497040 3.331775 1.771137
v -0.514891 3.331720 1.769368
v -0.514340 3.348587 1.763286
v -0.496489 3.348642 1.765055
v -0.372777 3.538242 1.886340
v -0.408130 3.541385 1.893767
v -0.411941 3.564305 1.865928
v -0.376588 3.561163 1.858500
v -0.311975 3.763232 2.002977
v -0.317040 3.763232 2.006049
v -0.319570 3.766593 2.001878
v -0.314505 3.766593 1.998806
v -0.236281 3.782645 2.125192
v -0.243209 3.782645 2.129404
v -0.245427 3.789538 2.125756
v -0.238499 3.789538 2.121544
v -0.440489 3.666028 1.750764
v -0.433112 3.666028 1.749510
v -0.431931 3.668551 1.756454
v -0.439308 3.668551 1.757709
v -0.438002 3.770533 1.888753
v -0.445407 3.770533 1.887741
v -0.444400 3.771315 1.880376
v -0.436995 3.771315 1.881389
v -0.446336 3.725043 1.955800
v -0.455380 3.725043 1.954564
v -0.454649 3.732404 1.949215
v -0.445605 3.732404 1.950452
v -0.089210 2.752874 1.719002
v -0.092512 2.752874 1.723041
v -0.089603 2.756494 1.725419
v -0.086302 2.756494 1.721379
v 0.082399 3.141275 1.699318
v 0.033151 3.134441 1.720811
v 0.016661 3.180568 1.697693
v 0.065909 3.187402 1.676200
v 0.130120 3.124226 2.115330
v 0.072832 3.116044 2.142205
v 0.056743 3.175637 2.126051
v 0.114031 3.183820 2.099177
v 0.124973 3.154176 1.881871
v 0.067965 3.143281 1.888237
v 0.057242 3.200636 1.890367
v 0.114250 3.211531 1.884001
v 0.198981 3.241525 2.187129
v 0.180197 3.243892 2.206666
v 0.165734 3.260548 2.190742
v 0.184519 3.258181 2.171205
v 0.167181 3.445729 2.176961
v 0.171063 3.445729 2.172547
v 0.175273 3.447496 2.176250
v 0.171391 3.447496 2.180665
v 0.332415 3.442115 2.300123
v 0.328579 3.442115 2.305121
v 0.325233 3.446794 2.302553
v 0.329069 3.446794 2.297555
v 0.056418 2.957354 1.677651
v 0.027292 2.957382 1.694268
v 0.026208 2.990841 1.692312
v 0.055334 2.990813 1.675694
v 0.086495 3.015267 1.875653
v 0.064092 3.016969 1.880411
v 0.063986 3.038429 1.872231
v 0.086388 3.036726 1.867474
v 0.115394 3.055747 1.938045
v 0.107548 3.057219 1.941695
v 0.107197 3.065066 1.937776
v 0.115043 3.063594 1.934126
v 0.118497 2.927850 1.926404
v 0.110097 2.927850 1.928161
v 0.110681 2.935944 1.930952
v 0.119081 2.935944 1.929195
v 0.357978 1.614208 0.264733
v 0.266925 1.604423 0.377243
v 0.212512 1.734866 0.344552
v 0.303565 1.744651 0.232042
v 0.610007 1.966796 0.591812
v 0.550460 1.966796 0.647568
v 0.505622 2.015281 0.599681
v 0.565168 2.015281 0.543925
v 0.822918 2.206999 0.849137
v 0.782308 2.197222 0.862754
v 0.768625 2.237171 0.850634
v 0.809234 2.246949 0.837016
v 0.749753 2.234933 1.204583
v 0.719070 2.226543 1.205723
v 0.711364 2.252440 1.188896
v 0.742048 2.260829 1.187756
v 0.746567 2.541297 1.330766
v 0.737484 2.541297 1.339271
v 0.729073 2.543143 1.330288
v 0.738156 2.543143 1.321783
v 0.947601 2.518692 1.515249
v 0.938857 2.518692 1.524663
v 0.936438 2.531109 1.522416
v 0.945182 2.531109 1.513002
v 0.722117 1.347227 0.763262
v 0.720010 1.347227 0.771683
v 0.724250 1.354726 0.772744
v 0.726358 1.354726 0.764323
v 0.564070 1.563380 0.557288
v 0.591732 1.557332 0.599473
v 0.573867 1.601348 0.617498
v 0.546205 1.607396 0.575312
v 0.802252 1.740480 0.744748
v 0.794950 1.740480 0.745359
v 0.794580 1.746306 0.740930
v 0.801882 1.746306 0.740320
v 0.895159 1.775885 0.714253
v 0.894002 1.775885 0.719810
v 0.890813 1.780532 0.719146
v 0.891969 1.780532 0.713590
v 0.888415 1.885653 0.540880
v 0.897251 1.885653 0.540570
v 0.897547 1.888278 0.549007
v 0.888711 1.888278 0.549317
v 1.107260 1.770118 0.557733
v 1.107848 1.770118 0.564281
v 1.107855 1.776692 0.564280
v 1.107267 1.776692 0.557732
v 1.458522 3.708737 -1.262837
v 1.432294 3.715842 -1.261913
v 1.434712 3.727920 -1.286152
v 1.460940 3.720814 -1.287076
v 0.101322 2.730531 -1.250242
v 0.123514 2.730740 -1.263545
v 0.126419 2.755911 -1.258303
v 0.104227 2.755701 -1.244999
v 0.018419 2.817413 -1.380233
v 0.025761 2.817698 -1.385312
v 0.027835 2.825675 -1.381868
v 0.020493 2.825390 -1.376789
v 0.071726 2.599071 -1.237409
v 0.075418 2.597059 -1.241747
v 0.073205 2.601199 -1.245550
v 0.069513 2.603210 -1.241212
v 0.048731 2.588371 -0.170802
v 0.059210 2.588371 -0.085523
v -0.007853 2.641447 -0.077283
v -0.018331 2.641447 -0.162562
v 0.082827 2.639259 -0.170060
v 0.092111 2.639259 -0.094497
v 0.032689 2.686288 -0.087196
v 0.023405 2.686288 -0.162758
v 0.113486 2.685020 -0.169392
v 0.121697 2.685020 -0.102567
v 0.069146 2.726611 -0.096110
v 0.060935 2.726611 -0.162935
v -0.033228 0.132807 0.216772
v -0.211952 0.132807 0.056308
v -0.056437 0.191998 -0.116904
v 0.122288 0.191998 0.043560
v -0.071088 0.353520 0.248913
v -0.239843 0.353520 0.097401
v -0.093003 0.409410 -0.066148
v 0.075751 0.409410 0.085364
v -0.106487 0.559881 0.278964
v -0.265919 0.559881 0.135822
v -0.127191 0.612683 -0.018693
v 0.032240 0.612683 0.124449
v -0.140376 0.757440 0.307733
v -0.290884 0.757440 0.172604
v -0.159922 0.807286 0.026738
v -0.009414 0.807286 0.161868
v -0.102053 1.120781 0.305902
v -0.224383 1.165066 0.191838
v -0.127822 1.100943 0.063383
v -0.005492 1.056658 0.177447
v -0.048989 1.231213 0.281138
v -0.161316 1.271877 0.176400
v -0.072650 1.212997 0.058448
v 0.039677 1.172333 0.163186
v 0.000051 1.333268 0.258251
v -0.103033 1.370586 0.162133
v -0.021664 1.316552 0.053888
v 0.081420 1.279234 0.150006
v -0.078607 1.517201 0.193712
v -0.062384 1.517201 0.065267
v 0.056701 1.565717 0.080308
v 0.040780 1.560287 0.218193
v -0.119504 1.624416 0.186779
v -0.103721 1.624416 0.061814
v 0.012138 1.671617 0.076447
v -0.003646 1.671617 0.201412
v -0.158790 1.727406 0.180119
v -0.143429 1.727406 0.058496
v -0.030669 1.773345 0.072738
v -0.046031 1.773345 0.194361
v -0.197065 1.827744 0.173630
v -0.182115 1.827744 0.055265
v -0.072374 1.872453 0.069125
v -0.087324 1.872453 0.187491
v -0.234604 1.926155 0.167267
v -0.220058 1.926155 0.052095
v -0.113278 1.969657 0.065581
v -0.127825 1.969657 0.180753
v 0.138706 2.780603 -0.196017
v 0.187032 2.773442 -0.160980
v 0.153470 2.810299 -0.115990
v 0.107442 2.810416 -0.161196
v 0.155671 2.820627 -0.212764
v 0.194822 2.820627 -0.177613
v 0.165176 2.848897 -0.144595
v 0.126026 2.848897 -0.179745
v 0.171288 2.857467 -0.228178
v 0.208470 2.857467 -0.194794
v 0.180315 2.884316 -0.163435
v 0.143132 2.884316 -0.196819
v 0.186087 2.892380 -0.242786
v 0.221405 2.892380 -0.211077
v 0.194662 2.917883 -0.181290
v 0.159344 2.917883 -0.212999
v 0.200308 2.925928 -0.256823
v 0.233834 2.925928 -0.226722
v 0.208447 2.950137 -0.198446
v 0.174921 2.950137 -0.228547
v 0.214083 2.958426 -0.270421
v 0.245875 2.958426 -0.241878
v 0.221802 2.981382 -0.215065
v 0.190010 2.981382 -0.243609
v 0.275219 3.040437 -0.441853
v 0.282651 3.041795 -0.346072
v 0.236902 3.114704 -0.342644
v 0.230466 3.114704 -0.428545
v 0.325087 3.073082 -0.435237
v 0.331463 3.073082 -0.350125
v 0.286134 3.145321 -0.346729
v 0.279758 3.145321 -0.431841
v 0.568726 3.134434 -0.766416
v 0.649505 3.133964 -0.689281
v 0.664614 3.243588 -0.704434
v 0.583834 3.244059 -0.781570
v 0.642205 3.119621 -0.836373
v 0.715908 3.119192 -0.765995
v 0.729694 3.219213 -0.779821
v 0.655991 3.219642 -0.850200
v 0.708638 3.106229 -0.899621
v 0.775943 3.105836 -0.835352
v 0.788532 3.197176 -0.847978
v 0.721226 3.197568 -0.912247
v 0.770872 3.093683 -0.958872
v 0.832184 3.093326 -0.900326
v 0.843651 3.176532 -0.911827
v 0.782339 3.176889 -0.970373
v 0.923956 3.107030 -1.067925
v 0.958636 3.107030 -1.000884
v 0.938806 3.179133 -0.990626
v 0.891305 3.189281 -1.063233
v 0.985259 3.128959 -1.098928
v 1.019361 3.128959 -1.033004
v 0.999862 3.199860 -1.022917
v 0.965759 3.199860 -1.088841
v 1.044153 3.150026 -1.128714
v 1.077701 3.150026 -1.063863
v 1.058518 3.219774 -1.053940
v 1.024971 3.219774 -1.118791
v 1.101536 3.170553 -1.157735
v 1.134543 3.170553 -1.093929
v 1.115669 3.239176 -1.084166
v 1.082663 3.239176 -1.147972
v 1.157820 3.190686 -1.186201
v 1.190297 3.190686 -1.123420
v 1.171727 3.258207 -1.113814
v 1.139251 3.258207 -1.176595
v 1.213245 3.210512 -1.214232
v 1.245199 3.210512 -1.152460
v 1.226927 3.276947 -1.143009
v 1.194974 3.276947 -1.204780
v 1.267964 3.230086 -1.241906
v 1.299402 3.230086 -1.181131
v 1.281426 3.295449 -1.171832
v 1.249987 3.295449 -1.232607
v 1.322087 3.249446 -1.269278
v 1.353015 3.249446 -1.209489
v 1.335330 3.313749 -1.200341
v 1.304402 3.313749 -1.260130
v 1.375693 3.268622 -1.296390
v 1.406116 3.268622 -1.237577
v 1.388720 3.331874 -1.228578
v 1.358297 3.331874 -1.287391
v 1.559010 3.364094 -1.355523
v 1.575637 3.360511 -1.304874
v 1.552647 3.407499 -1.294003
v 1.536020 3.411082 -1.344652
v 1.612616 3.396204 -1.368090
v 1.627615 3.392972 -1.322400
v 1.606876 3.435359 -1.312593
v 1.591877 3.438591 -1.358284
v 1.654488 3.421284 -1.377907
v 1.668216 3.418326 -1.336089
v 1.649235 3.457121 -1.327114
v 1.635507 3.460079 -1.368931
v 1.690193 3.442671 -1.386277
v 1.702836 3.439947 -1.347763
v 1.685354 3.475677 -1.339496
v 1.672710 3.478402 -1.378011
v 1.721915 3.461673 -1.393714
v 1.733596 3.459156 -1.358134
v 1.717445 3.492165 -1.350497
v 1.705765 3.494682 -1.386078
v 1.750788 3.478967 -1.400483
v 1.761592 3.476640 -1.367573
v 1.746653 3.507171 -1.360510
v 1.735850 3.509499 -1.393420
v 1.777488 3.494960 -1.406743
v 1.787480 3.492807 -1.376302
v 1.773663 3.521047 -1.369769
v 1.763670 3.523201 -1.400209
v 1.802458 3.509917 -1.412597
v 1.811693 3.507927 -1.384466
v 1.798924 3.534025 -1.378428
v 1.789689 3.536015 -1.406559
v 1.826008 3.524024 -1.418118
v 1.834528 3.522188 -1.392166
v 1.822748 3.546264 -1.386595
v 1.814228 3.548100 -1.412548
v 1.848366 3.537416 -1.423360
v 1.856207 3.535726 -1.399475
v 1.845365 3.557884 -1.394349
v 1.837524 3.559574 -1.418233
v 1.869702 3.550196 -1.428362
v 1.876894 3.548645 -1.406451
v 1.866949 3.568973 -1.401748
v 1.859756 3.570523 -1.423659
v 1.890149 3.562443 -1.433155
v 1.896721 3.561027 -1.413136
v 1.887634 3.579600 -1.408839
v 1.881062 3.581016 -1.428859
v 1.909816 3.574224 -1.437766
v 1.915791 3.572936 -1.419566
v 1.907529 3.589821 -1.415659
v 1.901554 3.591109 -1.433860
v 1.928788 3.585588 -1.442214
v 1.934187 3.584424 -1.425768
v 1.926722 3.599681 -1.422238
v 1.921323 3.600845 -1.438684
v 1.947137 3.596579 -1.446516
v 1.951979 3.595536 -1.431767
v 1.945284 3.609218 -1.428602
v 1.940443 3.610261 -1.443350
v 1.964924 3.607233 -1.450686
v 1.969225 3.606306 -1.437582
v 1.963277 3.618462 -1.434770
v 1.958976 3.619389 -1.447873
v 1.982198 3.617580 -1.454736
v 1.985976 3.616766 -1.443230
v 1.980753 3.627440 -1.440761
v 1.976976 3.628254 -1.452266
v 1.999005 3.627647 -1.458676
v 2.002271 3.626944 -1.448725
v 1.997755 3.636175 -1.446589
v 1.994488 3.636879 -1.456540
v 2.015381 3.637456 -1.462515
v 2.018151 3.636860 -1.454079
v 2.014322 3.644686 -1.452268
v 2.011552 3.645283 -1.460704
v 2.031360 3.647027 -1.466261
v 2.033644 3.646535 -1.459303
v 2.030485 3.652991 -1.457809
v 2.028201 3.653483 -1.464767
v 2.046969 3.656377 -1.469921
v 2.048780 3.655987 -1.464406
v 2.046277 3.661103 -1.463223
v 2.044466 3.661493 -1.468737
v 0.799775 3.137424 -1.082906
v 0.865295 3.152405 -1.095697
v 0.809830 3.199430 -1.048649
v 0.784728 3.174111 -1.140923
v 0.849733 3.174111 -1.160003
v 0.859254 3.232822 -1.127566
v 0.794248 3.232822 -1.108486
v 0.771348 3.206733 -1.192509
v 0.833109 3.206733 -1.210637
v 0.842155 3.262513 -1.179819
v 0.780394 3.262513 -1.161690
v 0.758948 3.236966 -1.240319
v 0.817703 3.236966 -1.257564
v 0.826308 3.290031 -1.228246
v 0.767553 3.290031 -1.211000
v 0.747229 3.265538 -1.285502
v 0.803142 3.265538 -1.301914
v 0.811332 3.316037 -1.274013
v 0.755418 3.316037 -1.257602
v 0.736025 3.292854 -1.328698
v 0.789222 3.292854 -1.344312
v 0.797014 3.340900 -1.317767
v 0.743817 3.340900 -1.302153
v 0.725233 3.319167 -1.370308
v 0.775814 3.319167 -1.385154
v 0.783222 3.364849 -1.359915
v 0.732641 3.364849 -1.345068
v 0.714781 3.344650 -1.410606
v 0.762827 3.344650 -1.424709
v 0.769864 3.388044 -1.400734
v 0.721818 3.388044 -1.386632
v 0.704618 3.369430 -1.449792
v 0.750199 3.369430 -1.463171
v 0.756876 3.410598 -1.440427
v 0.711294 3.410598 -1.427047
v 0.694704 3.393602 -1.488016
v 0.737882 3.393602 -1.500690
v 0.744206 3.432599 -1.479144
v 0.701028 3.432599 -1.466471
v 0.767123 3.624023 -1.646646
v 0.785718 3.627697 -1.649028
v 0.788700 3.638941 -1.639071
v 0.769893 3.638941 -1.634708
v 0.764594 3.636335 -1.660401
v 0.782145 3.636335 -1.664473
v 0.784729 3.650256 -1.653333
v 0.767179 3.650256 -1.649261
v 0.762413 3.646957 -1.672270
v 0.778878 3.646957 -1.676090
v 0.781303 3.660019 -1.665638
v 0.764837 3.660019 -1.661818
v 0.760429 3.656613 -1.683058
v 0.775909 3.656613 -1.686649
v 0.778189 3.668893 -1.676823
v 0.762709 3.668893 -1.673232
v 0.758581 3.665609 -1.693109
v 0.773143 3.665609 -1.696487
v 0.775288 3.677160 -1.687243
v 0.760725 3.677160 -1.683865
v 0.756835 3.674111 -1.702608
v 0.770529 3.674111 -1.705785
v 0.772546 3.684973 -1.697092
v 0.758851 3.684973 -1.693915
v 0.755168 3.682223 -1.711671
v 0.768035 3.682223 -1.714656
v 0.769929 3.692429 -1.706489
v 0.757063 3.692429 -1.703504
v 0.753568 3.690016 -1.720378
v 0.765638 3.690016 -1.723178
v 0.767416 3.699591 -1.715516
v 0.755345 3.699591 -1.712716
v 0.752022 3.697540 -1.728784
v 0.763325 3.697540 -1.731406
v 0.764989 3.706506 -1.724232
v 0.753687 3.706506 -1.721610
v 0.750524 3.704833 -1.736933
v 0.761082 3.704833 -1.739382
v 0.762637 3.713208 -1.732680
v 0.752079 3.713208 -1.730231
v 0.749067 3.711925 -1.744855
v 0.758902 3.711925 -1.747137
v 0.760350 3.719726 -1.740895
v 0.750516 3.719726 -1.738613
v 0.719833 3.466099 -1.568005
v 0.749995 3.466099 -1.545530
v 0.731605 3.487720 -1.520849
v 0.702197 3.482713 -1.541007
v 0.732165 3.495194 -1.581738
v 0.759628 3.495194 -1.561275
v 0.742884 3.514880 -1.538802
v 0.715420 3.514880 -1.559265
v 0.742978 3.520704 -1.593780
v 0.768074 3.520704 -1.575080
v 0.752773 3.538694 -1.554545
v 0.727677 3.538694 -1.573244
v 0.752909 3.544135 -1.604840
v 0.775832 3.544135 -1.587760
v 0.761855 3.560566 -1.569003
v 0.738933 3.560566 -1.586082
v 0.762232 3.566131 -1.615222
v 0.783114 3.566131 -1.599663
v 0.770382 3.581100 -1.582576
v 0.749501 3.581100 -1.598135
v 0.771098 3.587047 -1.625096
v 0.790039 3.587047 -1.610983
v 0.778490 3.600625 -1.595483
v 0.759549 3.600625 -1.609596
v 0.788350 3.612691 -1.652415
v 0.805707 3.612691 -1.643219
v 0.802863 3.631372 -1.637851
v 0.797400 3.619226 -1.668293
v 0.813761 3.619226 -1.659625
v 0.811080 3.636833 -1.654565
v 0.794719 3.636833 -1.663233
v 0.805333 3.624953 -1.682209
v 0.820819 3.624953 -1.674004
v 0.818282 3.641619 -1.669215
v 0.802795 3.641619 -1.677420
v 0.812617 3.630212 -1.694988
v 0.827301 3.630212 -1.687208
v 0.824895 3.646014 -1.682667
v 0.810211 3.646014 -1.690446
v 0.819453 3.635147 -1.706981
v 0.833384 3.635147 -1.699601
v 0.831102 3.650140 -1.695293
v 0.817171 3.650140 -1.702673
v 0.825954 3.639840 -1.718385
v 0.839168 3.639840 -1.711384
v 0.837003 3.654061 -1.707297
v 0.823789 3.654061 -1.714298
v 0.832187 3.644341 -1.729320
v 0.844714 3.644341 -1.722683
v 0.842662 3.657823 -1.718808
v 0.830134 3.657823 -1.725446
v 0.838200 3.648682 -1.739869
v 0.850065 3.648682 -1.733583
v 0.848121 3.661451 -1.729914
v 0.836256 3.661451 -1.736200
v 0.844028 3.652889 -1.750092
v 0.855250 3.652889 -1.744146
v 0.853411 3.664967 -1.740675
v 0.842189 3.664967 -1.746621
v 0.849695 3.656980 -1.760034
v 0.860293 3.656980 -1.754419
v 0.858557 3.668386 -1.751141
v 0.847958 3.668386 -1.756756
v 0.855222 3.660970 -1.769730
v 0.865211 3.660970 -1.764437
v 0.863574 3.671721 -1.761348
v 0.853585 3.671721 -1.766640
v 0.639535 3.538422 -1.543982
v 0.656965 3.538422 -1.551692
v 0.663239 3.549501 -1.537510
v 0.645809 3.549501 -1.529799
v 0.636960 3.553988 -1.553171
v 0.651897 3.553988 -1.559779
v 0.657274 3.563482 -1.547625
v 0.642337 3.563482 -1.541017
v 0.634903 3.566422 -1.560512
v 0.647849 3.566422 -1.566239
v 0.652509 3.574651 -1.555705
v 0.639563 3.574651 -1.549978
v 0.633124 3.577178 -1.566862
v 0.644347 3.577178 -1.571826
v 0.648387 3.584311 -1.562695
v 0.637164 3.584311 -1.557730
v 0.631527 3.586836 -1.572564
v 0.641203 3.586836 -1.576844
v 0.644686 3.592987 -1.568971
v 0.635010 3.592987 -1.564691
v 0.630060 3.595702 -1.577798
v 0.638317 3.595702 -1.581450
v 0.641288 3.600950 -1.574733
v 0.633032 3.600950 -1.571080
v 0.628695 3.603959 -1.582672
v 0.635628 3.603959 -1.585740
v 0.638124 3.608366 -1.580098
v 0.631190 3.608366 -1.577031
v 0.627410 3.611727 -1.587258
v 0.633099 3.611727 -1.589775
v 0.635147 3.615343 -1.585146
v 0.629457 3.615343 -1.582629
v 0.626191 3.619092 -1.591607
v 0.630701 3.619092 -1.593602
v 0.632325 3.621958 -1.589932
v 0.627815 3.621958 -1.587937
v 0.673283 3.459290 -1.503574
v 0.673167 3.459290 -1.538593
v 0.703068 3.477707 -1.503673
v 0.660824 3.484637 -1.506275
v 0.660727 3.484637 -1.535810
v 0.685847 3.500170 -1.535893
v 0.685944 3.500170 -1.506359
v 0.676244 3.524637 -1.497631
v 0.657021 3.524637 -1.492774
v 0.653753 3.539306 -1.505707
v 0.672976 3.539306 -1.510564
v 0.677539 3.536514 -1.486677
v 0.661086 3.536514 -1.482519
v 0.658289 3.549069 -1.493588
v 0.674742 3.549069 -1.497746
v 0.678629 3.546516 -1.477452
v 0.664509 3.546516 -1.473884
v 0.662108 3.557291 -1.483384
v 0.676228 3.557291 -1.486952
v 0.679604 3.555465 -1.469198
v 0.667571 3.555465 -1.466158
v 0.665526 3.564647 -1.474253
v 0.677559 3.564647 -1.477293
v 0.680502 3.563706 -1.461597
v 0.670392 3.563706 -1.459043
v 0.668673 3.571422 -1.465845
v 0.678784 3.571422 -1.468400
v 0.929492 3.167387 -1.061090
v 0.908523 3.213765 -1.009273
v 0.841193 3.213765 -1.036518
v 0.880127 3.222824 -1.128412
v 0.944452 3.222824 -1.102382
v 0.924420 3.267132 -1.052878
v 0.860095 3.267132 -1.078907
v 0.896456 3.273209 -1.164836
v 0.958049 3.273209 -1.139912
v 0.938868 3.315636 -1.092510
v 0.877274 3.315636 -1.117434
v 0.911805 3.320572 -1.199075
v 0.970831 3.320572 -1.175190
v 0.952448 3.361230 -1.129763
v 0.893423 3.361230 -1.153648
v 0.926464 3.365806 -1.231775
v 0.983038 3.365806 -1.208883
v 0.965419 3.404775 -1.165343
v 0.908846 3.404775 -1.188236
v 0.940596 3.409414 -1.263300
v 0.994806 3.409414 -1.241363
v 0.977923 3.446755 -1.199644
v 0.923714 3.446755 -1.221580
v 0.954304 3.451713 -1.293879
v 1.006221 3.451713 -1.272871
v 0.990053 3.487475 -1.232915
v 0.938136 3.487475 -1.253924
v 0.967660 3.492925 -1.323671
v 1.017342 3.492925 -1.303567
v 1.001870 3.527147 -1.265331
v 0.952188 3.527147 -1.285435
v 0.980714 3.533208 -1.352792
v 1.028213 3.533208 -1.333571
v 1.013421 3.565926 -1.297016
v 0.965922 3.565926 -1.316237
v 0.981075 3.596811 -1.429017
v 1.025110 3.596811 -1.432508
v 1.026479 3.637449 -1.415247
v 0.982444 3.637449 -1.411755
v 0.979250 3.616322 -1.470974
v 1.020301 3.616322 -1.474229
v 1.021577 3.654205 -1.458137
v 0.980526 3.654205 -1.454882
v 0.977689 3.633015 -1.506872
v 1.016186 3.633015 -1.509924
v 1.017383 3.668542 -1.494833
v 0.978885 3.668542 -1.491781
v 0.976277 3.648107 -1.539327
v 1.012466 3.648107 -1.542196
v 1.013590 3.681504 -1.528010
v 0.977401 3.681504 -1.525140
v 0.974967 3.662110 -1.569439
v 1.009014 3.662110 -1.572139
v 1.010072 3.693530 -1.558792
v 0.976025 3.693530 -1.556093
v 0.973733 3.675302 -1.597809
v 1.005762 3.675302 -1.600348
v 1.006757 3.704860 -1.587793
v 0.974728 3.704860 -1.585253
v 0.972558 3.687856 -1.624806
v 1.002667 3.687856 -1.627193
v 1.003603 3.715642 -1.615390
v 0.973494 3.715642 -1.613003
v 0.971433 3.699889 -1.650681
v 0.999701 3.699889 -1.652922
v 1.000580 3.725976 -1.641841
v 0.972311 3.725976 -1.639599
v 0.970348 3.711483 -1.675614
v 0.996843 3.711483 -1.677714
v 0.997667 3.735934 -1.667328
v 0.971171 3.735934 -1.665228
v 0.969299 3.722701 -1.699738
v 0.994078 3.722701 -1.701703
v 0.994848 3.745569 -1.691989
v 0.970069 3.745569 -1.690025
v 0.968280 3.733592 -1.723158
v 0.991393 3.733592 -1.724991
v 0.992112 3.754922 -1.715930
v 0.968998 3.754922 -1.714097
v 0.967288 3.744193 -1.745955
v 0.988780 3.744193 -1.747659
v 0.989448 3.764027 -1.739234
v 0.967956 3.764027 -1.737530
v 0.965579 3.777856 -1.790875
v 0.983188 3.777888 -1.792319
v 0.984188 3.790370 -1.779854
v 0.966579 3.790337 -1.778410
v 0.965278 3.790974 -1.802976
v 0.981465 3.791004 -1.804304
v 0.982384 3.802478 -1.792845
v 0.966197 3.802448 -1.791517
v 0.965021 3.802142 -1.813278
v 0.979999 3.802170 -1.814507
v 0.980849 3.812787 -1.803905
v 0.965871 3.812759 -1.802676
v 0.964789 3.812207 -1.822563
v 0.978677 3.812233 -1.823702
v 0.979465 3.822077 -1.813871
v 0.965577 3.822051 -1.812732
v 0.964575 3.821524 -1.831157
v 0.977454 3.821548 -1.832214
v 0.978185 3.830677 -1.823097
v 0.965306 3.830653 -1.822041
v 0.964374 3.830285 -1.839239
v 0.976303 3.830307 -1.840217
v 0.976980 3.838763 -1.831773
v 0.965051 3.838741 -1.830794
v 0.964182 3.838608 -1.846917
v 0.975210 3.838629 -1.847822
v 0.975836 3.846446 -1.840015
v 0.964808 3.846425 -1.839110
v 0.963999 3.846575 -1.854267
v 0.974164 3.846594 -1.855100
v 0.974741 3.853800 -1.847905
v 0.964576 3.853781 -1.847071
v 0.963822 3.854244 -1.861340
v 0.973157 3.854261 -1.862106
v 0.973687 3.860877 -1.855498
v 0.964352 3.860860 -1.854733
v 0.963652 3.861655 -1.868177
v 0.972184 3.861671 -1.868877
v 0.972668 3.867719 -1.862838
v 0.964136 3.867703 -1.862138
v 1.021545 3.554466 -1.390795
v 1.046652 3.554466 -1.347708
v 1.058110 3.602539 -1.354385
v 1.033003 3.602539 -1.397472
v 1.053167 3.543785 -1.409787
v 1.078766 3.543785 -1.365857
v 1.090448 3.592799 -1.372664
v 1.064849 3.592799 -1.416594
v 1.102599 3.526335 -1.482193
v 1.141424 3.526335 -1.471907
v 1.143074 3.565979 -1.478132
v 1.104249 3.565979 -1.488418
v 1.114921 3.523306 -1.517207
v 1.148055 3.523306 -1.508428
v 1.149463 3.557140 -1.513741
v 1.116328 3.557140 -1.522519
v 1.124837 3.520869 -1.545386
v 1.153392 3.520869 -1.537821
v 1.154605 3.550026 -1.542399
v 1.126050 3.550026 -1.549964
v 1.133457 3.518750 -1.569880
v 1.158031 3.518750 -1.563369
v 1.159075 3.543843 -1.567309
v 1.134501 3.543843 -1.573820
v 1.141225 3.516841 -1.591954
v 1.162211 3.516841 -1.586393
v 1.163103 3.538271 -1.589759
v 1.142116 3.538271 -1.595319
v 1.148375 3.515084 -1.612272
v 1.166059 3.515084 -1.607587
v 1.166811 3.533141 -1.610423
v 1.149126 3.533141 -1.615108
v 1.155050 3.513443 -1.631239
v 1.169651 3.513443 -1.627370
v 1.170272 3.528353 -1.629712
v 1.155670 3.528353 -1.633580
v 1.161342 3.511897 -1.649120
v 1.173038 3.511897 -1.646022
v 1.173535 3.523839 -1.647897
v 1.161839 3.523839 -1.650995
v 1.159342 3.531497 -1.408666
v 1.143218 3.531497 -1.371196
v 1.147507 3.572021 -1.369350
v 1.163631 3.572021 -1.406821
v 1.189756 3.531063 -1.391732
v 1.176425 3.531063 -1.360753
v 1.179971 3.564567 -1.359227
v 1.193302 3.564567 -1.390206
v 1.215909 3.530691 -1.377171
v 1.204980 3.530691 -1.351773
v 1.207887 3.558158 -1.350522
v 1.218816 3.558158 -1.375920
v 1.252805 3.534974 -1.361925
v 1.248822 3.535846 -1.339170
v 1.239374 3.556801 -1.341627
v 1.243358 3.555929 -1.364382
v 1.270855 3.542364 -1.359950
v 1.266566 3.543303 -1.335448
v 1.256394 3.565867 -1.338094
v 1.260682 3.564928 -1.362595
v 1.294136 3.551896 -1.357403
v 1.289452 3.552922 -1.330648
v 1.278344 3.577560 -1.333537
v 1.283027 3.576535 -1.360292
v 1.321631 3.563154 -1.354394
v 1.316482 3.564282 -1.324979
v 1.304268 3.591371 -1.328155
v 1.309418 3.590243 -1.357571
v 1.352756 3.575898 -1.350989
v 1.347080 3.577141 -1.318561
v 1.333616 3.607004 -1.322063
v 1.339293 3.605761 -1.354490
v 1.387118 3.589967 -1.347229
v 1.380859 3.591337 -1.311476
v 1.366015 3.624263 -1.315337
v 1.372274 3.622893 -1.351090
v 1.424428 3.605243 -1.343147
v 1.417537 3.606752 -1.303783
v 1.401194 3.643003 -1.308034
v 1.408084 3.641494 -1.347398
v 1.469142 3.729992 -1.257023
v 1.451559 3.740577 -1.253777
v 1.452769 3.748468 -1.272960
v 1.470351 3.737884 -1.276206
v 1.476415 3.744617 -1.252686
v 1.462173 3.753191 -1.250056
v 1.463153 3.759584 -1.265594
v 1.477394 3.751010 -1.268224
v 1.482598 3.757052 -1.248998
v 1.471197 3.763916 -1.246893
v 1.471981 3.769033 -1.259332
v 1.483383 3.762169 -1.261437
v 1.474220 3.646763 -1.366748
v 1.502247 3.646763 -1.333130
v 1.476985 3.683365 -1.316390
v 1.456137 3.683659 -1.351672
v 1.501068 3.669117 -1.389029
v 1.528994 3.669117 -1.355531
v 1.510976 3.705883 -1.340509
v 1.483049 3.705883 -1.374007
v 1.527671 3.691269 -1.411108
v 1.555499 3.691269 -1.377728
v 1.537544 3.727904 -1.362759
v 1.509716 3.727904 -1.396139
v 1.554117 3.713290 -1.433056
v 1.581847 3.713290 -1.399794
v 1.563955 3.749795 -1.384878
v 1.536225 3.749795 -1.418140
v 1.580447 3.735214 -1.454908
v 1.608079 3.735214 -1.421764
v 1.590251 3.771591 -1.406900
v 1.562618 3.771591 -1.440044
v 1.606685 3.757061 -1.476683
v 1.634219 3.757061 -1.443656
v 1.616454 3.793309 -1.428844
v 1.588919 3.793309 -1.461872
v 1.632846 3.778844 -1.498395
v 1.660283 3.778844 -1.465484
v 1.642580 3.814965 -1.450725
v 1.615142 3.814965 -1.483636
v 1.658942 3.800573 -1.520053
v 1.686282 3.800573 -1.487258
v 1.668642 3.836566 -1.472551
v 1.641301 3.836566 -1.505345
v 1.684980 3.822254 -1.541663
v 1.712224 3.822254 -1.508984
v 1.694646 3.858120 -1.494329
v 1.667402 3.858120 -1.527008
v 1.764822 3.887389 -1.562944
v 1.769475 3.887389 -1.531607
v 1.748449 3.910880 -1.528484
v 1.743795 3.910880 -1.559822
v 1.783623 3.907800 -1.563063
v 1.787500 3.907800 -1.536957
v 1.769984 3.927370 -1.534356
v 1.766107 3.927370 -1.560462
v 1.798672 3.924138 -1.563157
v 1.801926 3.924138 -1.541240
v 1.787220 3.940567 -1.539056
v 1.783966 3.940567 -1.560973
v 1.811706 3.938289 -1.563239
v 1.814422 3.938289 -1.544949
v 1.802150 3.951999 -1.543126
v 1.799434 3.951999 -1.561417
v 1.823422 3.951008 -1.563313
v 1.825654 3.951008 -1.548283
v 1.815570 3.962275 -1.546786
v 1.813338 3.962275 -1.561815
v 1.834184 3.962692 -1.563380
v 1.835971 3.962692 -1.551346
v 1.827897 3.971713 -1.550147
v 1.826110 3.971713 -1.562181
v 1.844213 3.973579 -1.563443
v 1.845586 3.973579 -1.554200
v 1.839384 3.980509 -1.553279
v 1.838011 3.980509 -1.562522
v 1.707847 3.845054 -1.597260
v 1.742933 3.845054 -1.591079
v 1.742809 3.880673 -1.590377
v 1.707723 3.880673 -1.596558
v 1.715523 3.847730 -1.629190
v 1.746631 3.847730 -1.623710
v 1.746521 3.879311 -1.623087
v 1.715413 3.879311 -1.628568
v 1.721990 3.849984 -1.656091
v 1.749747 3.849984 -1.651201
v 1.749649 3.878163 -1.650646
v 1.721892 3.878163 -1.655536
v 1.727779 3.852003 -1.680172
v 1.752536 3.852003 -1.675810
v 1.752449 3.877136 -1.675315
v 1.727691 3.877136 -1.679676
v 1.733111 3.853861 -1.702351
v 1.755105 3.853861 -1.698476
v 1.755027 3.876189 -1.698036
v 1.733033 3.876189 -1.701911
v 1.738104 3.855602 -1.723124
v 1.757511 3.855602 -1.719705
v 1.757442 3.875303 -1.719316
v 1.738036 3.875303 -1.722735
v 1.742833 3.857250 -1.742795
v 1.759789 3.857250 -1.739808
v 1.759729 3.874464 -1.739469
v 1.742773 3.874464 -1.742456
v 0.365728 3.113243 -0.493962
v 0.443560 3.113243 -0.439706
v 0.420987 3.211240 -0.409849
v 0.352495 3.211240 -0.463531
v 0.420280 3.132665 -0.584461
v 0.509599 3.132665 -0.522198
v 0.494345 3.238226 -0.500316
v 0.405026 3.238226 -0.562579
v 0.358613 3.219183 -0.339928
v 0.299463 3.219183 -0.393035
v 0.353816 3.284711 -0.450304
v 0.409716 3.284711 -0.400114
v 0.359541 3.286537 -0.344231
v 0.303641 3.286537 -0.394420
v 0.355010 3.348594 -0.448538
v 0.407833 3.348594 -0.401112
v 0.360420 3.350319 -0.348305
v 0.307598 3.350319 -0.395731
v 0.360370 3.467300 -0.357244
v 0.316491 3.467300 -0.396640
v 0.349160 3.478683 -0.435504
v 0.395501 3.478683 -0.393897
v 0.348825 3.518309 -0.344703
v 0.305262 3.518309 -0.383816
v 0.343850 3.527864 -0.426795
v 0.387413 3.527864 -0.387683
v 0.343649 3.564112 -0.341508
v 0.302641 3.564112 -0.378326
v 0.338965 3.573106 -0.418784
v 0.379973 3.573106 -0.381966
v 0.338745 3.607503 -0.338481
v 0.300158 3.607503 -0.373125
v 0.334338 3.615966 -0.411195
v 0.372924 3.615966 -0.376551
v 0.334034 3.649186 -0.335574
v 0.297773 3.649186 -0.368130
v 0.329893 3.657139 -0.403904
v 0.366153 3.657139 -0.371349
v 0.319531 3.715153 -0.319417
v 0.283266 3.715153 -0.351976
v 0.312055 3.737919 -0.384042
v 0.348320 3.737919 -0.351482
v 0.305198 3.755704 -0.300623
v 0.266121 3.755704 -0.335708
v 0.297142 3.780235 -0.370259
v 0.336219 3.780235 -0.335175
v 0.289557 3.799950 -0.280117
v 0.247412 3.799950 -0.317956
v 0.280869 3.826408 -0.355221
v 0.323015 3.826408 -0.317382
v 0.198001 3.886564 -0.310603
v 0.232202 3.886564 -0.360328
v 0.268755 3.927478 -0.335187
v 0.234554 3.927478 -0.285462
v 0.165094 3.930561 -0.333614
v 0.198942 3.930561 -0.382826
v 0.235119 3.971054 -0.357944
v 0.201270 3.971054 -0.308732
v 0.132785 3.973758 -0.356207
v 0.166288 3.973758 -0.404916
v 0.202094 4.013837 -0.380288
v 0.168592 4.013837 -0.331579
v 0.100859 4.016444 -0.378532
v 0.134019 4.016444 -0.426744
v 0.169460 4.056114 -0.402368
v 0.136300 4.056114 -0.354156
v 0.069213 4.058754 -0.400661
v 0.102034 4.058754 -0.448380
v 0.137113 4.098019 -0.424253
v 0.104292 4.098019 -0.376534
v 0.037790 4.100768 -0.422634
v 0.070275 4.100768 -0.469864
v 0.104994 4.139630 -0.445984
v 0.072509 4.139630 -0.398755
v -0.041420 4.398691 -0.457266
v -0.026691 4.391355 -0.476732
v -0.006113 4.399991 -0.464417
v -0.020842 4.407328 -0.444950
v -0.043105 4.420136 -0.467734
v -0.029356 4.413288 -0.485905
v -0.010147 4.421350 -0.474409
v -0.023896 4.428198 -0.456238
v -0.044582 4.438938 -0.476911
v -0.031692 4.432517 -0.493947
v -0.013684 4.440074 -0.483169
v -0.026574 4.446496 -0.466134
v -0.045939 4.456203 -0.485339
v -0.033838 4.450175 -0.501332
v -0.016932 4.457271 -0.491214
v -0.029033 4.463299 -0.475222
v -0.047212 4.472411 -0.493251
v -0.035852 4.466752 -0.508265
v -0.019981 4.473413 -0.498766
v -0.031341 4.479073 -0.483753
v -0.048423 4.487822 -0.500774
v -0.037768 4.482514 -0.514857
v -0.022880 4.488762 -0.505947
v -0.033536 4.494071 -0.491864
v -0.049585 4.502602 -0.507988
v -0.039604 4.497630 -0.521178
v -0.025660 4.503482 -0.512834
v -0.035641 4.508453 -0.499643
v -0.050705 4.516860 -0.514948
v -0.041376 4.512213 -0.527277
v -0.028343 4.517684 -0.519477
v -0.037672 4.522331 -0.507148
v -0.051791 4.530679 -0.521694
v -0.043094 4.526347 -0.533188
v -0.030942 4.531446 -0.525916
v -0.039640 4.535779 -0.514422
v 0.279438 3.899036 -0.351958
v 0.319924 3.899036 -0.315608
v 0.286776 3.921365 -0.278688
v 0.246290 3.921365 -0.315038
v 0.291865 3.940269 -0.361772
v 0.328347 3.940269 -0.329017
v 0.298477 3.960389 -0.295748
v 0.261995 3.960389 -0.328503
v 0.260455 3.992274 -0.381791
v 0.295915 3.992274 -0.401612
v 0.304322 4.029062 -0.386571
v 0.263294 4.032859 -0.361582
v 0.244784 4.009655 -0.412292
v 0.278144 4.009655 -0.430939
v 0.286054 4.044263 -0.416789
v 0.252694 4.044263 -0.398142
v 0.230888 4.025067 -0.439340
v 0.262386 4.025067 -0.456945
v 0.269853 4.057744 -0.443585
v 0.238356 4.057744 -0.425979
v 0.218032 4.039326 -0.464363
v 0.247806 4.039326 -0.481005
v 0.254866 4.070215 -0.468376
v 0.225092 4.070215 -0.451734
v 0.205898 4.052784 -0.487981
v 0.234046 4.052784 -0.503715
v 0.240719 4.081986 -0.491775
v 0.212572 4.081986 -0.476042
v 0.194309 4.065638 -0.510537
v 0.220904 4.065638 -0.525402
v 0.227209 4.093228 -0.514122
v 0.200615 4.093228 -0.499257
v 0.183156 4.078009 -0.532247
v 0.208255 4.078009 -0.546276
v 0.214206 4.104048 -0.535629
v 0.189107 4.104048 -0.521600
v 0.172362 4.089981 -0.553256
v 0.196015 4.089981 -0.566477
v 0.201622 4.114519 -0.556444
v 0.177970 4.114519 -0.543224
v 0.161873 4.101614 -0.573673
v 0.184119 4.101614 -0.586108
v 0.189394 4.124694 -0.576671
v 0.167147 4.124694 -0.564237
v 0.174253 4.129360 -0.621871
v 0.190250 4.129360 -0.607508
v 0.180975 4.149441 -0.597196
v 0.164996 4.149441 -0.611542
v 0.184139 4.146535 -0.631572
v 0.198834 4.146535 -0.618378
v 0.190047 4.161266 -0.608591
v 0.175352 4.161266 -0.621785
v 0.192638 4.158159 -0.639894
v 0.206195 4.158159 -0.627722
v 0.198089 4.171750 -0.618693
v 0.184532 4.171750 -0.630865
v 0.200501 4.168911 -0.647592
v 0.213005 4.168911 -0.636365
v 0.205528 4.181447 -0.628037
v 0.193024 4.181447 -0.639264
v 0.207921 4.179059 -0.654857
v 0.219431 4.179059 -0.644522
v 0.212548 4.190598 -0.636856
v 0.201037 4.190598 -0.647191
v 0.215006 4.188749 -0.661794
v 0.225568 4.188749 -0.652311
v 0.219252 4.199337 -0.645277
v 0.208690 4.199337 -0.654760
v 0.243093 4.003859 -0.368305
v 0.266951 4.003859 -0.397666
v 0.281585 4.036657 -0.385776
v 0.219430 4.024291 -0.389842
v 0.241028 4.024291 -0.416422
v 0.254275 4.053982 -0.405658
v 0.232678 4.053982 -0.379078
v 0.199668 4.041356 -0.407830
v 0.219378 4.041356 -0.432086
v 0.231467 4.068452 -0.422263
v 0.211757 4.068452 -0.398006
v 0.182076 4.056546 -0.423841
v 0.200105 4.056546 -0.446029
v 0.211164 4.081332 -0.437044
v 0.193134 4.081332 -0.414855
v 0.165940 4.070479 -0.438527
v 0.182428 4.070479 -0.458819
v 0.192542 4.093146 -0.450601
v 0.176053 4.093146 -0.430309
v 0.150877 4.083485 -0.452237
v 0.165927 4.083485 -0.470757
v 0.175158 4.104174 -0.463257
v 0.160108 4.104174 -0.444736
v 0.136652 4.095768 -0.465184
v 0.150343 4.095768 -0.482032
v 0.158740 4.114590 -0.475209
v 0.145049 4.114590 -0.458360
v 0.123107 4.107464 -0.477512
v 0.135504 4.107464 -0.492769
v 0.143107 4.124507 -0.486590
v 0.130710 4.124507 -0.471334
v 0.110128 4.118670 -0.489324
v 0.121286 4.118670 -0.503055
v 0.128129 4.134009 -0.497495
v 0.116972 4.134009 -0.483764
v 0.097634 4.129459 -0.500696
v 0.107598 4.129459 -0.512958
v 0.113710 4.143157 -0.507992
v 0.103746 4.143157 -0.495730
v 0.168794 4.105208 -0.615808
v 0.184809 4.105208 -0.601429
v 0.180931 4.099582 -0.627967
v 0.195595 4.099582 -0.614802
v 0.200321 4.117976 -0.620066
v 0.185657 4.117976 -0.633232
v 0.191940 4.094479 -0.638997
v 0.205379 4.094479 -0.626932
v 0.209710 4.111335 -0.631756
v 0.196271 4.111335 -0.643821
v 0.202276 4.089688 -0.649351
v 0.214564 4.089688 -0.638319
v 0.218524 4.105102 -0.642730
v 0.206236 4.105102 -0.653762
v -0.008036 4.206163 -0.444722
v 0.015472 4.215025 -0.487007
v 0.056480 4.225597 -0.461993
v 0.032973 4.216736 -0.419708
v -0.015244 4.243852 -0.443806
v 0.005819 4.251792 -0.481693
v 0.042563 4.261265 -0.459281
v 0.021500 4.253325 -0.421393
v -0.021552 4.276834 -0.443004
v -0.002628 4.283967 -0.477043
v 0.030383 4.292478 -0.456908
v 0.011460 4.285344 -0.422868
v -0.027338 4.307087 -0.442269
v -0.010377 4.313480 -0.472778
v 0.019211 4.321109 -0.454730
v 0.002250 4.314715 -0.424221
v -0.032764 4.335461 -0.441579
v -0.017644 4.341161 -0.468777
v 0.008733 4.347961 -0.452688
v -0.006387 4.342261 -0.425490
v 0.341464 3.424637 -0.338664
v 0.300048 3.424637 -0.375849
v 0.321379 3.453032 -0.322550
v 0.286183 3.453032 -0.354150
v 0.307277 3.488250 -0.377644
v 0.342473 3.488250 -0.346044
v 0.285157 3.491889 -0.290858
v 0.258563 3.491889 -0.314735
v 0.271552 3.525387 -0.324655
v 0.293625 3.525387 -0.304837
v 0.267589 3.505471 -0.273790
v 0.243480 3.505471 -0.295436
v 0.252847 3.534680 -0.305869
v 0.276956 3.534680 -0.284223
v 0.242860 3.562282 -0.255662
v 0.228111 3.562282 -0.268903
v 0.241266 3.564553 -0.283554
v 0.256014 3.564553 -0.270313
v 0.241432 3.578606 -0.257616
v 0.230208 3.578606 -0.267693
v 0.240219 3.580335 -0.278843
v 0.251443 3.580335 -0.268766
v 0.240285 3.591717 -0.259186
v 0.231892 3.591717 -0.266722
v 0.239378 3.593010 -0.275060
v 0.247771 3.593010 -0.267524
v 0.239289 3.603099 -0.260549
v 0.233354 3.603099 -0.265878
v 0.238648 3.604014 -0.271775
v 0.244583 3.604014 -0.266445
v 0.226888 3.535525 -0.235842
v 0.210121 3.535525 -0.250896
v 0.215963 3.556293 -0.257402
v 0.232730 3.556293 -0.242348
v 0.214145 3.544627 -0.224250
v 0.199964 3.544627 -0.236982
v 0.204905 3.562191 -0.242485
v 0.219086 3.562191 -0.229753
v 0.203834 3.551992 -0.214871
v 0.191746 3.551992 -0.225724
v 0.195958 3.566964 -0.230414
v 0.208045 3.566964 -0.219562
v 0.194840 3.558416 -0.206690
v 0.184578 3.558416 -0.215904
v 0.188154 3.571126 -0.219886
v 0.198416 3.571126 -0.210672
v 0.186715 3.564219 -0.199299
v 0.178102 3.564219 -0.207032
v 0.181103 3.574887 -0.210374
v 0.189715 3.574887 -0.202641
v 0.179220 3.569573 -0.192481
v 0.172128 3.569573 -0.198848
v 0.174599 3.578357 -0.201600
v 0.181690 3.578357 -0.195233
v 0.172212 3.574579 -0.186106
v 0.166543 3.574579 -0.191196
v 0.168518 3.581600 -0.193396
v 0.174187 3.581600 -0.188306
v 0.289384 3.533025 -0.339969
v 0.306937 3.533025 -0.324210
v 0.288149 3.544942 -0.309015
v 0.276294 3.544942 -0.319659
v 0.286544 3.549238 -0.331075
v 0.298399 3.549238 -0.320431
v 0.285290 3.559414 -0.310367
v 0.277945 3.559414 -0.316961
v 0.284295 3.562075 -0.324033
v 0.291639 3.562075 -0.317439
v 0.219518 2.976988 -0.290032
v 0.259872 3.004171 -0.288038
v 0.234069 3.041124 -0.269598
v 0.193715 3.013941 -0.271592
v 0.208454 2.982299 -0.337692
v 0.262324 3.018587 -0.335031
v 0.227879 3.067916 -0.310414
v 0.174008 3.031629 -0.313076
v 0.182447 2.970536 -0.437422
v 0.259325 2.970536 -0.409988
v 0.197345 3.039079 -0.479168
v 0.204420 2.935351 -0.491969
v 0.276850 2.935351 -0.466121
v 0.290886 2.999929 -0.505452
v 0.218455 2.999929 -0.531300
v 0.203910 2.891728 -0.555757
v 0.274206 2.861959 -0.573909
v 0.287961 2.923177 -0.621032
v 0.217665 2.952945 -0.602879
v 0.175362 2.860295 -0.598761
v 0.252290 2.827718 -0.618627
v 0.267343 2.894710 -0.670195
v 0.190415 2.927287 -0.650329
v 0.164865 3.035691 -0.854078
v 0.204053 3.035691 -0.860116
v 0.207299 3.067032 -0.833849
v 0.169314 3.067032 -0.827372
v 0.162344 3.059394 -0.874791
v 0.198161 3.059394 -0.880898
v 0.202203 3.086636 -0.857198
v 0.166385 3.086636 -0.851091
v 0.159807 3.079479 -0.895852
v 0.193576 3.079479 -0.901610
v 0.197386 3.105163 -0.879265
v 0.163617 3.105163 -0.873507
v -0.008403 3.136854 -0.967588
v 0.005309 3.136854 -0.991563
v 0.014651 3.162290 -0.986219
v 0.000939 3.162290 -0.962245
v -0.024787 3.147099 -0.978918
v -0.012764 3.147099 -0.999939
v -0.004572 3.169402 -0.995254
v -0.016595 3.169402 -0.974233
v -0.038851 3.155895 -0.988645
v -0.028278 3.155895 -1.007130
v -0.021074 3.175507 -1.003010
v -0.031647 3.175507 -0.984525
v -0.051594 3.163863 -0.997457
v -0.042335 3.163863 -1.013646
v -0.036026 3.181038 -1.010038
v -0.045285 3.181038 -0.993849
v -0.063436 3.171268 -1.005646
v -0.055398 3.171268 -1.019701
v -0.049921 3.186179 -1.016568
v -0.057959 3.186179 -1.002514
v 0.141275 3.094114 -0.913958
v 0.153367 3.109614 -0.939704
v 0.152266 3.137576 -0.923387
v 0.140174 3.122076 -0.897641
v 0.112535 3.099005 -0.924421
v 0.124679 3.114574 -0.950280
v 0.123573 3.142658 -0.933892
v 0.111429 3.127090 -0.908032
v 0.083627 3.103925 -0.934945
v 0.095825 3.119562 -0.960918
v 0.094715 3.147770 -0.944457
v 0.082517 3.132133 -0.918484
v 0.054612 3.108864 -0.945509
v 0.066863 3.124570 -0.971596
v 0.065747 3.152902 -0.955062
v 0.053496 3.137196 -0.928975
v 0.020117 3.161448 -0.999740
v 0.047529 3.161448 -0.997774
v 0.045992 3.178594 -0.976352
v 0.018580 3.178594 -0.978319
v 0.022704 3.181891 -1.013910
v 0.046991 3.181891 -1.012167
v 0.045630 3.197084 -0.993187
v 0.021342 3.197084 -0.994929
v 0.024856 3.198902 -1.025700
v 0.046544 3.198902 -1.024144
v 0.045328 3.212469 -1.007195
v 0.023640 3.212469 -1.008751
v 0.026767 3.214009 -1.036171
v 0.046147 3.214009 -1.034780
v 0.045061 3.226132 -1.019635
v 0.025680 3.226132 -1.021025
v 0.028517 3.227840 -1.045757
v 0.045784 3.227840 -1.044519
v 0.044816 3.238641 -1.031025
v 0.027549 3.238641 -1.032264
v 0.030148 3.240734 -1.054694
v 0.045445 3.240734 -1.053597
v 0.044587 3.250303 -1.041643
v 0.029291 3.250303 -1.042740
v 0.031687 3.252897 -1.063124
v 0.045125 3.252897 -1.062160
v 0.044372 3.261303 -1.051658
v 0.030934 3.261303 -1.052623
v 0.033151 3.264467 -1.071144
v 0.044821 3.264467 -1.070306
v 0.044167 3.271767 -1.061186
v 0.032497 3.271767 -1.062023
v 0.155175 2.891159 -0.762100
v 0.246863 2.885641 -0.767653
v 0.231393 2.934657 -0.704077
v 0.157038 2.934657 -0.701781
v 0.160647 2.938610 -0.788729
v 0.222426 2.938610 -0.790637
v 0.223974 2.974751 -0.740519
v 0.162194 2.974751 -0.738612
v 0.165365 2.979530 -0.811693
v 0.216300 2.979530 -0.813266
v 0.217576 3.009327 -0.771946
v 0.166641 3.009327 -0.770373
v 0.166848 2.995578 -0.840168
v 0.207238 2.995578 -0.845766
v 0.162383 2.981781 -0.873528
v 0.202461 2.981781 -0.879083
v 0.200332 3.019152 -0.894445
v 0.160254 3.019152 -0.888890
v 0.157963 2.968121 -0.906556
v 0.197731 2.968121 -0.912068
v 0.195619 3.005204 -0.927312
v 0.155850 3.005204 -0.921800
v 0.153571 2.954549 -0.939371
v 0.193033 2.954549 -0.944840
v 0.190936 2.991345 -0.959966
v 0.151474 2.991345 -0.954497
v 0.161164 2.944378 -1.034642
v 0.195214 2.946289 -1.027930
v 0.192885 2.980913 -1.025968
v 0.158835 2.979002 -1.032680
v 0.168669 2.948212 -1.065713
v 0.199658 2.949950 -1.059605
v 0.197538 2.981462 -1.057819
v 0.166549 2.979723 -1.063928
v 0.175167 2.951531 -1.092616
v 0.203505 2.953121 -1.087030
v 0.201567 2.981937 -1.085397
v 0.173228 2.980347 -1.090984
v 0.181087 2.954555 -1.117126
v 0.207011 2.956009 -1.112015
v 0.205237 2.982370 -1.110522
v 0.179313 2.980916 -1.115632
v 0.186611 2.957376 -1.139996
v 0.210282 2.958704 -1.135330
v 0.208663 2.982775 -1.133966
v 0.184991 2.981447 -1.138633
v 0.191838 2.960047 -1.161640
v 0.213377 2.961255 -1.157394
v 0.211904 2.983157 -1.156154
v 0.190365 2.981949 -1.160400
v 0.196832 2.962597 -1.182315
v 0.216334 2.963691 -1.178471
v 0.215000 2.983522 -1.177347
v 0.195498 2.982429 -1.181192
v 0.202485 2.977746 -1.221753
v 0.219871 2.979397 -1.220299
v 0.217685 2.993669 -1.210368
v 0.200300 2.992018 -1.211823
v 0.202875 2.987722 -1.235708
v 0.219927 2.989341 -1.234281
v 0.217783 3.003339 -1.224541
v 0.200732 3.001721 -1.225968
v 0.203247 2.997217 -1.248990
v 0.219981 2.998805 -1.247590
v 0.217877 3.012543 -1.238031
v 0.201143 3.010954 -1.239431
v 0.203606 3.006412 -1.261853
v 0.220033 3.007971 -1.260478
v 0.217968 3.021457 -1.251095
v 0.201541 3.019897 -1.252469
v 0.203957 3.015390 -1.274412
v 0.220084 3.016921 -1.273063
v 0.218057 3.030160 -1.263851
v 0.201930 3.028629 -1.265200
v 0.204302 3.024200 -1.286736
v 0.220134 3.025703 -1.285411
v 0.218144 3.038700 -1.276367
v 0.202311 3.037197 -1.277692
v 0.204641 3.032872 -1.298866
v 0.220183 3.034347 -1.297566
v 0.218229 3.047107 -1.288688
v 0.202687 3.045631 -1.289988
v 0.204975 3.041427 -1.310834
v 0.220232 3.042876 -1.309557
v 0.218314 3.055400 -1.300843
v 0.203057 3.053952 -1.302119
v 0.205306 3.049882 -1.322661
v 0.220280 3.051303 -1.321408
v 0.218397 3.063596 -1.312855
v 0.203423 3.062175 -1.314108
v 0.205633 3.058249 -1.334365
v 0.220327 3.059643 -1.333135
v 0.218480 3.071706 -1.324742
v 0.203786 3.070312 -1.325971
v 0.189016 2.802093 -0.792252
v 0.263241 2.802093 -0.767985
v 0.189972 2.880123 -0.795175
v 0.212865 2.804421 -0.849836
v 0.278015 2.804421 -0.828537
v 0.278854 2.872911 -0.831103
v 0.213704 2.872911 -0.852402
v 0.233040 2.806390 -0.898549
v 0.290513 2.806390 -0.879759
v 0.291253 2.866809 -0.882023
v 0.233780 2.866809 -0.900813
v 0.251147 2.808158 -0.942268
v 0.301729 2.808158 -0.925731
v 0.302381 2.861334 -0.927723
v 0.251798 2.861334 -0.944260
v 0.267856 2.809789 -0.982614
v 0.312080 2.809789 -0.968155
v 0.312650 2.856280 -0.969897
v 0.268426 2.856280 -0.984355
v 0.283530 2.811319 -1.020460
v 0.321790 2.811319 -1.007951
v 0.322283 2.851540 -1.009458
v 0.284023 2.851540 -1.021966
v 0.192852 2.766281 -0.107099
v 0.159430 2.810181 -0.163768
v 0.234334 2.799644 -0.160914
v 0.233168 2.799644 -0.107441
v 0.200039 2.841627 -0.108164
v 0.201205 2.841627 -0.161636
v 0.270991 2.830020 -0.159003
v 0.269874 2.830020 -0.107753
v 0.238122 2.870258 -0.108445
v 0.239239 2.870258 -0.159695
v 0.305488 2.858605 -0.157204
v 0.304416 2.858605 -0.108046
v 0.273960 2.897200 -0.108710
v 0.275032 2.897200 -0.157868
v 0.338462 2.885928 -0.155485
v 0.337433 2.885928 -0.108327
v 0.308216 2.922954 -0.108964
v 0.309244 2.922954 -0.156122
v 0.370270 2.912286 -0.153826
v 0.369284 2.912286 -0.108597
v 0.341262 2.947798 -0.109208
v 0.342248 2.947798 -0.154437
v 0.401142 2.937867 -0.152217
v 0.400197 2.937867 -0.108859
v 0.373335 2.971909 -0.109445
v 0.374280 2.971909 -0.152803
v 0.431234 2.962803 -0.150648
v 0.430329 2.962803 -0.109115
v 0.404597 2.995412 -0.109676
v 0.405502 2.995412 -0.151209
v 0.460660 2.987186 -0.149114
v 0.459794 2.987186 -0.109365
v 0.435167 3.018394 -0.109902
v 0.436034 3.018394 -0.149651
v 0.502035 3.027299 -0.085944
v 0.467978 3.027299 -0.080228
v 0.465705 3.058987 -0.093765
v 0.500772 3.060947 -0.106122
v 0.505569 3.041321 -0.057035
v 0.474077 3.041321 -0.051749
v 0.471976 3.070622 -0.064267
v 0.503467 3.070622 -0.069553
v 0.508760 3.053984 -0.030926
v 0.479585 3.053984 -0.026029
v 0.477639 3.081129 -0.037626
v 0.506814 3.081129 -0.042523
v 0.511748 3.065839 -0.006484
v 0.484742 3.065839 -0.001951
v 0.482940 3.090966 -0.012686
v 0.509946 3.090966 -0.017219
v 0.514593 3.077126 0.016789
v 0.489652 3.077126 0.020975
v 0.487988 3.100332 0.011061
v 0.512929 3.100332 0.006875
v 0.498754 3.062907 -0.148825
v 0.466017 3.067557 -0.109759
v 0.462990 3.067557 -0.145822
v 0.502264 3.095470 -0.148364
v 0.505166 3.095470 -0.113801
v 0.470889 3.099926 -0.110923
v 0.467987 3.099926 -0.145487
v 0.505543 3.125883 -0.147934
v 0.508327 3.125883 -0.114771
v 0.475439 3.130159 -0.112011
v 0.472655 3.130159 -0.145174
v 0.508680 3.154981 -0.147523
v 0.511352 3.154981 -0.115700
v 0.479793 3.159084 -0.113051
v 0.477121 3.159084 -0.144874
v 0.511716 3.183138 -0.147125
v 0.514279 3.183138 -0.116599
v 0.484005 3.187074 -0.114057
v 0.481443 3.187074 -0.144583
v 0.514673 3.210567 -0.146737
v 0.517130 3.210567 -0.117474
v 0.488109 3.214340 -0.115038
v 0.485653 3.214340 -0.144301
v 0.520274 3.274146 -0.165280
v 0.537095 3.274146 -0.150178
v 0.524361 3.286301 -0.135994
v 0.507540 3.286301 -0.151097
v 0.528882 3.294502 -0.172890
v 0.543736 3.294502 -0.159553
v 0.532491 3.305235 -0.147028
v 0.517637 3.305235 -0.160365
v 0.535719 3.310671 -0.178934
v 0.549011 3.310671 -0.167000
v 0.538949 3.320275 -0.155793
v 0.525657 3.320275 -0.167727
v 0.541613 3.324608 -0.184143
v 0.553558 3.324608 -0.173419
v 0.544515 3.333239 -0.163347
v 0.532570 3.333239 -0.174072
v 0.546891 3.337090 -0.188809
v 0.557630 3.337090 -0.179168
v 0.549501 3.344849 -0.170113
v 0.538762 3.344849 -0.179755
v 0.551726 3.348522 -0.193083
v 0.561360 3.348522 -0.184433
v 0.554067 3.355483 -0.176310
v 0.544433 3.355483 -0.184960
v 0.556220 3.359150 -0.197056
v 0.564827 3.359150 -0.189328
v 0.558312 3.365369 -0.182071
v 0.549705 3.365369 -0.189799
v 0.560443 3.369135 -0.200788
v 0.568085 3.369135 -0.193927
v 0.562300 3.374657 -0.187483
v 0.554658 3.374657 -0.194344
v 0.564441 3.378589 -0.204322
v 0.571169 3.378589 -0.198281
v 0.566076 3.383451 -0.192608
v 0.559347 3.383451 -0.198649
v 0.568249 3.387595 -0.207689
v 0.574107 3.387595 -0.202429
v 0.569673 3.391828 -0.197490
v 0.563815 3.391828 -0.202749
v 0.571895 3.396217 -0.210912
v 0.576920 3.396217 -0.206400
v 0.573116 3.399848 -0.202163
v 0.568092 3.399848 -0.206675
v 0.575400 3.404504 -0.214009
v 0.579624 3.404504 -0.210217
v 0.576426 3.407556 -0.206655
v 0.572202 3.407556 -0.210448
v 0.578779 3.412495 -0.216996
v 0.582231 3.412495 -0.213897
v 0.579618 3.414989 -0.210987
v 0.576166 3.414989 -0.214086
v 0.504570 3.128487 0.021168
v 0.520418 3.128487 0.035397
v 0.504231 3.125509 0.050683
v 0.490838 3.125509 0.035847
v 0.504820 3.148798 0.021891
v 0.519672 3.148798 0.035226
v 0.506339 3.149092 0.050077
v 0.491487 3.149092 0.036742
v 0.505039 3.166566 0.022524
v 0.519020 3.166566 0.035076
v 0.506469 3.166842 0.049055
v 0.492488 3.166842 0.036503
v 0.505240 3.182861 0.023104
v 0.518422 3.182861 0.034939
v 0.506588 3.183121 0.048119
v 0.493406 3.183121 0.036284
v 0.505428 3.198141 0.023648
v 0.517861 3.198141 0.034810
v 0.506700 3.198387 0.047241
v 0.494268 3.198387 0.036079
v 0.505607 3.212659 0.024165
v 0.517328 3.212659 0.034687
v 0.506806 3.212891 0.046406
v 0.495086 3.212891 0.035884
v 0.505779 3.226572 0.024660
v 0.516817 3.226572 0.034570
v 0.506908 3.226790 0.045607
v 0.495870 3.226790 0.035697
v 0.505944 3.239987 0.025137
v 0.516324 3.239987 0.034457
v 0.507006 3.240192 0.044836
v 0.496626 3.240192 0.035516
v 0.506104 3.252981 0.025600
v 0.515847 3.252981 0.034347
v 0.507101 3.253174 0.044089
v 0.497358 3.253174 0.035342
v 0.506260 3.265613 0.026050
v 0.515383 3.265613 0.034241
v 0.507193 3.265793 0.043363
v 0.498070 3.265793 0.035172
v 0.497286 3.267635 -0.107093
v 0.481712 3.267635 -0.121076
v 0.494648 3.275578 -0.135483
v 0.510221 3.275578 -0.121501
v 0.492534 3.284824 -0.104543
v 0.479687 3.284824 -0.116077
v 0.490358 3.291378 -0.127963
v 0.503205 3.291378 -0.116429
v 0.488700 3.298693 -0.102486
v 0.478053 3.298693 -0.112045
v 0.486897 3.304124 -0.121895
v 0.497544 3.304124 -0.112336
v 0.485363 3.310767 -0.100695
v 0.476631 3.310767 -0.108535
v 0.483884 3.315221 -0.116613
v 0.492616 3.315221 -0.108773
v 0.482351 3.321661 -0.099079
v 0.475348 3.321661 -0.105367
v 0.481165 3.325233 -0.111847
v 0.488169 3.325233 -0.105559
v 0.479577 3.331698 -0.097590
v 0.474165 3.331698 -0.102449
v 0.478660 3.334458 -0.107456
v 0.484072 3.334458 -0.102597
v 0.491343 3.108846 0.057861
v 0.480406 3.108846 0.042418
v 0.482635 3.120506 0.062339
v 0.473291 3.120506 0.049145
v 0.482628 3.131929 0.042533
v 0.491971 3.131929 0.055727
v 0.475169 3.130502 0.066178
v 0.467191 3.130502 0.054913
v 0.475163 3.140255 0.049268
v 0.483141 3.140255 0.060532
v 0.468411 3.139551 0.069653
v 0.461670 3.139551 0.060134
v 0.468406 3.147793 0.055364
v 0.475147 3.147793 0.064883
v -0.098914 2.395133 -0.025785
v -0.004201 2.395133 -0.005846
v -0.017297 2.468121 0.056360
v -0.112010 2.468121 0.036420
v -0.085469 2.453642 -0.092528
v 0.010405 2.453642 -0.072344
v -0.002852 2.527524 -0.009376
v -0.098726 2.527524 -0.029560
v 0.033641 2.480071 -0.034909
v -0.060525 2.480071 -0.017784
v -0.056755 2.573434 0.002944
v 0.037411 2.573434 -0.014181
v 0.047628 2.462121 0.050017
v -0.043717 2.462121 0.066628
v -0.040060 2.552687 0.086735
v 0.051285 2.552687 0.070124
v 0.060696 2.445351 0.129360
v -0.028013 2.445351 0.145492
v -0.024462 2.533303 0.165019
v 0.064247 2.533303 0.148887
v 0.073200 2.429304 0.205282
v -0.012987 2.429304 0.220955
v -0.009537 2.514755 0.239927
v 0.076650 2.514755 0.224253
v 0.085301 2.413774 0.278757
v 0.001556 2.413774 0.293987
v 0.004908 2.496806 0.312421
v 0.088653 2.496806 0.297191
v 0.097090 2.398645 0.350340
v 0.015723 2.398645 0.365137
v 0.018980 2.479318 0.383048
v 0.100348 2.479318 0.368251
v 0.108627 2.383840 0.420386
v 0.029587 2.383840 0.434760
v 0.032751 2.462206 0.452159
v 0.111791 2.462206 0.437785
v 0.119951 2.369307 0.489144
v 0.043195 2.369307 0.503102
v 0.046268 2.445409 0.519998
v 0.123024 2.445409 0.506040
v 0.131093 2.355009 0.556794
v 0.056584 2.355009 0.570344
v 0.059567 2.428882 0.586745
v 0.134075 2.428882 0.573195
v 0.239712 2.372530 0.635779
v 0.223976 2.372530 0.700632
v 0.209163 2.437500 0.697038
v 0.224898 2.437500 0.632185
v 0.308770 2.391387 0.654610
v 0.293985 2.391387 0.715545
v 0.280066 2.452433 0.712168
v 0.294852 2.452433 0.651233
v 0.366983 2.407283 0.670483
v 0.353000 2.407283 0.728116
v 0.339836 2.465020 0.724922
v 0.353819 2.465020 0.667289
v 0.419111 2.421518 0.684697
v 0.405845 2.421518 0.739372
v 0.393357 2.476291 0.736342
v 0.406623 2.476291 0.681667
v 0.467136 2.434632 0.697793
v 0.454531 2.434632 0.749743
v 0.442665 2.486676 0.746864
v 0.455270 2.486676 0.694914
v 0.512126 2.446917 0.710060
v 0.500140 2.446917 0.759458
v 0.488857 2.496404 0.756720
v 0.500843 2.496404 0.707322
v 0.554738 2.458553 0.721680
v 0.543339 2.458553 0.768660
v 0.532608 2.505618 0.766056
v 0.544007 2.505618 0.719076
v 0.595416 2.469661 0.732772
v 0.584577 2.469661 0.777444
v 0.574374 2.514414 0.774968
v 0.585213 2.514414 0.730296
v 0.634476 2.480326 0.743422
v 0.624174 2.480326 0.785878
v 0.614477 2.522859 0.783525
v 0.624778 2.522859 0.741069
v 0.672151 2.490614 0.753695
v 0.662368 2.490614 0.794014
v 0.653159 2.531006 0.791779
v 0.662942 2.531006 0.751461
v 0.708623 2.500574 0.763640
v 0.699343 2.500574 0.801890
v 0.690606 2.538892 0.799770
v 0.699887 2.538892 0.761521
v 0.744036 2.510244 0.773296
v 0.735242 2.510244 0.809537
v 0.726965 2.546550 0.807528
v 0.735758 2.546550 0.771288
v 0.778504 2.519655 0.782695
v 0.770185 2.519655 0.816980
v 0.762354 2.554003 0.815080
v 0.770673 2.554003 0.780795
v 0.812123 2.528836 0.791862
v 0.804266 2.528836 0.824239
v 0.796871 2.561272 0.822445
v 0.804727 2.561272 0.790068
v 0.844972 2.537806 0.800819
v 0.837568 2.537806 0.831333
v 0.830598 2.568375 0.829642
v 0.838002 2.568375 0.799128
v 0.877118 2.546584 0.809585
v 0.870157 2.546584 0.838275
v 0.863604 2.575326 0.836685
v 0.870565 2.575326 0.807995
v 0.908621 2.555186 0.818175
v 0.902093 2.555186 0.845077
v 0.895948 2.582137 0.843586
v 0.902476 2.582137 0.816684
v 0.952748 2.575484 0.831372
v 0.943600 2.573529 0.856098
v 0.923729 2.589878 0.850038
v 0.932878 2.591832 0.825312
v 0.963320 2.588979 0.835713
v 0.953760 2.586936 0.861553
v 0.932993 2.604022 0.855220
v 0.942553 2.606064 0.829380
v 0.978102 2.607848 0.841782
v 0.967965 2.605682 0.869182
v 0.945945 2.623799 0.862466
v 0.956082 2.625964 0.835067
v 0.996517 2.631353 0.849343
v 0.985661 2.629035 0.878684
v 0.962080 2.648435 0.871493
v 0.972936 2.650754 0.842152
v 1.018210 2.659044 0.858250
v 1.006507 2.656545 0.889879
v 0.981087 2.677458 0.882127
v 0.992790 2.679958 0.850498
v 1.042933 2.690603 0.868400
v 1.030265 2.687897 0.902638
v 1.002750 2.710535 0.894247
v 1.015417 2.713240 0.860009
v 1.070497 2.725789 0.879718
v 1.056754 2.722854 0.916863
v 1.026903 2.747414 0.907759
v 1.040646 2.750349 0.870614
v 1.100754 2.764411 0.892141
v 1.085831 2.761224 0.932477
v 1.053414 2.787894 0.922591
v 1.068338 2.791081 0.882255
v 1.133580 2.806314 0.905619
v 1.117375 2.802852 0.949417
v 1.082176 2.831811 0.938682
v 1.098381 2.835272 0.894884
v 1.168871 2.851362 0.920109
v 1.151289 2.847606 0.967629
v 1.113099 2.879026 0.955982
v 1.130680 2.882782 0.908462
v 1.206537 2.899443 0.935574
v 1.187486 2.895373 0.987067
v 1.146103 2.929420 0.974446
v 1.165154 2.933490 0.922954
v 1.273660 2.994878 0.952627
v 1.266064 3.003402 0.999721
v 1.228934 3.032437 0.988476
v 1.236530 3.023913 0.941383
v 1.293256 3.025934 0.953626
v 1.286714 3.033276 0.994185
v 1.254736 3.058282 0.984501
v 1.261278 3.050941 0.943942
v 1.309836 3.052210 0.954471
v 1.304186 3.058551 0.989501
v 1.276567 3.080149 0.981137
v 1.282217 3.073808 0.946107
v 1.324718 3.075796 0.955229
v 1.319868 3.081238 0.985297
v 1.296161 3.099776 0.978117
v 1.301011 3.094334 0.948050
v 1.338452 3.097563 0.955929
v 1.334341 3.102177 0.981417
v 1.314246 3.117891 0.975331
v 1.318357 3.113277 0.949844
v 1.373779 3.123975 0.978585
v 1.360097 3.123975 0.994592
v 1.356236 3.144412 0.991292
v 1.369918 3.144412 0.975285
v 1.390960 3.129933 0.993632
v 1.377634 3.129933 1.009222
v 1.373874 3.149837 1.006008
v 1.387200 3.149837 0.990417
v 1.406376 3.135278 1.007131
v 1.393368 3.135278 1.022349
v 1.389698 3.154706 1.019211
v 1.402705 3.154706 1.003994
v 1.420745 3.140261 1.019715
v 1.408035 3.140261 1.034584
v 1.404449 3.159244 1.031519
v 1.417159 3.159244 1.016650
v 1.434384 3.144990 1.031660
v 1.421957 3.144990 1.046198
v 1.418450 3.163551 1.043201
v 1.430877 3.163551 1.028663
v 1.447467 3.149527 1.043118
v 1.435312 3.149527 1.057339
v 1.431881 3.167683 1.054407
v 1.444037 3.167683 1.040186
v 1.460107 3.153910 1.054186
v 1.448213 3.153910 1.068101
v 1.444857 3.171675 1.065233
v 1.456751 3.171675 1.051318
v 1.472378 3.158165 1.064933
v 1.460738 3.158165 1.078550
v 1.457453 3.175550 1.075743
v 1.469093 3.175550 1.062125
v 1.484335 3.162311 1.075405
v 1.472943 3.162311 1.088732
v 1.469728 3.179327 1.085985
v 1.481121 3.179327 1.072657
v 1.496021 3.166363 1.085639
v 1.484871 3.166363 1.098683
v 1.481725 3.183017 1.095994
v 1.492875 3.183017 1.082949
v 1.507468 3.170333 1.095663
v 1.496555 3.170333 1.108430
v 1.493476 3.186632 1.105798
v 1.504389 3.186632 1.093031
v 1.518702 3.174228 1.105501
v 1.508022 3.174228 1.117996
v 1.505008 3.190180 1.115420
v 1.515688 3.190180 1.102925
v 1.529744 3.178057 1.115172
v 1.519293 3.178057 1.127399
v 1.516344 3.193668 1.124878
v 1.526795 3.193668 1.112651
v 1.540613 3.181826 1.124690
v 1.530386 3.181826 1.136653
v 1.527501 3.197100 1.134187
v 1.537727 3.197100 1.122223
v 1.551322 3.185539 1.134068
v 1.541317 3.185539 1.145772
v 1.538494 3.200482 1.143359
v 1.548499 3.200482 1.131655
v 1.561884 3.189202 1.143318
v 1.552099 3.189202 1.154767
v 1.549338 3.203818 1.152406
v 1.559123 3.203818 1.140958
v 1.572312 3.192818 1.152450
v 1.562742 3.192818 1.163646
v 1.560042 3.207111 1.161337
v 1.569611 3.207111 1.150142
v 1.582613 3.196390 1.161472
v 1.573257 3.196390 1.172417
v 1.570617 3.210364 1.170161
v 1.579973 3.210364 1.159215
v 1.592797 3.199922 1.170390
v 1.583652 3.199922 1.181089
v 1.581071 3.213581 1.178883
v 1.590217 3.213581 1.168185
v 1.602871 3.203415 1.179213
v 1.593935 3.203415 1.189667
v 1.591413 3.216762 1.187512
v 1.600350 3.216762 1.177057
v 1.612842 3.206872 1.187944
v 1.604112 3.206872 1.198157
v 1.601649 3.219911 1.196052
v 1.610378 3.219911 1.185839
v 1.622715 3.210296 1.196591
v 1.614190 3.210296 1.206565
v 1.611784 3.223029 1.204509
v 1.620310 3.223029 1.194535
v 1.643010 3.235088 1.223169
v 1.632190 3.236054 1.229161
v 1.628343 3.242619 1.221847
v 1.638232 3.242619 1.215602
v 1.647451 3.246057 1.230795
v 1.638096 3.246057 1.236701
v 1.633577 3.253182 1.229545
v 1.642932 3.253182 1.223638
v 1.651141 3.255172 1.237131
v 1.642231 3.255172 1.242757
v 1.637927 3.261958 1.235940
v 1.646837 3.261958 1.230314
v 1.654416 3.263259 1.242753
v 1.645900 3.263259 1.248130
v 1.641785 3.269744 1.241615
v 1.650301 3.269744 1.236237
v 1.657411 3.270658 1.247897
v 1.649256 3.270658 1.253046
v 1.645316 3.276868 1.246807
v 1.653471 3.276868 1.241657
v 1.660202 3.277551 1.252689
v 1.652383 3.277551 1.257627
v 1.648606 3.283506 1.251644
v 1.656425 3.283506 1.246707
v 1.662834 3.284051 1.257208
v 1.655332 3.284051 1.261945
v 1.651707 3.289765 1.256205
v 1.659210 3.289765 1.251468
v 1.665337 3.290231 1.261505
v 1.658135 3.290231 1.266052
v 1.654656 3.295716 1.260542
v 1.661858 3.295716 1.255995
v 1.667732 3.296146 1.265616
v 1.660818 3.296146 1.269982
v 1.657479 3.301410 1.264692
v 1.664392 3.301410 1.260327
v 1.670035 3.301834 1.269571
v 1.663399 3.301834 1.273761
v 1.660193 3.306887 1.268684
v 1.666829 3.306887 1.264494
v 1.672258 3.307325 1.273388
v 1.665889 3.307325 1.277409
v 1.662813 3.312175 1.272537
v 1.669181 3.312175 1.268516
v 1.674411 3.312643 1.277085
v 1.668302 3.312643 1.280943
v 1.665351 3.317296 1.276269
v 1.671460 3.317296 1.272412
v 1.676502 3.317808 1.280676
v 1.670645 3.317808 1.284375
v 1.667816 3.322269 1.279894
v 1.673673 3.322269 1.276195
v 1.678538 3.322836 1.284171
v 1.672926 3.322836 1.287715
v 1.670215 3.327110 1.283421
v 1.675827 3.327110 1.279878
v 1.680523 3.327738 1.287580
v 1.675150 3.327738 1.290972
v 1.672554 3.331830 1.286862
v 1.677927 3.331830 1.283469
v 1.682462 3.332527 1.290909
v 1.677322 3.332527 1.294154
v 1.674839 3.336442 1.290222
v 1.679979 3.336442 1.286977
v 1.684359 3.337213 1.294166
v 1.679448 3.337213 1.297267
v 1.677075 3.340953 1.293510
v 1.681986 3.340953 1.290409
v 1.686217 3.341802 1.297357
v 1.681529 3.341802 1.300317
v 1.679265 3.345372 1.296730
v 1.683953 3.345372 1.293770
v 1.688040 3.346303 1.300486
v 1.683571 3.346303 1.303307
v 1.681413 3.349705 1.299888
v 1.685881 3.349705 1.297067
v 1.689828 3.350721 1.303557
v 1.685575 3.350721 1.306243
v 1.683521 3.353960 1.302989
v 1.687774 3.353960 1.300303
v 1.691586 3.355062 1.306575
v 1.687545 3.355062 1.309127
v 1.685593 3.358140 1.306035
v 1.689634 3.358140 1.303484
v 1.693314 3.359332 1.309543
v 1.689481 3.359332 1.311964
v 1.687630 3.362251 1.309031
v 1.691463 3.362251 1.306611
v 1.695016 3.363533 1.312465
v 1.691388 3.363533 1.314756
v 1.689635 3.366297 1.311980
v 1.693263 3.366297 1.309689
v 1.696692 3.367671 1.315341
v 1.693265 3.367671 1.317505
v 1.691610 3.370281 1.314883
v 1.695036 3.370281 1.312720
v 1.630790 3.226860 1.234395
v 1.619275 3.226860 1.233410
v 1.619744 3.237021 1.227925
v 1.629403 3.233865 1.246521
v 1.618582 3.233865 1.245595
v 1.619023 3.243414 1.240441
v 1.629844 3.243414 1.241366
v 1.628257 3.239654 1.256539
v 1.618010 3.239654 1.255662
v 1.618428 3.248696 1.250781
v 1.628675 3.248696 1.251658
v 1.627244 3.244770 1.265395
v 1.617504 3.244770 1.264562
v 1.617901 3.253365 1.259922
v 1.627641 3.253365 1.260755
v 1.626320 3.249439 1.273476
v 1.617043 3.249439 1.272682
v 1.617421 3.257626 1.268263
v 1.626698 3.257626 1.269057
v 1.625461 3.253779 1.280989
v 1.616614 3.253779 1.280232
v 1.616974 3.261586 1.276018
v 1.625821 3.261586 1.276774
v 1.624653 3.257864 1.288060
v 1.616210 3.257864 1.287338
v 1.616554 3.265315 1.283316
v 1.624996 3.265315 1.284038
v 1.623884 3.261743 1.294773
v 1.615826 3.261743 1.294084
v 1.616155 3.268854 1.290246
v 1.624213 3.268854 1.290935
v 1.623151 3.265450 1.301189
v 1.615460 3.265450 1.300531
v 1.615773 3.272237 1.296868
v 1.623464 3.272237 1.297526
v 1.622446 3.269010 1.307352
v 1.615108 3.269010 1.306724
v 1.615407 3.275486 1.303228
v 1.622745 3.275486 1.303856
v 1.621766 3.272444 1.313295
v 1.614769 3.272444 1.312696
v 1.615054 3.278619 1.309363
v 1.622051 3.278619 1.309961
v 1.621108 3.275766 1.319045
v 1.614440 3.275766 1.318475
v 1.614712 3.281651 1.315299
v 1.621380 3.281651 1.315869
v 1.620470 3.278990 1.324625
v 1.614122 3.278990 1.324082
v 1.614380 3.284592 1.321058
v 1.620729 3.284592 1.321601
v 1.619850 3.282125 1.330051
v 1.613812 3.282125 1.329535
v 1.614058 3.287454 1.326659
v 1.620096 3.287454 1.327175
v 1.619245 3.285180 1.335339
v 1.613510 3.285180 1.334849
v 1.613743 3.290241 1.332117
v 1.619479 3.290241 1.332607
v 1.618655 3.288162 1.340501
v 1.613215 3.288162 1.340036
v 1.613436 3.292963 1.337445
v 1.618876 3.292963 1.337910
v 1.618077 3.291078 1.345548
v 1.612927 3.291078 1.345107
v 1.613137 3.295624 1.342653
v 1.618287 3.295624 1.343094
v 1.617512 3.293932 1.350488
v 1.612644 3.293932 1.350071
v 1.612843 3.298228 1.347752
v 1.617711 3.298228 1.348169
v 1.616959 3.296730 1.355329
v 1.612368 3.296730 1.354937
v 1.612555 3.300781 1.352750
v 1.617146 3.300781 1.353142
v 1.616416 3.299474 1.360080
v 1.612097 3.299474 1.359710
v 1.612273 3.303285 1.357653
v 1.616591 3.303285 1.358022
v 1.615882 3.302169 1.364745
v 1.611830 3.302169 1.364399
v 1.611995 3.305745 1.362468
v 1.616047 3.305745 1.362815
v 1.615357 3.304819 1.369331
v 1.611568 3.304819 1.369006
v 1.611722 3.308163 1.367201
v 1.615512 3.308163 1.367526
v 1.382259 3.116259 0.976622
v 1.372295 3.116259 0.993990
v 1.372363 3.136282 0.994029
v 1.382327 3.136282 0.976661
v 1.402874 3.116681 0.989043
v 1.393423 3.116681 1.005517
v 1.393488 3.135672 1.005554
v 1.402938 3.135672 0.989080
v 1.420095 3.117033 0.999420
v 1.411073 3.117033 1.015146
v 1.411135 3.135163 1.015181
v 1.420157 3.135163 0.999455
v 1.435427 3.117346 1.008658
v 1.426787 3.117346 1.023718
v 1.426846 3.134709 1.023752
v 1.435486 3.134709 1.008692
v 1.449492 3.117634 1.017132
v 1.441202 3.117634 1.031582
v 1.441259 3.134293 1.031615
v 1.449549 3.134293 1.017165
v 1.462623 3.117902 1.025044
v 1.454660 3.117902 1.038924
v 1.454714 3.133904 1.038955
v 1.462677 3.133904 1.025075
v 1.475024 3.118156 1.032516
v 1.467370 3.118156 1.045858
v 1.467422 3.133537 1.045888
v 1.475076 3.133537 1.032546
v 1.486834 3.118397 1.039632
v 1.479474 3.118397 1.052461
v 1.479524 3.133187 1.052490
v 1.486884 3.133187 1.039661
v 1.498149 3.118629 1.046450
v 1.491071 3.118629 1.058788
v 1.491120 3.132852 1.058816
v 1.498198 3.132852 1.046478
v 1.509043 3.118851 1.053014
v 1.502237 3.118851 1.064879
v 1.502283 3.132530 1.064906
v 1.509090 3.132530 1.053041
v 1.519572 3.119067 1.059358
v 1.513027 3.119067 1.070766
v 1.513072 3.132218 1.070792
v 1.519616 3.132218 1.059384
v 1.529778 3.119276 1.065508
v 1.523488 3.119276 1.076473
v 1.523531 3.131917 1.076497
v 1.529821 3.131917 1.065532
v 1.539698 3.119478 1.071485
v 1.533655 3.119478 1.082019
v 1.533696 3.131623 1.082043
v 1.539740 3.131623 1.071509
v 1.549362 3.119676 1.077308
v 1.543559 3.119676 1.087422
v 1.543599 3.131337 1.087445
v 1.549401 3.131337 1.077330
v 1.558792 3.119869 1.082990
v 1.553224 3.119869 1.092695
v 1.553262 3.131058 1.092717
v 1.558830 3.131058 1.083012
v 1.568011 3.120057 1.088544
v 1.562672 3.120057 1.097850
v 1.562709 3.130785 1.097871
v 1.568047 3.130785 1.088565
v 1.577035 3.120242 1.093982
v 1.571921 3.120242 1.102895
v 1.571956 3.130518 1.102915
v 1.577070 3.130518 1.094002
v 1.585880 3.120423 1.099311
v 1.580986 3.120423 1.107841
v 1.581020 3.130256 1.107860
v 1.585913 3.130256 1.099330
v 1.594558 3.120600 1.104540
v 1.589881 3.120600 1.112693
v 1.589913 3.129999 1.112712
v 1.594590 3.129999 1.104559
v 1.603083 3.120774 1.109677
v 1.598618 3.120774 1.117459
v 1.598648 3.129747 1.117477
v 1.603113 3.129747 1.109694
v 1.611463 3.120946 1.114726
v 1.607207 3.120946 1.122145
v 1.607236 3.129499 1.122162
v 1.611492 3.129499 1.114743
v 1.619708 3.121114 1.119694
v 1.615657 3.121114 1.126755
v 1.615685 3.129255 1.126771
v 1.619736 3.129255 1.119710
v 1.627827 3.121280 1.124586
v 1.623978 3.121280 1.131295
v 1.624004 3.129014 1.131310
v 1.627853 3.129014 1.124601
v 1.635826 3.121444 1.129405
v 1.632176 3.121444 1.135767
v 1.632201 3.128778 1.135781
v 1.635851 3.128778 1.129420
v 0.172098 2.397732 0.697793
v 0.108986 2.397732 0.726102
v 0.091203 2.451551 0.686456
v 0.154315 2.451551 0.658148
v 0.189897 2.438284 0.741783
v 0.130002 2.438284 0.768649
v 0.113126 2.489360 0.731024
v 0.173021 2.489360 0.704158
v 0.206457 2.476012 0.782709
v 0.149555 2.476012 0.808232
v 0.133522 2.524535 0.772487
v 0.190424 2.524535 0.746964
v 0.222259 2.512015 0.821764
v 0.168214 2.512015 0.846006
v 0.152985 2.558103 0.812055
v 0.207031 2.558103 0.787813
v 0.237522 2.546788 0.859484
v 0.186235 2.546788 0.882489
v 0.171784 2.590523 0.850271
v 0.223071 2.590523 0.827266
v 0.207570 2.592044 0.942910
v 0.173444 2.592044 0.914508
v 0.181296 2.634713 0.905073
v 0.213685 2.643631 0.927989
v 0.187144 2.603371 0.962637
v 0.157753 2.603371 0.938176
v 0.164515 2.640118 0.930052
v 0.193906 2.640118 0.954512
v 0.169132 2.613357 0.980032
v 0.143918 2.613357 0.959047
v 0.149719 2.644883 0.952076
v 0.174934 2.644883 0.973061
v 0.170389 2.657844 1.018204
v 0.148423 2.657844 1.026863
v 0.142552 2.675200 1.011969
v 0.164519 2.675200 1.003311
v 0.175563 2.674988 1.034373
v 0.155673 2.674988 1.042213
v 0.150357 2.690702 1.028727
v 0.170247 2.690702 1.020887
v 0.179788 2.688989 1.047578
v 0.161594 2.688989 1.054749
v 0.156731 2.703364 1.042414
v 0.174925 2.703364 1.035242
v 0.183495 2.701275 1.059165
v 0.166789 2.701275 1.065750
v 0.162325 2.714474 1.054423
v 0.179031 2.714474 1.047838
v 0.186860 2.712424 1.069681
v 0.171504 2.712424 1.075733
v 0.167401 2.724556 1.065322
v 0.182756 2.724556 1.059269
v 0.189974 2.722745 1.079414
v 0.175869 2.722745 1.084974
v 0.172100 2.733889 1.075410
v 0.186205 2.733889 1.069851
v 0.192895 2.732423 1.088542
v 0.179962 2.732423 1.093639
v 0.176506 2.742641 1.084871
v 0.189438 2.742641 1.079773
v 0.195659 2.741583 1.097182
v 0.183836 2.741583 1.101842
v 0.180676 2.750925 1.093826
v 0.192499 2.750925 1.089165
v 0.198294 2.750314 1.105416
v 0.187528 2.750314 1.109659
v 0.184651 2.758820 1.102360
v 0.195417 2.758820 1.098117
v 0.200818 2.758680 1.113306
v 0.191066 2.758680 1.117150
v 0.188460 2.766385 1.110538
v 0.198212 2.766385 1.106694
v 0.203248 2.766731 1.120899
v 0.194471 2.766731 1.124358
v 0.192125 2.773665 1.118407
v 0.200902 2.773665 1.114948
v 0.205594 2.774505 1.128231
v 0.197759 2.774505 1.131319
v 0.195665 2.780695 1.126007
v 0.203500 2.780695 1.122919
v 0.207866 2.782035 1.135333
v 0.200943 2.782035 1.138061
v 0.199093 2.787505 1.133368
v 0.206016 2.787505 1.130639
v 0.135665 2.621502 1.008288
v 0.120727 2.621502 0.994115
v 0.118354 2.641803 0.996616
v 0.133292 2.641803 1.010789
v 0.124359 2.621104 1.017292
v 0.112329 2.621104 1.005879
v 0.110418 2.637453 1.007893
v 0.122449 2.637453 1.019306
v 0.115021 2.620776 1.024730
v 0.105392 2.620776 1.015596
v 0.103863 2.633861 1.017208
v 0.113491 2.633861 1.026343
v 0.106766 2.620485 1.031305
v 0.099261 2.620485 1.024184
v 0.098068 2.630684 1.025441
v 0.105574 2.630684 1.032562
v 0.276664 2.611658 0.913491
v 0.235779 2.611658 0.949535
v 0.252832 2.652548 0.886459
v 0.302152 2.644086 0.941404
v 0.260276 2.644086 0.978321
v 0.235867 2.685967 0.950634
v 0.277743 2.685967 0.913716
v 0.328310 2.677367 0.970051
v 0.285417 2.677367 1.007864
v 0.260416 2.720264 0.979504
v 0.303308 2.720264 0.941691
v 0.373974 2.726335 1.037159
v 0.319430 2.717006 1.065506
v 0.301024 2.774010 1.048850
v 0.355568 2.783338 1.020502
v 0.399858 2.747080 1.088522
v 0.341099 2.737031 1.119060
v 0.321270 2.798440 1.101115
v 0.380030 2.808489 1.070577
v 0.428881 2.770341 1.146111
v 0.365394 2.759483 1.179106
v 0.343971 2.825833 1.159718
v 0.407458 2.836691 1.126723
v 0.460151 2.795402 1.208158
v 0.391571 2.783673 1.243800
v 0.368428 2.855345 1.222857
v 0.437008 2.867074 1.187215
v 0.537909 2.852083 1.303374
v 0.500765 2.856029 1.359698
v 0.481822 2.918670 1.342818
v 0.518966 2.914724 1.286494
v 0.574600 2.876508 1.332081
v 0.543155 2.879848 1.379764
v 0.527118 2.932879 1.365473
v 0.558564 2.929539 1.317791
v 0.605858 2.897317 1.356538
v 0.579267 2.900141 1.396858
v 0.565706 2.944984 1.384774
v 0.592297 2.942160 1.344453
v 0.634038 2.916077 1.378587
v 0.611825 2.918436 1.412270
v 0.600496 2.955898 1.402175
v 0.622710 2.953538 1.368491
v 0.679920 2.950617 1.398110
v 0.673990 2.951915 1.433838
v 0.645246 2.979806 1.429671
v 0.659825 2.978592 1.393778
v 0.707402 2.969703 1.402886
v 0.699613 2.969703 1.439018
v 0.678217 2.999489 1.434406
v 0.686007 2.999489 1.398273
v 0.738358 2.991202 1.408266
v 0.730035 2.991202 1.446872
v 0.707175 3.023027 1.441943
v 0.715498 3.023027 1.403337
v 0.771810 3.014435 1.414079
v 0.762910 3.014435 1.455359
v 0.738467 3.048463 1.450089
v 0.747367 3.048463 1.408809
v 0.807250 3.039047 1.420238
v 0.797739 3.039047 1.464350
v 0.771619 3.075411 1.458718
v 0.781129 3.075411 1.414606
v 0.871800 3.103230 1.426394
v 0.865932 3.107865 1.474548
v 0.826010 3.134798 1.467090
v 0.831879 3.130162 1.418936
v 0.897152 3.140046 1.425632
v 0.891210 3.144740 1.474387
v 0.850791 3.172009 1.466836
v 0.856732 3.167315 1.418081
v 0.923112 3.177746 1.424852
v 0.917095 3.182498 1.474222
v 0.876165 3.210112 1.466575
v 0.882182 3.205359 1.417205
v 0.949475 3.216031 1.424059
v 0.943382 3.220844 1.474054
v 0.901934 3.248807 1.466311
v 0.908027 3.243994 1.416316
v 0.976142 3.254758 1.423257
v 0.969972 3.259632 1.473884
v 0.928001 3.287948 1.466043
v 0.934170 3.283074 1.415416
v 1.003054 3.293841 1.422448
v 0.996807 3.298776 1.473713
v 0.954306 3.327449 1.465773
v 0.960553 3.322513 1.414508
v 1.034813 3.378493 1.401571
v 1.034610 3.400619 1.449528
v 0.981902 3.403587 1.447935
v 0.982106 3.381461 1.399978
v 1.037880 3.420016 1.382267
v 1.037676 3.442264 1.430487
v 0.984679 3.445249 1.428885
v 0.984883 3.423001 1.380665
v 1.040970 3.461841 1.362822
v 1.040764 3.484212 1.411307
v 0.987475 3.487212 1.409697
v 0.987681 3.464842 1.361211
v 1.044074 3.503864 1.343284
v 1.043867 3.526358 1.392037
v 0.990285 3.529375 1.390418
v 0.990491 3.506882 1.341665
v 1.056552 3.560929 1.294181
v 1.061650 3.597924 1.317198
v 1.020476 3.609594 1.307560
v 1.015377 3.572599 1.284544
v 1.065138 3.580276 1.267010
v 1.069525 3.612114 1.286818
v 1.034090 3.622157 1.278524
v 1.029703 3.590319 1.258716
v 1.072398 3.596635 1.244034
v 1.076184 3.624113 1.261129
v 1.045603 3.632781 1.253971
v 1.041816 3.605303 1.236876
v 1.078912 3.611314 1.223419
v 1.082159 3.634880 1.238080
v 1.055932 3.642313 1.231941
v 1.052685 3.618748 1.217280
v 1.084922 3.624858 1.204397
v 1.087672 3.644813 1.216813
v 1.065463 3.651108 1.211614
v 1.062713 3.631153 1.199199
v 1.072463 3.671705 1.169854
v 1.087830 3.671705 1.168110
v 1.089379 3.678800 1.181765
v 1.074012 3.678800 1.183508
v 1.072812 3.685033 1.164026
v 1.086184 3.685033 1.162509
v 1.087532 3.691207 1.174391
v 1.074160 3.691207 1.175908
v 1.073090 3.695627 1.159394
v 1.084875 3.695627 1.158057
v 1.086063 3.701068 1.168529
v 1.074278 3.701068 1.169866
v 1.073329 3.704762 1.155400
v 1.083747 3.704762 1.154218
v 1.084797 3.709571 1.163475
v 1.074379 3.709571 1.164657
v 1.073544 3.712945 1.151822
v 1.082736 3.712945 1.150779
v 1.083663 3.717190 1.158947
v 1.074471 3.717190 1.159990
v 1.073740 3.720443 1.148544
v 1.081810 3.720443 1.147628
v 1.082624 3.724169 1.154799
v 1.074554 3.724169 1.155715
v 1.073923 3.727414 1.145496
v 1.080949 3.727414 1.144699
v 1.081658 3.730658 1.150942
v 1.074631 3.730658 1.151739
v 1.074095 3.733965 1.142632
v 1.080140 3.733965 1.141946
v 1.080750 3.736756 1.147318
v 1.074704 3.736756 1.148004
v 1.074257 3.740168 1.139920
v 1.079374 3.740168 1.139339
v 1.079890 3.742530 1.143886
v 1.074773 3.742530 1.144466
v 1.074412 3.746078 1.137335
v 1.078644 3.746078 1.136855
v 1.079071 3.748032 1.140615
v 1.074839 3.748032 1.141096
v 1.074561 3.751737 1.134861
v 1.077945 3.751737 1.134477
v 1.078286 3.753300 1.137485
v 1.074902 3.753300 1.137869
v 1.095970 3.652714 1.157121
v 1.109324 3.652714 1.166898
v 1.105816 3.668163 1.171688
v 1.092462 3.668163 1.161912
v 1.106102 3.659750 1.144656
v 1.118146 3.659750 1.153474
v 1.114982 3.673683 1.157795
v 1.102938 3.673683 1.148977
v 1.114338 3.665469 1.134523
v 1.125318 3.665469 1.142561
v 1.122434 3.678171 1.146500
v 1.111454 3.678171 1.138462
v 1.121544 3.670473 1.125658
v 1.131592 3.670473 1.133015
v 1.128953 3.682097 1.136620
v 1.118904 3.682097 1.129263
v 1.128068 3.675003 1.117631
v 1.137273 3.675003 1.124371
v 1.134855 3.685652 1.127673
v 1.125650 3.685652 1.120934
v 1.134096 3.679189 1.110215
v 1.142522 3.679189 1.116384
v 1.140309 3.688937 1.119406
v 1.131883 3.688937 1.113238
v 1.139741 3.683109 1.103270
v 1.147437 3.683109 1.108905
v 1.145416 3.692012 1.111666
v 1.137720 3.692012 1.106031
v 1.145078 3.686814 1.096705
v 1.152084 3.686814 1.101834
v 1.150244 3.694920 1.104348
v 1.143237 3.694920 1.099218
v 1.150158 3.690342 1.090455
v 1.156508 3.690342 1.095104
v 1.154840 3.697688 1.097382
v 1.148490 3.697688 1.092733
v 1.155021 3.693719 1.084472
v 1.160742 3.693719 1.088660
v 1.159239 3.700338 1.090713
v 1.153518 3.700338 1.086524
v 1.159697 3.696966 1.078719
v 1.164814 3.696966 1.082465
v 1.163470 3.702886 1.084301
v 1.158353 3.702886 1.080555
v 1.164209 3.700099 1.073168
v 1.168742 3.700099 1.076488
v 1.167552 3.705344 1.078114
v 1.163018 3.705344 1.074795
v 1.168575 3.703131 1.067796
v 1.172545 3.703131 1.070702
v 1.171502 3.707723 1.072126
v 1.167533 3.707723 1.069220
v 0.644784 2.953214 1.448192
v 0.668576 2.981020 1.419067
v 0.685696 2.970667 1.460721
v 0.655076 2.970667 1.473294
v 0.648269 2.998497 1.456717
v 0.678889 2.998497 1.444144
v 0.696031 2.988148 1.485853
v 0.665385 2.988148 1.498437
v 0.658572 3.016002 1.481845
v 0.689218 3.016002 1.469261
v 0.706377 3.005647 1.511011
v 0.675704 3.005647 1.523605
v 0.668885 3.033525 1.507000
v 0.699558 3.033525 1.494405
v 0.716730 3.023159 1.536188
v 0.686031 3.023159 1.548793
v 0.679206 3.051061 1.532173
v 0.709906 3.051061 1.519567
v 0.727090 3.040682 1.561380
v 0.696364 3.040682 1.573997
v 0.689534 3.068609 1.557362
v 0.720260 3.068609 1.544745
v 0.738708 3.100305 1.606238
v 0.708984 3.096914 1.615505
v 0.699119 3.107813 1.587850
v 0.728843 3.111203 1.578583
v 0.737874 3.128076 1.616537
v 0.709730 3.124866 1.625311
v 0.700390 3.135185 1.599126
v 0.728533 3.138396 1.590352
v 0.737083 3.154419 1.626306
v 0.710438 3.151380 1.634613
v 0.701595 3.161149 1.609823
v 0.728240 3.164188 1.601516
v 0.747307 3.190410 1.640172
v 0.726099 3.200258 1.653163
v 0.719155 3.214086 1.631343
v 0.740363 3.204237 1.618353
v 0.761645 3.210259 1.648317
v 0.740271 3.220185 1.661409
v 0.733273 3.234121 1.639419
v 0.754647 3.224195 1.626327
v 0.776194 3.230401 1.656582
v 0.754652 3.240404 1.669777
v 0.747600 3.254450 1.647614
v 0.769141 3.244447 1.634419
v 0.790882 3.250736 1.664926
v 0.769171 3.260818 1.678224
v 0.762063 3.274974 1.655887
v 0.783774 3.264892 1.642589
v 0.805675 3.271214 1.673329
v 0.783793 3.281376 1.686732
v 0.776629 3.295643 1.664219
v 0.798511 3.285482 1.650816
v 0.820551 3.291809 1.681780
v 0.798497 3.302050 1.695288
v 0.791277 3.316429 1.672598
v 0.813330 3.306188 1.659090
v 0.838780 3.343551 1.697380
v 0.811642 3.340465 1.707682
v 0.800966 3.344822 1.680865
v 0.828104 3.347908 1.670563
v 0.838618 3.369250 1.702461
v 0.810043 3.366001 1.713309
v 0.798802 3.370588 1.685071
v 0.827377 3.373838 1.674224
v 0.838436 3.398115 1.708168
v 0.808247 3.394682 1.719629
v 0.796371 3.399529 1.689796
v 0.826560 3.402962 1.678336
v 0.838239 3.429249 1.714324
v 0.806310 3.425618 1.726445
v 0.793749 3.430745 1.694893
v 0.825678 3.434376 1.682772
v 0.838031 3.462188 1.720836
v 0.804260 3.458348 1.733657
v 0.790975 3.463770 1.700285
v 0.824746 3.467610 1.687464
v 0.837814 3.496639 1.727648
v 0.802117 3.492580 1.741199
v 0.788073 3.498311 1.705924
v 0.823771 3.502371 1.692373
v 0.790969 3.589868 1.699140
v 0.823562 3.589868 1.694166
v 0.828458 3.595692 1.726245
v 0.795865 3.595692 1.731220
v 0.792369 3.621091 1.695279
v 0.821073 3.621091 1.690898
v 0.825386 3.626221 1.719150
v 0.796682 3.626221 1.723531
v 0.793505 3.646409 1.692148
v 0.819056 3.646409 1.688248
v 0.822894 3.650975 1.713398
v 0.797343 3.650975 1.717297
v 0.794496 3.668520 1.689414
v 0.817294 3.668520 1.685934
v 0.820719 3.672594 1.708373
v 0.797921 3.672594 1.711853
v 0.795393 3.688517 1.686941
v 0.815700 3.688517 1.683841
v 0.818751 3.692146 1.703829
v 0.798444 3.692146 1.706928
v 0.796221 3.706977 1.684658
v 0.814229 3.706977 1.681909
v 0.816935 3.710195 1.699634
v 0.798926 3.710195 1.702383
v 0.796995 3.724248 1.682522
v 0.812853 3.724248 1.680101
v 0.815235 3.727082 1.695710
v 0.799378 3.727082 1.698130
v 0.797727 3.740563 1.680504
v 0.811553 3.740563 1.678394
v 0.813630 3.743034 1.692002
v 0.799804 3.743034 1.694113
v 0.798423 3.756087 1.678584
v 0.810316 3.756087 1.676769
v 0.812102 3.758212 1.688475
v 0.800210 3.758212 1.690290
v 0.799089 3.770939 1.676748
v 0.809132 3.770939 1.675215
v 0.810641 3.772733 1.685100
v 0.800598 3.772733 1.686633
v 0.790616 3.523058 1.765570
v 0.770620 3.523058 1.746977
v 0.772045 3.550282 1.745445
v 0.792041 3.550282 1.764037
v 0.774361 3.527764 1.778469
v 0.758935 3.527764 1.764126
v 0.760034 3.548766 1.762944
v 0.775460 3.548766 1.777287
v 0.761502 3.531487 1.788674
v 0.749692 3.531487 1.777693
v 0.750533 3.547567 1.776788
v 0.762344 3.547567 1.787769
v 0.750447 3.534688 1.797447
v 0.741745 3.534688 1.789356
v 0.742365 3.546536 1.788689
v 0.751068 3.546536 1.796780
v 0.740566 3.537549 1.805289
v 0.734642 3.537549 1.799780
v 0.735064 3.545614 1.799326
v 0.740988 3.545614 1.804835
v -0.229393 2.164042 0.146547
v -0.216013 2.148141 0.040451
v -0.117416 2.107821 0.058929
v -0.130797 2.123723 0.165025
v -0.192051 2.245163 0.136903
v -0.179204 2.229894 0.035035
v -0.084536 2.191181 0.052776
v -0.097384 2.206450 0.154645
v -0.156177 2.323092 0.127639
v -0.143842 2.308433 0.029831
v -0.052949 2.271263 0.046865
v -0.065284 2.285923 0.144673
v -0.099221 2.380016 0.204652
v -0.171355 2.380016 0.159856
v -0.153577 2.457954 0.131228
v -0.081443 2.457954 0.176024
v -0.137145 2.412474 0.259091
v -0.203337 2.412474 0.217986
v -0.187023 2.483992 0.191716
v -0.120831 2.483992 0.232822
v -0.169947 2.440548 0.306178
v -0.230999 2.440548 0.268264
v -0.215952 2.506513 0.244034
v -0.154900 2.506513 0.281948
v -0.199811 2.466107 0.349046
v -0.256184 2.466107 0.314038
v -0.242290 2.527016 0.291665
v -0.185917 2.527016 0.326673
v -0.227664 2.489946 0.389028
v -0.279673 2.489946 0.356730
v -0.266854 2.546139 0.336089
v -0.214846 2.546139 0.368387
v -0.254013 2.512497 0.426851
v -0.301893 2.512497 0.397117
v -0.290092 2.564229 0.378115
v -0.242212 2.564229 0.407849
v -0.279173 2.534030 0.462968
v -0.323111 2.534030 0.435682
v -0.312282 2.581503 0.418244
v -0.268344 2.581503 0.445530
v -0.303359 2.554730 0.497686
v -0.343507 2.554730 0.472754
v -0.333612 2.598109 0.456820
v -0.293464 2.598109 0.481752
v -0.365127 2.581975 0.555124
v -0.389571 2.581975 0.513502
v -0.381406 2.631835 0.505807
v -0.353266 2.628242 0.548159
v -0.406454 2.593068 0.583607
v -0.434576 2.593068 0.535720
v -0.420930 2.646300 0.527706
v -0.392807 2.646300 0.575593
v -0.527994 2.729298 0.649026
v -0.557131 2.717116 0.586713
v -0.496842 2.733308 0.555357
v -0.467705 2.745491 0.617669
v -0.551986 2.802448 0.651282
v -0.585095 2.788604 0.580474
v -0.516586 2.807004 0.544842
v -0.483477 2.820848 0.615650
v -0.580198 2.888468 0.653935
v -0.617979 2.872671 0.573137
v -0.539805 2.893667 0.532478
v -0.502024 2.909464 0.613276
v -0.398787 2.597813 0.494845
v -0.374049 2.597813 0.461759
v -0.360364 2.635427 0.471991
v -0.428274 2.615444 0.472013
v -0.404289 2.615444 0.439935
v -0.391021 2.651911 0.449855
v -0.415006 2.651911 0.481933
v -0.455140 2.631509 0.451208
v -0.431843 2.631509 0.420049
v -0.418955 2.666930 0.429685
v -0.442253 2.666930 0.460844
v -0.480435 2.646634 0.431621
v -0.457785 2.646634 0.401327
v -0.445255 2.681072 0.410695
v -0.467906 2.681072 0.440989
v -0.504623 2.661096 0.412891
v -0.482591 2.661096 0.383425
v -0.470404 2.694594 0.392537
v -0.492435 2.694594 0.422004
v -0.527963 2.675052 0.394818
v -0.506528 2.675052 0.366150
v -0.494671 2.707642 0.375015
v -0.516106 2.707642 0.403683
v -0.550621 2.688600 0.377273
v -0.529766 2.688600 0.349380
v -0.518229 2.720309 0.358005
v -0.539084 2.720309 0.385898
v -0.572711 2.701808 0.360167
v -0.552420 2.701808 0.333030
v -0.541196 2.732658 0.341422
v -0.561487 2.732658 0.368559
v -0.594316 2.714727 0.343437
v -0.574578 2.714727 0.317039
v -0.563660 2.744737 0.325202
v -0.583397 2.744737 0.351601
v -0.615499 2.727393 0.327034
v -0.596303 2.727393 0.301360
v -0.585684 2.756579 0.309300
v -0.604880 2.756579 0.334973
v -0.636310 2.739837 0.310919
v -0.617646 2.739837 0.285957
v -0.607322 2.768213 0.293676
v -0.625986 2.768213 0.318638
v -0.656788 2.752081 0.295062
v -0.638648 2.752081 0.270800
v -0.628613 2.779661 0.278303
v -0.646753 2.779661 0.302564
v -0.676966 2.764146 0.279437
v -0.659342 2.764146 0.255866
v -0.649593 2.790942 0.263155
v -0.667217 2.790942 0.286726
v -0.696870 2.776048 0.264024
v -0.679755 2.776048 0.241133
v -0.670288 2.802070 0.248212
v -0.687403 2.802070 0.271102
v -0.685198 2.868476 0.181103
v -0.664758 2.896347 0.191226
v -0.693825 2.912747 0.204760
v -0.714264 2.884877 0.194638
v -0.690875 2.884118 0.151308
v -0.671013 2.911201 0.161145
v -0.699259 2.927140 0.174298
v -0.719121 2.900056 0.164461
v -0.696198 2.898782 0.123375
v -0.676876 2.925129 0.132944
v -0.704353 2.940633 0.145738
v -0.723675 2.914286 0.136169
v -0.701303 2.912846 0.096586
v -0.682499 2.938486 0.105898
v -0.709239 2.953574 0.118349
v -0.728042 2.927934 0.109037
v -0.706251 2.926480 0.070616
v -0.687950 2.951434 0.079679
v -0.713975 2.966118 0.091797
v -0.732276 2.941164 0.082734
v -0.711079 2.939780 0.045282
v -0.693268 2.964065 0.054102
v -0.718595 2.978356 0.065896
v -0.736406 2.954071 0.057075
v -0.715808 2.952809 0.020464
v -0.698478 2.976439 0.029047
v -0.723121 2.990344 0.040522
v -0.740451 2.966715 0.031939
v -0.720454 2.965610 -0.003920
v -0.703596 2.988597 0.004428
v -0.727569 3.002123 0.015591
v -0.744426 2.979137 0.007242
v -0.725029 2.978216 -0.027932
v -0.708636 3.000568 -0.019813
v -0.731948 3.013722 -0.008958
v -0.748341 2.991369 -0.017077
v -0.752638 3.016072 -0.020473
v -0.761958 3.016072 -0.047481
v -0.740591 3.039306 -0.054967
v -0.732126 3.034659 -0.027552
v -0.767415 3.034030 -0.015102
v -0.776903 3.034030 -0.042595
v -0.756023 3.052951 -0.049801
v -0.746535 3.052951 -0.022308
v -0.817234 3.047174 -0.042015
v -0.798301 3.035479 -0.057570
v -0.793490 3.059320 -0.069637
v -0.812422 3.071015 -0.054082
v -0.835473 3.041851 -0.061624
v -0.817668 3.030853 -0.076252
v -0.813143 3.053273 -0.087601
v -0.830948 3.064271 -0.072972
v -0.851296 3.037233 -0.078635
v -0.834469 3.026839 -0.092459
v -0.830193 3.048027 -0.103184
v -0.847019 3.058421 -0.089360
v -0.865729 3.033020 -0.094152
v -0.849795 3.023178 -0.107243
v -0.845745 3.043242 -0.117399
v -0.861679 3.053084 -0.104308
v -0.879209 3.029085 -0.108645
v -0.864109 3.019758 -0.121051
v -0.860272 3.038773 -0.130676
v -0.875372 3.048100 -0.118270
v -0.891977 3.025359 -0.122371
v -0.877666 3.016520 -0.134129
v -0.874029 3.034540 -0.143250
v -0.888339 3.043380 -0.131493
v -0.904179 3.021797 -0.135491
v -0.890623 3.013424 -0.146628
v -0.887178 3.030494 -0.155269
v -0.900734 3.038868 -0.144131
v -0.915919 3.018371 -0.148112
v -0.903089 3.010446 -0.158653
v -0.899829 3.026602 -0.166831
v -0.912659 3.034527 -0.156290
v -0.927268 3.015058 -0.160314
v -0.915140 3.007567 -0.170278
v -0.912058 3.022839 -0.178009
v -0.924186 3.030330 -0.168044
v -0.938282 3.011844 -0.172154
v -0.926835 3.004773 -0.181559
v -0.923925 3.019188 -0.188855
v -0.935372 3.026258 -0.179451
v -0.949001 3.008715 -0.183679
v -0.938217 3.002054 -0.192539
v -0.935477 3.015634 -0.199413
v -0.946260 3.022295 -0.190553
v -0.959461 3.005663 -0.194924
v -0.949324 2.999401 -0.203253
v -0.946747 3.012166 -0.209714
v -0.956884 3.018428 -0.201386
v -0.985375 3.000265 -0.214232
v -0.980617 3.000265 -0.226464
v -0.979961 3.013371 -0.226209
v -0.984719 3.013371 -0.213976
v -0.999066 3.001241 -0.219754
v -0.994441 3.001241 -0.231644
v -0.993803 3.013981 -0.231396
v -0.998428 3.013981 -0.219506
v -1.011313 3.002115 -0.224695
v -1.006807 3.002115 -0.236278
v -1.006186 3.014527 -0.236037
v -1.010692 3.014527 -0.224453
v -1.022709 3.002928 -0.229291
v -1.018314 3.002928 -0.240590
v -1.017708 3.015034 -0.240354
v -1.022103 3.015034 -0.229055
v -1.033509 3.003698 -0.233648
v -1.029219 3.003698 -0.244677
v -1.028628 3.015515 -0.244447
v -1.032918 3.015515 -0.233418
v -1.043859 3.004437 -0.237822
v -1.039669 3.004437 -0.248593
v -1.039091 3.015976 -0.248368
v -1.043281 3.015976 -0.237598
v -1.053847 3.005150 -0.241851
v -1.049755 3.005150 -0.252372
v -1.049190 3.016422 -0.252153
v -1.053283 3.016422 -0.241632
v -1.063536 3.005841 -0.245760
v -1.059538 3.005841 -0.256038
v -1.058987 3.016853 -0.255824
v -1.062985 3.016853 -0.245545
v -1.072972 3.006514 -0.249566
v -1.069066 3.006514 -0.259608
v -1.068527 3.017274 -0.259399
v -1.072433 3.017274 -0.249357
v -1.082187 3.007171 -0.253283
v -1.078371 3.007171 -0.263095
v -1.077845 3.017684 -0.262890
v -1.081661 3.017684 -0.253079
v -1.091209 3.007815 -0.256923
v -1.087480 3.007815 -0.266509
v -1.086966 3.018086 -0.266309
v -1.090695 3.018086 -0.256723
v -1.100059 3.008446 -0.260492
v -1.096416 3.008446 -0.269857
v -1.095914 3.018480 -0.269662
v -1.099557 3.018480 -0.260297
v -1.108753 3.009066 -0.263999
v -1.105195 3.009066 -0.273147
v -1.104704 3.018867 -0.272956
v -1.108263 3.018867 -0.263809
v -1.117307 3.009676 -0.267450
v -1.113832 3.009676 -0.276384
v -1.113353 3.019248 -0.276197
v -1.116828 3.019248 -0.267263
v -1.125733 3.010277 -0.270848
v -1.122339 3.010277 -0.279571
v -1.121871 3.019624 -0.279390
v -1.125265 3.019624 -0.270666
v -1.134040 3.010870 -0.274199
v -1.130727 3.010870 -0.282715
v -1.130270 3.019994 -0.282537
v -1.133583 3.019994 -0.274022
v -1.142237 3.011455 -0.277506
v -1.139005 3.011455 -0.285817
v -1.138559 3.020359 -0.285643
v -1.141792 3.020359 -0.277333
v -1.150333 3.012033 -0.280772
v -1.147179 3.012033 -0.288880
v -1.146745 3.020720 -0.288711
v -1.149899 3.020720 -0.280603
v -1.158334 3.012603 -0.283999
v -1.155259 3.012603 -0.291907
v -1.154835 3.021076 -0.291742
v -1.157911 3.021076 -0.283834
v -1.166247 3.013167 -0.287191
v -1.163248 3.013167 -0.294901
v -1.162835 3.021429 -0.294740
v -1.165834 3.021429 -0.287030
v -1.174076 3.013726 -0.290349
v -1.171153 3.013726 -0.297864
v -1.170750 3.021778 -0.297707
v -1.173673 3.021778 -0.290192
v -0.953930 3.007406 -0.225784
v -0.947745 3.007406 -0.215637
v -0.952722 3.017761 -0.212603
v -0.958907 3.017761 -0.222750
v -0.946452 3.012836 -0.229613
v -0.940915 3.012836 -0.220530
v -0.945371 3.022106 -0.217814
v -0.950908 3.022106 -0.226897
v -0.939804 3.017664 -0.233018
v -0.934843 3.017664 -0.224880
v -0.938835 3.025970 -0.222447
v -0.943796 3.025970 -0.230584
v -0.933644 3.022138 -0.236173
v -0.929217 3.022138 -0.228911
v -0.932779 3.029550 -0.226740
v -0.937206 3.029550 -0.234001
v -1.211320 2.983328 -0.227933
v -1.207817 2.982643 -0.243208
v -1.197767 2.994558 -0.241437
v -1.201271 2.995242 -0.226162
v -1.220807 2.992454 -0.231035
v -1.217529 2.991814 -0.245329
v -1.208126 3.002963 -0.243672
v -1.211404 3.003604 -0.229378
v -1.229306 3.000629 -0.233814
v -1.226229 3.000028 -0.247229
v -1.217404 3.010492 -0.245674
v -1.220480 3.011093 -0.232258
v -1.237220 3.008242 -0.236401
v -1.234331 3.007678 -0.248998
v -1.226043 3.017503 -0.247538
v -1.228932 3.018067 -0.234941
v -1.244725 3.015462 -0.238855
v -1.242014 3.014932 -0.250676
v -1.234238 3.024152 -0.249306
v -1.236948 3.024682 -0.237485
v -1.251920 3.022383 -0.241208
v -1.249380 3.021887 -0.252284
v -1.242093 3.030526 -0.251000
v -1.244633 3.031023 -0.239924
v -1.258867 3.029067 -0.243480
v -1.256492 3.028603 -0.253837
v -1.249678 3.036682 -0.252637
v -1.252053 3.037146 -0.242279
v -0.974181 2.997520 -0.206770
v -0.973082 2.997520 -0.220520
v -0.974805 3.011204 -0.220657
v -0.975905 3.011204 -0.206908
v -0.986910 2.995811 -0.207692
v -0.985794 2.995811 -0.221633
v -0.987542 3.009686 -0.221773
v -0.988657 3.009686 -0.207832
v -1.000503 2.993986 -0.208676
v -0.999372 2.993986 -0.222823
v -1.001145 3.008065 -0.222964
v -1.002276 3.008065 -0.208818
v -1.014691 2.992080 -0.209703
v -1.013543 2.992080 -0.224064
v -1.015342 3.006373 -0.224208
v -1.016491 3.006373 -0.209847
v -1.029338 2.990113 -0.210764
v -1.028172 2.990113 -0.225345
v -1.030000 3.004626 -0.225491
v -1.031166 3.004626 -0.210910
v -1.044362 2.988096 -0.211851
v -1.043178 2.988096 -0.226660
v -1.045033 3.002834 -0.226808
v -1.046218 3.002834 -0.212000
v -1.059706 2.986036 -0.212962
v -1.058503 2.986036 -0.228002
v -1.060388 3.001005 -0.228153
v -1.061591 3.001005 -0.213113
v -1.075330 2.983938 -0.214094
v -1.074108 2.983938 -0.229369
v -1.076023 2.999141 -0.229522
v -1.077244 2.999141 -0.214247
v -1.091203 2.981807 -0.215243
v -1.089962 2.981807 -0.230757
v -1.091906 2.997248 -0.230913
v -1.093147 2.997248 -0.215398
v -1.107300 2.979645 -0.216408
v -1.106039 2.979645 -0.232166
v -1.108014 2.995328 -0.232324
v -1.109275 2.995328 -0.216566
v -1.123601 2.977456 -0.217589
v -1.122321 2.977456 -0.233592
v -1.124327 2.993384 -0.233752
v -1.125607 2.993384 -0.217749
v -1.140091 2.975242 -0.218783
v -1.138791 2.975242 -0.235035
v -1.140828 2.991417 -0.235198
v -1.142128 2.991417 -0.218945
v -1.156755 2.973004 -0.219989
v -1.155435 2.973004 -0.236493
v -1.157504 2.989430 -0.236658
v -1.158824 2.989430 -0.220154
v -1.173582 2.970745 -0.221207
v -1.172242 2.970745 -0.237965
v -1.174342 2.987423 -0.238133
v -1.175683 2.987423 -0.221375
v -0.731874 3.031709 -0.073167
v -0.710850 3.031709 -0.063879
v -0.718710 3.043954 -0.046087
v -0.726864 3.048989 -0.081029
v -0.708412 3.048989 -0.072877
v -0.715311 3.059735 -0.057262
v -0.733762 3.059735 -0.065414
v -0.722732 3.063235 -0.087511
v -0.706402 3.063235 -0.080296
v -0.712507 3.072747 -0.066476
v -0.728838 3.072747 -0.073691
v -0.719085 3.075812 -0.093233
v -0.704627 3.075812 -0.086846
v -0.710033 3.084233 -0.074610
v -0.724491 3.084233 -0.080998
v -0.715761 3.087277 -0.098450
v -0.703009 3.087277 -0.092816
v -0.707777 3.094704 -0.082025
v -0.720528 3.094704 -0.087659
v -0.712672 3.097928 -0.103296
v -0.701507 3.097928 -0.098363
v -0.705681 3.104431 -0.088914
v -0.716847 3.104431 -0.093846
v -0.709767 3.107946 -0.107854
v -0.700093 3.107946 -0.103580
v -0.703710 3.113580 -0.095393
v -0.713384 3.113580 -0.099667
v -0.707011 3.117452 -0.112179
v -0.698752 3.117452 -0.108530
v -0.701840 3.122262 -0.101541
v -0.710099 3.122262 -0.105189
v -0.693159 2.815584 0.217380
v -0.677783 2.815584 0.243561
v -0.699512 2.825971 0.255789
v -0.714423 2.825971 0.230400
v -0.685472 2.840041 0.210964
v -0.668435 2.840041 0.239974
v -0.695958 2.850676 0.256137
v -0.712995 2.850676 0.227127
v -0.717078 2.811307 0.265572
v -0.731523 2.811307 0.240975
v -0.729890 2.833913 0.273655
v -0.744823 2.833913 0.248227
v -0.723449 2.849887 0.235675
v -0.708516 2.849887 0.261103
v -0.743790 2.858439 0.282424
v -0.759252 2.858439 0.256096
v -0.737121 2.874979 0.243099
v -0.721659 2.874979 0.269427
v -0.758448 2.884302 0.291671
v -0.774468 2.884302 0.264393
v -0.751539 2.901438 0.250926
v -0.735518 2.901438 0.278205
v -0.773697 2.911206 0.301291
v -0.790298 2.911206 0.273024
v -0.766537 2.928964 0.259070
v -0.749936 2.928964 0.287337
v -0.789433 2.938971 0.311219
v -0.806633 2.938971 0.281931
v -0.782015 2.957369 0.267474
v -0.764815 2.957369 0.296761
v -0.805587 2.967472 0.321409
v -0.823402 2.967472 0.291075
v -0.797903 2.986529 0.276100
v -0.780089 2.986529 0.306435
v -0.859379 3.021451 0.318230
v -0.858607 3.002868 0.289113
v -0.838928 3.027040 0.274208
v -0.839700 3.045622 0.303325
v -0.883820 3.035819 0.307522
v -0.883082 3.018043 0.279670
v -0.864258 3.041165 0.265412
v -0.864996 3.058941 0.293264
v -0.906407 3.049096 0.297626
v -0.905699 3.032066 0.270943
v -0.887665 3.054218 0.257283
v -0.888372 3.071248 0.283967
v -0.927867 3.061712 0.288224
v -0.927189 3.045390 0.262651
v -0.909905 3.066620 0.249559
v -0.910583 3.082942 0.275133
v -0.948527 3.073856 0.279173
v -0.947877 3.058217 0.254668
v -0.931315 3.078560 0.242124
v -0.931965 3.094199 0.266629
v -0.968571 3.085639 0.270392
v -0.967949 3.070662 0.246924
v -0.952087 3.090144 0.234910
v -0.952709 3.105121 0.258378
v -0.988116 3.097129 0.261828
v -0.987521 3.082797 0.239372
v -0.972343 3.101440 0.227876
v -0.972938 3.115772 0.250333
v -1.019780 3.106138 0.246934
v -1.006683 3.089786 0.230836
v -1.001479 3.109956 0.214583
v -1.014575 3.126307 0.230682
v -1.039588 3.101814 0.236580
v -1.025666 3.084430 0.219465
v -1.020132 3.105873 0.202187
v -1.034055 3.123257 0.219302
v -1.064785 3.096315 0.223411
v -1.049810 3.077617 0.205003
v -1.043859 3.100680 0.186419
v -1.058833 3.119377 0.204827
v -1.094272 3.089878 0.207998
v -1.078066 3.069644 0.188077
v -1.071626 3.094603 0.167966
v -1.087831 3.114837 0.187887
v -1.127426 3.082642 0.190669
v -1.109836 3.060679 0.169047
v -1.102845 3.087770 0.147218
v -1.120435 3.109732 0.168841
v -1.163828 3.074696 0.171643
v -1.144719 3.050837 0.148152
v -1.137124 3.080267 0.124438
v -1.156233 3.104126 0.147928
v -1.203174 3.066108 0.151077
v -1.182422 3.040198 0.125568
v -1.174175 3.072158 0.099815
v -1.194926 3.098068 0.125324
v -1.245229 3.056928 0.129095
v -1.222722 3.028826 0.101428
v -1.213777 3.063490 0.073497
v -1.236284 3.091592 0.101164
v -1.331609 3.160244 0.035694
v -1.337759 3.160244 0.054978
v -1.352162 3.173703 0.050384
v -1.346011 3.173703 0.031101
v -1.319678 3.173955 0.039300
v -1.325944 3.173955 0.058946
v -1.340618 3.187667 0.054266
v -1.334352 3.187667 0.034620
v -1.306982 3.188546 0.043136
v -1.313371 3.188546 0.063168
v -1.328333 3.202528 0.058396
v -1.321944 3.202528 0.038364
v -1.293762 3.203740 0.047132
v -1.300279 3.203740 0.067565
v -1.315540 3.218002 0.062697
v -1.309023 3.218002 0.042264
v -1.280137 3.219399 0.051249
v -1.286786 3.219399 0.072096
v -1.302356 3.233949 0.067130
v -1.295707 3.233949 0.046283
v -1.266181 3.235438 0.055466
v -1.272965 3.235438 0.076738
v -1.288853 3.250284 0.071670
v -1.282068 3.250284 0.050399
v -1.251944 3.251800 0.059769
v -1.258866 3.251800 0.081473
v -1.275076 3.266948 0.076303
v -1.268154 3.266948 0.054599
v -1.237462 3.268445 0.064146
v -1.244524 3.268445 0.086289
v -1.261063 3.283900 0.081014
v -1.254000 3.283900 0.058871
v -1.222761 3.285339 0.068588
v -1.229966 3.285339 0.091178
v -1.246838 3.301106 0.085797
v -1.239633 3.301106 0.063207
v -1.207863 3.302460 0.073090
v -1.215213 3.302460 0.096133
v -1.232423 3.318543 0.090644
v -1.225074 3.318543 0.067601
v -1.187355 3.335394 0.065243
v -1.177915 3.335394 0.081318
v -1.187290 3.350537 0.086823
v -1.196730 3.350537 0.070749
v -1.177081 3.345340 0.061204
v -1.169383 3.345340 0.074313
v -1.177028 3.357689 0.078803
v -1.184726 3.357689 0.065694
v -1.168533 3.353615 0.057843
v -1.162284 3.353615 0.068485
v -1.168490 3.363640 0.072129
v -1.174739 3.363640 0.061488
v -1.160943 3.360963 0.054859
v -1.155980 3.360963 0.063309
v -1.160909 3.368924 0.066204
v -1.165871 3.368924 0.057753
v -1.241685 3.337954 0.084639
v -1.234179 3.337954 0.064382
v -1.223042 3.355999 0.068508
v -1.230548 3.355999 0.088765
v -1.257225 3.350194 0.077894
v -1.250362 3.350194 0.059372
v -1.240179 3.366694 0.063145
v -1.247042 3.366694 0.081667
v -1.270363 3.360543 0.072192
v -1.264043 3.360543 0.055137
v -1.254667 3.375736 0.058611
v -1.260986 3.375736 0.075666
v -1.282150 3.369828 0.067076
v -1.276318 3.369828 0.051337
v -1.267665 3.383848 0.054543
v -1.273497 3.383848 0.070282
v -1.293024 3.378393 0.062356
v -1.287642 3.378393 0.047832
v -1.279656 3.391332 0.050790
v -1.285038 3.391332 0.065315
v -1.303222 3.386425 0.057930
v -1.298262 3.386425 0.044544
v -1.290902 3.398350 0.047271
v -1.295862 3.398350 0.060657
v -1.312890 3.394041 0.053734
v -1.308330 3.394041 0.041427
v -1.301564 3.405004 0.043934
v -1.306124 3.405004 0.056241
v -1.322127 3.401317 0.049725
v -1.317949 3.401317 0.038449
v -1.311750 3.411361 0.040746
v -1.315928 3.411361 0.052022
v -1.331002 3.408308 0.045873
v -1.327191 3.408308 0.035588
v -1.321537 3.417470 0.037683
v -1.325348 3.417470 0.047968
v -1.339568 3.415055 0.042155
v -1.336112 3.415055 0.032827
v -1.330984 3.423365 0.034727
v -1.334440 3.423365 0.044055
v -1.316421 3.087655 0.085195
v -1.319696 3.073127 0.050107
v -1.288885 3.092701 0.039127
v -1.285611 3.107229 0.074215
v -1.332661 3.112850 0.072516
v -1.335341 3.100962 0.043804
v -1.310130 3.116979 0.034820
v -1.307450 3.128867 0.063531
v -1.346545 3.134390 0.061676
v -1.348715 3.124759 0.038417
v -1.328292 3.137734 0.031138
v -1.326121 3.147365 0.054398
v -1.378937 3.155374 0.044930
v -1.377285 3.155374 0.029242
v -1.372475 3.170390 0.029748
v -1.374127 3.170390 0.045437
v -1.391740 3.160772 0.042421
v -1.390329 3.160772 0.029029
v -1.386224 3.173590 0.029461
v -1.387634 3.173590 0.042853
v -1.402323 3.165235 0.040347
v -1.401112 3.165235 0.028853
v -1.397589 3.176236 0.029224
v -1.398799 3.176236 0.040718
v -1.411681 3.169180 0.038513
v -1.410647 3.169180 0.028698
v -1.407638 3.178575 0.029014
v -1.408672 3.178575 0.038830
v -1.420222 3.172782 0.036839
v -1.419350 3.172782 0.028556
v -1.416810 3.180710 0.028823
v -1.417683 3.180710 0.037107
v -1.428164 3.176131 0.035283
v -1.427442 3.176131 0.028424
v -1.425339 3.182696 0.028645
v -1.426062 3.182696 0.035504
v -0.656056 2.969461 0.690030
v -0.710058 2.969461 0.603483
v -0.683412 3.066519 0.586857
v -0.620137 3.052039 0.684159
v -0.734195 2.999681 0.738209
v -0.787679 2.999681 0.652493
v -0.761289 3.095807 0.636026
v -0.707805 3.095807 0.721742
v -0.811189 3.029458 0.785682
v -0.864163 3.029458 0.700784
v -0.838024 3.124666 0.684475
v -0.785051 3.124666 0.769372
v -0.887449 3.058951 0.832702
v -0.939916 3.058951 0.748615
v -0.914027 3.153250 0.732461
v -0.861560 3.153250 0.816548
v -0.963167 3.088235 0.879387
v -1.015131 3.088235 0.796106
v -0.989491 3.181631 0.780107
v -0.937526 3.181631 0.863388
v -1.146633 3.119238 0.914968
v -1.132074 3.109044 0.821704
v -1.132910 3.203406 0.811259
v -1.147469 3.213600 0.904523
v -1.227239 3.118077 0.901450
v -1.212999 3.108106 0.810234
v -1.213817 3.200396 0.800019
v -1.228057 3.210367 0.891235
v -1.305235 3.116952 0.888371
v -1.291304 3.107198 0.799136
v -1.292104 3.197484 0.789142
v -1.306035 3.207238 0.878377
v -1.381582 3.115852 0.875568
v -1.367954 3.106310 0.788272
v -1.368737 3.194633 0.778496
v -1.382364 3.204175 0.865791
v -1.456726 3.114769 0.862966
v -1.443396 3.105435 0.777580
v -1.444162 3.191828 0.768017
v -1.457491 3.201161 0.853404
v -1.522225 3.149667 0.712660
v -1.447450 3.149667 0.755239
v -1.469371 3.223436 0.793734
v -1.544145 3.223436 0.751155
v -1.492542 3.185628 0.659442
v -1.416829 3.185628 0.702556
v -1.439025 3.260323 0.741534
v -1.514737 3.260323 0.698420
v -1.462462 3.222070 0.605513
v -1.385798 3.222070 0.649168
v -1.408273 3.297703 0.688635
v -1.484936 3.297703 0.644980
v -1.425328 3.314850 0.500116
v -1.345461 3.330239 0.523916
v -1.373149 3.387809 0.579602
v -1.453015 3.372421 0.555802
v -1.419302 3.364205 0.455148
v -1.343228 3.378863 0.477819
v -1.369601 3.433700 0.530861
v -1.445675 3.419042 0.508191
v -1.413555 3.411273 0.412264
v -1.341097 3.425234 0.433858
v -1.366217 3.477465 0.484379
v -1.438675 3.463503 0.462785
v -1.432646 3.475004 0.352128
v -1.386204 3.513542 0.337400
v -1.405461 3.553403 0.380980
v -1.451904 3.514865 0.395708
v -1.456326 3.499888 0.324881
v -1.416156 3.533223 0.312142
v -1.432813 3.567702 0.349837
v -1.472984 3.534367 0.362577
v -1.411378 3.745059 0.217035
v -1.388577 3.762704 0.229750
v -1.408845 3.773263 0.251444
v -1.431646 3.755617 0.238729
v -1.418820 3.766670 0.198399
v -1.394857 3.785214 0.211761
v -1.416158 3.796310 0.234561
v -1.440120 3.777766 0.221198
v -1.427133 3.790815 0.177578
v -1.401873 3.810363 0.191664
v -1.424327 3.822060 0.215698
v -1.449588 3.802512 0.201612
v -1.436070 3.816768 0.155198
v -1.409415 3.837396 0.170062
v -1.433109 3.849739 0.195423
v -1.459764 3.829111 0.180559
v -1.445500 3.844153 0.131582
v -1.417372 3.865921 0.147267
v -1.442375 3.878945 0.174029
v -1.470503 3.857178 0.158344
v -1.455342 3.872738 0.106933
v -1.425679 3.895694 0.123475
v -1.452047 3.909430 0.151698
v -1.481711 3.886474 0.135156
v -1.464249 3.586921 0.268730
v -1.424743 3.585760 0.297986
v -1.451988 3.603811 0.325207
v -1.482050 3.603811 0.295119
v -1.443600 3.619871 0.258668
v -1.415504 3.619871 0.286788
v -1.440966 3.636740 0.312228
v -1.469062 3.636740 0.284109
v -1.433360 3.651042 0.250235
v -1.407062 3.651042 0.276556
v -1.430895 3.666831 0.300368
v -1.457193 3.666831 0.274047
v -1.423702 3.680443 0.242280
v -1.399099 3.680443 0.266904
v -1.421395 3.695215 0.289181
v -1.445998 3.695215 0.264557
v -1.414453 3.708596 0.234663
v -1.391474 3.708596 0.257661
v -1.412299 3.722394 0.278469
v -1.435278 3.722394 0.255470
v -1.456600 3.927856 0.055622
v -1.426385 3.943432 0.079431
v -1.453386 3.970075 0.096267
v -1.483601 3.954499 0.072458
v -1.448894 3.952277 0.031147
v -1.419749 3.967301 0.054112
v -1.445794 3.993001 0.070352
v -1.474939 3.977976 0.047387
v -1.441576 3.975467 0.007905
v -1.413447 3.989967 0.030070
v -1.438584 4.014771 0.045744
v -1.466713 4.000271 0.023579
v -1.434500 3.997893 -0.014571
v -1.407353 4.011887 0.006819
v -1.431612 4.035824 0.021946
v -1.458759 4.021830 0.000555
v -1.427597 4.019766 -0.036494
v -1.401409 4.033267 -0.015858
v -1.424811 4.056359 -0.001266
v -1.451000 4.042859 -0.021901
v -1.417284 4.089181 -0.070040
v -1.394262 4.092170 -0.045631
v -1.418813 4.096865 -0.023050
v -1.441835 4.093876 -0.047458
v -1.416031 4.119542 -0.074332
v -1.393610 4.122452 -0.050562
v -1.417520 4.127024 -0.028571
v -1.439940 4.124114 -0.052341
v -1.414832 4.148577 -0.078437
v -1.392987 4.151413 -0.055277
v -1.416282 4.155868 -0.033851
v -1.438127 4.153031 -0.057011
v -1.413667 4.176784 -0.082425
v -1.392382 4.179547 -0.059858
v -1.415080 4.183888 -0.038980
v -1.436365 4.181125 -0.061547
v -1.412527 4.204391 -0.086328
v -1.391789 4.207083 -0.064341
v -1.413904 4.211313 -0.044000
v -1.434641 4.208621 -0.065987
v -1.411406 4.231529 -0.090165
v -1.391206 4.234151 -0.068748
v -1.412747 4.238271 -0.048935
v -1.432947 4.235649 -0.070351
v -1.395548 4.266728 -0.099525
v -1.381640 4.266728 -0.079877
v -1.393258 4.286140 -0.071654
v -1.407166 4.286140 -0.091301
v -1.383065 4.279205 -0.106214
v -1.371182 4.279205 -0.089426
v -1.381109 4.295792 -0.082399
v -1.392993 4.295792 -0.099187
v -1.431098 4.296296 -0.064891
v -1.427671 4.296296 -0.088262
v -1.404712 4.300709 -0.084895
v -1.408139 4.300709 -0.061524
v -1.433424 4.317681 -0.066722
v -1.430425 4.317681 -0.087176
v -1.410332 4.321543 -0.084229
v -1.413331 4.321543 -0.063776
v -1.435360 4.335479 -0.068246
v -1.432717 4.335479 -0.086272
v -1.415009 4.338884 -0.083675
v -1.417652 4.338884 -0.065649
v -1.437080 4.351287 -0.069600
v -1.434752 4.351287 -0.085469
v -1.419163 4.354285 -0.083183
v -1.421490 4.354285 -0.067314
v -1.438654 4.365763 -0.070839
v -1.436617 4.365763 -0.084734
v -1.422966 4.368388 -0.082732
v -1.425004 4.368388 -0.068837
v -1.440122 4.379259 -0.071995
v -1.438354 4.379259 -0.084048
v -1.426513 4.381535 -0.082312
v -1.428280 4.381535 -0.070258
v -1.441507 4.391990 -0.073085
v -1.439994 4.391990 -0.083402
v -1.429858 4.393938 -0.081916
v -1.431371 4.393938 -0.071598
v -1.518159 3.544577 0.288914
v -1.483775 3.544577 0.258255
v -1.508077 3.588083 0.300221
v -1.546179 3.559277 0.257450
v -1.511835 3.559277 0.226827
v -1.501764 3.602732 0.238121
v -1.536108 3.602732 0.268744
v -1.574140 3.573945 0.226052
v -1.539835 3.573945 0.195464
v -1.529776 3.617350 0.206745
v -1.564080 3.617350 0.237334
v -1.602062 3.588593 0.194698
v -1.567797 3.588593 0.164145
v -1.557749 3.631948 0.175413
v -1.592014 3.631948 0.205966
v -1.629956 3.603227 0.163375
v -1.595731 3.603227 0.132857
v -1.585695 3.646532 0.144113
v -1.619920 3.646532 0.174630
v -1.657827 3.617848 0.132078
v -1.623641 3.617848 0.101595
v -1.613617 3.661103 0.112837
v -1.647803 3.661103 0.143320
v -1.685934 3.670614 0.143945
v -1.713093 3.670614 0.120040
v -1.701740 3.708107 0.104298
v -1.674925 3.708107 0.129839
v -1.703734 3.690990 0.159972
v -1.726732 3.690990 0.139729
v -1.714976 3.715932 0.126373
v -1.691978 3.715932 0.146616
v -1.718604 3.708013 0.173362
v -1.738126 3.708013 0.156178
v -1.728147 3.729185 0.144841
v -1.708625 3.729185 0.162025
v -1.731844 3.723168 0.185283
v -1.748271 3.723168 0.170823
v -1.739874 3.740984 0.161283
v -1.723447 3.740984 0.175743
v -1.743989 3.737071 0.196219
v -1.757578 3.737071 0.184258
v -1.750631 3.751808 0.176367
v -1.737043 3.751808 0.188328
v -1.678227 3.726982 0.078960
v -1.651756 3.726982 0.106136
v -1.685580 3.753075 0.136149
v -1.709118 3.753075 0.111985
v -1.685961 3.762711 0.089428
v -1.662424 3.762711 0.113592
v -1.691951 3.783310 0.139952
v -1.713087 3.783310 0.118254
v -1.692293 3.791964 0.097999
v -1.671157 3.791964 0.119697
v -1.697550 3.809883 0.143293
v -1.716574 3.809883 0.123763
v -1.697858 3.817671 0.105531
v -1.678833 3.817671 0.125062
v -1.702636 3.834025 0.146330
v -1.719743 3.834025 0.128768
v -1.702913 3.841028 0.112374
v -1.685807 3.841028 0.129936
v -1.707349 3.856392 0.149143
v -1.722679 3.856392 0.133406
v -1.707597 3.862668 0.118715
v -1.692267 3.862668 0.134452
v -1.711772 3.877384 0.151783
v -1.725434 3.877384 0.137758
v -1.711993 3.882977 0.124665
v -1.698331 3.882977 0.138690
v -1.715961 3.897266 0.154284
v -1.728044 3.897266 0.141880
v -1.716157 3.902213 0.130300
v -1.704074 3.902213 0.142704
v -1.719956 3.916225 0.156668
v -1.730532 3.916225 0.145811
v -1.720127 3.920555 0.135675
v -1.709551 3.920555 0.146532
v -1.723786 3.934402 0.158954
v -1.732918 3.934402 0.149579
v -1.723933 3.938140 0.140827
v -1.714801 3.938140 0.150202
v -1.731301 3.956640 0.159926
v -1.733015 3.947505 0.153486
v -1.725837 3.951602 0.145767
v -1.724124 3.960736 0.152208
v -1.735936 3.959552 0.157824
v -1.737787 3.949687 0.150868
v -1.730036 3.954111 0.142532
v -1.728185 3.963975 0.149488
v -1.745344 3.965463 0.153557
v -1.747474 3.954115 0.145555
v -1.738558 3.959204 0.135966
v -1.736428 3.970552 0.143968
v -1.760380 3.974909 0.146739
v -1.762954 3.961192 0.137065
v -1.752175 3.967343 0.125474
v -1.749601 3.981061 0.135147
v -1.781731 3.988325 0.137055
v -1.784938 3.971241 0.125009
v -1.771515 3.978900 0.110573
v -1.768308 3.995985 0.122619
v -1.809991 4.006079 0.124239
v -1.814034 3.984540 0.109051
v -1.797110 3.994198 0.090851
v -1.793068 4.015737 0.106039
v -1.845681 4.028502 0.108053
v -1.850780 4.001338 0.088898
v -1.829436 4.013518 0.065943
v -1.824337 4.040683 0.085099
v -1.908979 4.047548 0.094854
v -1.923256 4.047548 0.067270
v -1.913085 4.074267 0.054841
v -1.901901 4.074267 0.088671
v -1.929521 4.060572 0.101504
v -1.940547 4.060572 0.080202
v -1.932120 4.082602 0.075841
v -1.921095 4.082602 0.097143
v -1.960662 4.097559 0.111026
v -1.967376 4.096440 0.095593
v -1.953426 4.103281 0.089028
v -1.946712 4.104401 0.104461
v -1.967008 4.112636 0.112277
v -1.973418 4.111567 0.097540
v -1.960098 4.118100 0.091271
v -1.953687 4.119169 0.106008
v -1.972696 4.126151 0.113398
v -1.978836 4.125126 0.099286
v -1.966080 4.131383 0.093282
v -1.959940 4.132408 0.107395
v -1.977996 4.138742 0.114443
v -1.983882 4.137760 0.100912
v -1.971652 4.143758 0.095156
v -1.965765 4.144741 0.108687
v -1.983024 4.150688 0.115434
v -1.988670 4.149745 0.102455
v -1.976939 4.155500 0.096933
v -1.971292 4.156442 0.109912
v -1.987846 4.162144 0.116384
v -1.993262 4.161241 0.103934
v -1.982009 4.166760 0.098638
v -1.976593 4.167664 0.111088
v -1.992503 4.173208 0.117302
v -1.997697 4.172341 0.105363
v -1.986905 4.177634 0.100284
v -1.981711 4.178501 0.112223
v -1.997023 4.183946 0.118193
v -2.002001 4.183115 0.106750
v -1.991658 4.188189 0.101882
v -1.986680 4.189020 0.113325
v -2.001427 4.194408 0.119061
v -2.006195 4.193613 0.108101
v -1.996288 4.198472 0.103439
v -1.991520 4.199267 0.114398
v -2.005730 4.204632 0.119909
v -2.010292 4.203871 0.109421
v -2.000813 4.208520 0.104960
v -1.996250 4.209281 0.115447
v -2.009944 4.214644 0.120739
v -2.014306 4.213916 0.110714
v -2.005244 4.218360 0.106450
v -2.000882 4.219088 0.116475
v -1.876202 4.086545 0.040462
v -1.868110 4.086545 0.080539
v -1.916123 4.102677 0.089653
v -1.923989 4.102677 0.050690
v -1.887412 4.116372 0.043305
v -1.879546 4.116372 0.082268
v -1.926156 4.131859 0.091118
v -1.933805 4.131859 0.053232
v -1.898238 4.145175 0.046051
v -1.890589 4.145175 0.083937
v -1.935964 4.160387 0.092551
v -1.943401 4.160387 0.055716
v -1.908822 4.173333 0.048735
v -1.901385 4.173333 0.085570
v -1.958892 4.208653 0.099878
v -1.970365 4.208653 0.073858
v -1.952532 4.230651 0.071226
v -1.940935 4.229233 0.091961
v -1.972152 4.224784 0.103098
v -1.981685 4.224784 0.081476
v -1.966763 4.241884 0.074897
v -1.957230 4.241884 0.096519
v -1.983311 4.238359 0.105808
v -1.991213 4.238359 0.087887
v -1.978845 4.252532 0.082434
v -1.970943 4.252532 0.100355
v -1.993294 4.250502 0.108232
v -1.999735 4.250502 0.093622
v -1.989652 4.262057 0.089176
v -1.983211 4.262057 0.103786
v -1.896985 4.346648 0.069375
v -1.919323 4.346648 0.083326
v -1.931626 4.359067 0.063628
v -1.909287 4.359067 0.049676
v -1.892975 4.368689 0.078706
v -1.912698 4.368689 0.091023
v -1.923559 4.379654 0.073632
v -1.903837 4.379654 0.061314
v -1.889566 4.387432 0.086641
v -1.907063 4.387432 0.097569
v -1.916700 4.397161 0.082139
v -1.899202 4.397161 0.071211
v -1.886495 4.404312 0.093786
v -1.901989 4.404312 0.103463
v -1.910522 4.412926 0.089800
v -1.895028 4.412926 0.080124
v -1.883655 4.419929 0.100398
v -1.897295 4.419929 0.108917
v -1.904807 4.427512 0.096888
v -1.891167 4.427512 0.088369
v -1.880985 4.434607 0.106612
v -1.892883 4.434607 0.114043
v -1.899436 4.441222 0.103551
v -1.887537 4.441222 0.096120
v -1.940392 4.225544 0.044285
v -1.907593 4.225544 0.056767
v -1.919857 4.232070 0.088994
v -1.937941 4.256471 0.039658
v -1.906349 4.256471 0.051681
v -1.918161 4.262757 0.082722
v -1.949753 4.262757 0.070699
v -1.935578 4.286270 0.035201
v -1.905150 4.286270 0.046781
v -1.916528 4.292324 0.076678
v -1.946956 4.292324 0.065099
v -1.913562 4.335762 0.025637
v -1.897832 4.335762 0.043408
v -1.912999 4.348128 0.056834
v -1.928730 4.348128 0.039063
v -1.906382 4.352643 0.022625
v -1.893970 4.352643 0.036646
v -1.905938 4.362401 0.047240
v -1.918349 4.362401 0.033218
v -1.702738 3.690429 0.063789
v -1.667270 3.690429 0.043556
v -1.649524 3.710044 0.074664
v -1.684992 3.710044 0.094898
v -1.709239 3.723431 0.048937
v -1.676746 3.723431 0.030401
v -1.660489 3.741400 0.058900
v -1.692982 3.741400 0.077436
v -1.714977 3.752562 0.035827
v -1.685111 3.752562 0.018790
v -1.670168 3.769078 0.044984
v -1.700034 3.769078 0.062022
v -1.720270 3.779432 0.023735
v -1.692827 3.779432 0.008079
v -1.679096 3.794609 0.032149
v -1.706539 3.794609 0.047804
v -1.725255 3.804739 0.012346
v -1.700094 3.804739 -0.002008
v -1.687504 3.818653 0.020060
v -1.712666 3.818653 0.034414
v -1.730007 3.828864 0.001489
v -1.707021 3.828864 -0.011624
v -1.695520 3.841576 0.008536
v -1.718506 3.841576 0.021649
v -1.713071 3.886878 -0.026682
v -1.699285 3.886878 -0.015108
v -1.710201 3.892863 -0.002106
v -1.723986 3.892863 -0.013681
v -1.709462 3.902271 -0.028786
v -1.697837 3.902271 -0.019026
v -1.707042 3.907318 -0.008062
v -1.718668 3.907318 -0.017822
v -1.706616 3.914414 -0.030446
v -1.696695 3.914414 -0.022116
v -1.704551 3.918721 -0.012760
v -1.714472 3.918721 -0.021089
v -1.704174 3.924834 -0.031870
v -1.695715 3.924834 -0.024768
v -1.702413 3.928507 -0.016791
v -1.710872 3.928507 -0.023892
v -1.701994 3.934136 -0.033141
v -1.694840 3.934136 -0.027136
v -1.700504 3.937241 -0.020389
v -1.707658 3.937241 -0.026395
v -1.700002 3.942634 -0.034302
v -1.694041 3.942634 -0.029298
v -1.698761 3.945221 -0.023677
v -1.704722 3.945221 -0.028681
v -1.698154 3.950515 -0.035380
v -1.693300 3.950515 -0.031304
v -1.697144 3.952623 -0.026726
v -1.701998 3.952623 -0.030802
v -1.696422 3.957907 -0.036390
v -1.692605 3.957907 -0.033185
v -1.695627 3.959564 -0.029585
v -1.699444 3.959564 -0.032790
v -1.694784 3.964894 -0.037345
v -1.691948 3.964894 -0.034964
v -1.694194 3.966125 -0.032289
v -1.697030 3.966125 -0.034670
v -1.739574 3.910686 -0.005586
v -1.729059 3.910686 -0.023749
v -1.711063 3.913528 -0.013332
v -1.721577 3.913528 0.004832
v -1.741715 3.937601 -0.007701
v -1.731960 3.937601 -0.024553
v -1.715263 3.940237 -0.014887
v -1.725018 3.940237 0.001965
v -1.743429 3.959145 -0.009394
v -1.734282 3.959145 -0.025196
v -1.718625 3.961617 -0.016133
v -1.727773 3.961617 -0.000331
v -1.744914 3.977808 -0.010860
v -1.736293 3.977808 -0.025753
v -1.721538 3.980137 -0.017212
v -1.730159 3.980137 -0.002319
v -1.746248 3.994583 -0.012179
v -1.738101 3.994583 -0.026253
v -1.724156 3.996785 -0.018181
v -1.732303 3.996785 -0.004107
v -1.747474 4.009995 -0.013390
v -1.739762 4.009995 -0.026713
v -1.726561 4.012078 -0.019072
v -1.734274 4.012078 -0.005749
v -1.748617 4.024355 -0.014519
v -1.741310 4.024355 -0.027142
v -1.728803 4.026330 -0.019902
v -1.736110 4.026330 -0.007279
v -1.749692 4.037875 -0.015581
v -1.742767 4.037875 -0.027546
v -1.730912 4.039747 -0.020684
v -1.737838 4.039747 -0.008719
v -1.750713 4.050700 -0.016589
v -1.744149 4.050700 -0.027928
v -1.732914 4.052474 -0.021425
v -1.739478 4.052474 -0.010086
v -1.751686 4.062938 -0.017551
v -1.745467 4.062938 -0.028294
v -1.734824 4.064618 -0.022132
v -1.741043 4.064618 -0.011389
v -1.752620 4.074670 -0.018473
v -1.746732 4.074670 -0.028644
v -1.736655 4.076261 -0.022810
v -1.742543 4.076261 -0.012640
v -1.753518 4.085961 -0.019360
v -1.747949 4.085961 -0.028981
v -1.738417 4.087466 -0.023463
v -1.743986 4.087466 -0.013843
v -1.754385 4.096862 -0.020217
v -1.749124 4.096862 -0.029306
v -1.740118 4.098284 -0.024093
v -1.745380 4.098284 -0.015004
v -1.755225 4.107415 -0.021046
v -1.750261 4.107415 -0.029621
v -1.741765 4.108757 -0.024703
v -1.746729 4.108757 -0.016129
v -1.756040 4.117656 -0.021851
v -1.751365 4.117656 -0.029927
v -1.743364 4.118919 -0.025295
v -1.748038 4.118919 -0.017220
v -1.756831 4.127614 -0.022634
v -1.752438 4.127614 -0.030224
v -1.744918 4.128801 -0.025871
v -1.749311 4.128801 -0.018280
v -1.757603 4.137311 -0.023396
v -1.753483 4.137311 -0.030513
v -1.746431 4.138425 -0.026431
v -1.750551 4.138425 -0.019314
v -1.758356 4.146773 -0.024140
v -1.754503 4.146773 -0.030796
v -1.747908 4.147814 -0.026978
v -1.751761 4.147814 -0.020322
v -1.759091 4.156015 -0.024866
v -1.755499 4.156015 -0.031072
v -1.749350 4.156986 -0.027512
v -1.752942 4.156986 -0.021307
v -1.759810 4.165055 -0.025576
v -1.756473 4.165055 -0.031342
v -1.750761 4.165957 -0.028035
v -1.754098 4.165957 -0.022270
v -1.760514 4.173906 -0.026272
v -1.757427 4.173906 -0.031606
v -1.752142 4.174741 -0.028547
v -1.755230 4.174741 -0.023213
v -1.761205 4.182582 -0.026954
v -1.758362 4.182582 -0.031865
v -1.753496 4.183351 -0.029048
v -1.756339 4.183351 -0.024137
v -1.761882 4.191093 -0.027623
v -1.759279 4.191093 -0.032119
v -1.754825 4.191797 -0.029540
v -1.757427 4.191797 -0.025044
v -1.762547 4.199450 -0.028279
v -1.760180 4.199450 -0.032368
v -1.756129 4.200090 -0.030023
v -1.758496 4.200090 -0.025934
v -1.763200 4.207662 -0.028925
v -1.761065 4.207662 -0.032613
v -1.757411 4.208239 -0.030498
v -1.759545 4.208239 -0.026809
v -1.634953 3.146079 0.826283
v -1.624840 3.146079 0.752926
v -1.602735 3.216689 0.755973
v -1.612849 3.216689 0.829331
v -1.695568 3.169371 0.814271
v -1.686443 3.169371 0.748087
v -1.666500 3.233076 0.750837
v -1.675625 3.233076 0.817021
v -1.748209 3.189598 0.803840
v -1.739943 3.189598 0.743886
v -1.721877 3.247307 0.746377
v -1.730143 3.247307 0.806331
v -1.796259 3.208062 0.794318
v -1.788777 3.208062 0.740050
v -1.772425 3.260296 0.742305
v -1.779907 3.260296 0.796572
v -1.841160 3.225315 0.785420
v -1.834411 3.225315 0.736466
v -1.819660 3.272435 0.738500
v -1.826409 3.272435 0.787453
v -1.883703 3.241663 0.776989
v -1.877648 3.241663 0.733071
v -1.864414 3.283936 0.734895
v -1.870469 3.283936 0.778814
v -2.091998 3.360233 0.668141
v -2.074764 3.361314 0.650692
v -2.063446 3.378890 0.659566
v -2.079700 3.379108 0.673367
v -2.101226 3.376674 0.657217
v -2.088755 3.376674 0.641311
v -2.078681 3.392317 0.649208
v -2.091152 3.392317 0.665115
v -2.111266 3.389062 0.648066
v -2.100038 3.389062 0.633744
v -2.090969 3.403146 0.640855
v -2.102197 3.403146 0.655176
v -2.120005 3.399843 0.640101
v -2.109859 3.399843 0.627159
v -2.101663 3.412570 0.633584
v -2.111809 3.412570 0.646526
v -2.127888 3.409568 0.632916
v -2.118717 3.409568 0.621218
v -2.111309 3.421072 0.627026
v -2.120480 3.421072 0.638723
v -2.135150 3.418527 0.626297
v -2.126878 3.418527 0.615746
v -2.120196 3.428903 0.620984
v -2.128468 3.428903 0.631535
v -2.141932 3.426896 0.620115
v -2.134500 3.426896 0.610635
v -2.128497 3.436219 0.615341
v -2.135929 3.436219 0.624822
v -2.148331 3.434790 0.614283
v -2.141691 3.434790 0.605813
v -2.136327 3.443119 0.610018
v -2.142967 3.443119 0.618488
v -2.154411 3.442291 0.608741
v -2.148523 3.442291 0.601231
v -2.143767 3.449676 0.604960
v -2.149655 3.449676 0.612470
v -2.160221 3.449459 0.603445
v -2.155052 3.449459 0.596853
v -2.150877 3.455942 0.600126
v -2.156046 3.455942 0.606719
v -2.165799 3.456341 0.598361
v -2.161321 3.456341 0.592649
v -2.157704 3.461958 0.595485
v -2.162182 3.461958 0.601197
v -2.171175 3.462973 0.593462
v -2.167362 3.462973 0.588598
v -2.164282 3.467755 0.591013
v -2.168095 3.467755 0.595876
v -1.964308 3.276175 0.746848
v -1.944890 3.275620 0.710167
v -1.937273 3.306468 0.717481
v -1.951013 3.309499 0.753319
v -1.990530 3.290702 0.732739
v -1.975636 3.290702 0.702136
v -1.963224 3.321811 0.708177
v -1.978118 3.321811 0.738780
v -2.014765 3.304127 0.719700
v -2.000849 3.304127 0.691109
v -1.989254 3.333191 0.696753
v -2.003169 3.333191 0.725343
v -2.037792 3.316883 0.707310
v -2.024808 3.316883 0.680631
v -2.013987 3.344004 0.685897
v -2.026972 3.344004 0.712576
v -2.098077 3.359151 0.691751
v -2.084800 3.379326 0.693330
v -2.119720 3.374779 0.688246
v -2.117081 3.374779 0.666050
v -2.104819 3.393411 0.667508
v -2.107458 3.393411 0.689704
v -2.137466 3.387593 0.685372
v -2.135006 3.387593 0.664683
v -2.123577 3.404960 0.666042
v -2.126037 3.404960 0.686731
v -2.153076 3.398865 0.682844
v -2.150774 3.398865 0.663480
v -2.140078 3.415119 0.664752
v -2.142380 3.415119 0.684115
v -2.167270 3.409114 0.680545
v -2.165111 3.409114 0.662387
v -2.155080 3.424356 0.663580
v -2.157239 3.424356 0.681738
v -2.180427 3.418614 0.678414
v -2.178401 3.418614 0.661374
v -2.168987 3.432918 0.662493
v -2.171013 3.432918 0.679533
v -2.192781 3.427534 0.676413
v -2.190880 3.427534 0.660422
v -2.182045 3.440958 0.661472
v -2.183947 3.440958 0.677464
v -2.204486 3.435987 0.674518
v -2.202703 3.435987 0.659520
v -2.194418 3.448576 0.660505
v -2.196201 3.448576 0.675503
v -2.215652 3.444049 0.672709
v -2.213982 3.444049 0.658660
v -2.206221 3.455842 0.659583
v -2.207891 3.455842 0.673632
v -2.226361 3.451782 0.670975
v -2.224799 3.451782 0.657835
v -2.217540 3.462811 0.658698
v -2.219102 3.462811 0.671838
v -2.236673 3.459228 0.669304
v -2.235216 3.459228 0.657041
v -2.228441 3.469523 0.657846
v -2.229899 3.469523 0.670110
v -2.246639 3.466424 0.667691
v -2.245282 3.466424 0.656273
v -2.238974 3.476008 0.657023
v -2.240332 3.476008 0.668440
v -2.256297 3.473398 0.666126
v -2.255037 3.473398 0.655529
v -2.249183 3.482293 0.656225
v -2.250443 3.482293 0.666822
v -2.265679 3.480172 0.664607
v -2.264514 3.480172 0.654806
v -2.259100 3.488399 0.655450
v -2.260265 3.488399 0.665250
v -2.274812 3.486768 0.663127
v -2.273740 3.486768 0.654103
v -2.268754 3.494343 0.654696
v -2.269827 3.494343 0.663720
v -2.283720 3.493199 0.661685
v -2.282736 3.493199 0.653417
v -2.278169 3.500140 0.653960
v -2.279152 3.500140 0.662228
v -2.292420 3.499481 0.660276
v -2.291525 3.499481 0.652746
v -2.287365 3.505802 0.653241
v -2.288260 3.505802 0.660770
v -1.912640 3.275065 0.699430
v -1.910703 3.303438 0.707587
v -1.944067 3.284259 0.684133
v -1.920229 3.284259 0.678473
v -1.918625 3.307756 0.685228
v -1.942463 3.307756 0.690889
v -1.946205 3.291697 0.666232
v -1.926368 3.291697 0.661521
v -1.925034 3.311249 0.667143
v -1.944870 3.311249 0.671853
v -1.948069 3.298182 0.650621
v -1.931721 3.298182 0.646740
v -1.930621 3.314295 0.651372
v -1.946969 3.314295 0.655254
v -1.949752 3.304040 0.636520
v -1.936557 3.304040 0.633387
v -1.935669 3.317046 0.637126
v -1.948864 3.317046 0.640259
v -1.951305 3.309443 0.623515
v -1.941017 3.309443 0.621072
v -1.940325 3.319583 0.623987
v -1.950613 3.319583 0.626430
v -0.512926 2.935493 0.666164
v -0.611013 2.935493 0.694395
v -0.512777 3.037560 0.666683
v -0.487662 2.935465 0.755619
v -0.584857 2.935465 0.783594
v -0.584709 3.036604 0.784108
v -0.487514 3.036604 0.756133
v -0.462749 2.935437 0.843831
v -0.559064 2.935437 0.871552
v -0.558918 3.035661 0.872062
v -0.462602 3.035661 0.844340
v -0.438061 2.935410 0.931244
v -0.533505 2.935410 0.958715
v -0.533360 3.034728 0.959220
v -0.437916 3.034728 0.931750
v -0.413540 2.935383 1.018070
v -0.508118 2.935383 1.045291
v -0.507974 3.033800 1.045792
v -0.413395 3.033800 1.018570
v -0.356488 2.945858 1.172358
v -0.438903 2.945858 1.214290
v -0.442958 3.037893 1.206321
v -0.360543 3.037893 1.164388
v -0.326790 2.954871 1.235617
v -0.405253 2.954871 1.275539
v -0.409114 3.042494 1.267951
v -0.330650 3.042494 1.228029
v -0.298480 2.963463 1.295918
v -0.373176 2.963463 1.333924
v -0.376851 3.046880 1.326700
v -0.302155 3.046880 1.288695
v -0.473715 2.987781 1.040538
v -0.382528 2.987781 1.050338
v -0.389039 3.056327 1.110919
v -0.480225 3.056327 1.101119
v -0.518258 3.114529 1.019883
v -0.452337 3.160141 1.011739
v -0.436607 3.151431 1.090283
v -0.502529 3.105819 1.098426
v -0.555146 3.174744 1.036257
v -0.492909 3.217806 1.028569
v -0.478059 3.209583 1.102723
v -0.540296 3.166521 1.110411
v -0.588907 3.229852 1.051243
v -0.530041 3.270582 1.043971
v -0.515996 3.262804 1.114108
v -0.574861 3.222074 1.121380
v -0.620784 3.281886 1.065393
v -0.565102 3.320413 1.058514
v -0.551816 3.313056 1.124858
v -0.607498 3.274529 1.131737
v -0.651330 3.331747 1.078952
v -0.598698 3.368164 1.072450
v -0.586140 3.361209 1.135159
v -0.638772 3.324793 1.141661
v -0.680855 3.379942 1.092057
v -0.631172 3.414319 1.085920
v -0.619318 3.407754 1.145116
v -0.669001 3.373377 1.151254
v -0.771994 3.531168 1.240492
v -0.779105 3.531168 1.204359
v -0.758426 3.561366 1.200290
v -0.754594 3.557349 1.241583
v -0.794988 3.542448 1.249798
v -0.803911 3.542448 1.204461
v -0.777964 3.580339 1.199355
v -0.769041 3.580339 1.244691
v -0.935068 3.701694 1.187267
v -0.912703 3.701694 1.169476
v -0.898804 3.719532 1.186948
v -0.921169 3.719532 1.204739
v -0.942071 3.723081 1.174766
v -0.923309 3.723081 1.159841
v -0.911649 3.738046 1.174499
v -0.930411 3.738046 1.189423
v -0.947785 3.740535 1.164565
v -0.931964 3.740535 1.151979
v -0.922131 3.753155 1.164340
v -0.937953 3.753155 1.176925
v -0.952797 3.755842 1.155618
v -0.939554 3.755842 1.145084
v -0.931324 3.766405 1.155430
v -0.944567 3.766405 1.165965
v -0.957343 3.769727 1.147503
v -0.946439 3.769727 1.138829
v -0.939663 3.778424 1.147348
v -0.950567 3.778424 1.156022
v -0.961550 3.782576 1.139993
v -0.952810 3.782576 1.133041
v -0.947379 3.789546 1.139869
v -0.956119 3.789546 1.146821
v -0.847858 3.584079 1.272604
v -0.866246 3.584079 1.244364
v -0.855301 3.615145 1.237237
v -0.836913 3.615145 1.265478
v -0.867058 3.598278 1.278386
v -0.879301 3.598278 1.259584
v -0.872014 3.618961 1.254839
v -0.859771 3.618961 1.273641
v -0.882201 3.609477 1.282946
v -0.889597 3.609477 1.271588
v -0.885195 3.621972 1.268721
v -0.877799 3.621972 1.280080
v -0.870605 3.600927 1.242189
v -0.859715 3.600927 1.193880
v -0.824545 3.634876 1.201808
v -0.835435 3.634876 1.250117
v -0.894151 3.632018 1.233585
v -0.884675 3.632018 1.191549
v -0.854072 3.661559 1.198448
v -0.863548 3.661559 1.240484
v -0.954415 3.702079 1.227835
v -0.955832 3.702079 1.198863
v -0.937165 3.724262 1.197951
v -0.935749 3.724262 1.226923
v -0.975697 3.722489 1.226931
v -0.976923 3.722489 1.201839
v -0.960757 3.741701 1.201049
v -0.959530 3.741701 1.226140
v -0.992540 3.738644 1.226215
v -0.993617 3.738644 1.204195
v -0.979430 3.755504 1.203501
v -0.978353 3.755504 1.225521
v -1.007025 3.752536 1.225599
v -1.007973 3.752536 1.206221
v -0.995487 3.767374 1.205611
v -0.994540 3.767374 1.224988
v -1.019976 3.764957 1.225048
v -1.020808 3.764957 1.208032
v -1.009845 3.777986 1.207496
v -1.009013 3.777986 1.224512
v -1.031822 3.776319 1.224544
v -1.032548 3.776319 1.209689
v -1.022977 3.787694 1.209221
v -1.022251 3.787694 1.224077
v -1.042822 3.786869 1.224077
v -1.043450 3.786869 1.211227
v -1.035171 3.796707 1.210822
v -1.034543 3.796707 1.223672
v -1.053146 3.796771 1.223638
v -1.053682 3.796771 1.212671
v -1.046617 3.805168 1.212325
v -1.046080 3.805168 1.223292
v -1.062914 3.806139 1.223222
v -1.063363 3.806139 1.214037
v -1.057445 3.813172 1.213748
v -1.056996 3.813172 1.222933
v -1.072212 3.815056 1.222827
v -1.072578 3.815056 1.215337
v -1.067752 3.820791 1.215102
v -1.067386 3.820791 1.222591
v -1.081107 3.823588 1.222449
v -1.081394 3.823588 1.216581
v -1.077613 3.828080 1.216397
v -1.077327 3.828080 1.222264
v -0.733917 3.468205 1.142081
v -0.696566 3.498720 1.138887
v -0.676541 3.478286 1.177847
v -0.713891 3.447772 1.181041
v -0.747664 3.492507 1.165802
v -0.715183 3.519043 1.163025
v -0.697769 3.501274 1.196905
v -0.730250 3.474738 1.199683
v -0.759866 3.514075 1.186855
v -0.731706 3.537081 1.184447
v -0.716609 3.521676 1.213820
v -0.744768 3.498670 1.216228
v -0.757492 3.520473 1.246356
v -0.780951 3.520473 1.223342
v -0.781332 3.553331 1.223731
v -0.776556 3.519067 1.267129
v -0.801355 3.519067 1.242801
v -0.801759 3.553802 1.243212
v -0.776959 3.553802 1.267540
v -0.796861 3.517570 1.289254
v -0.823087 3.517570 1.263526
v -0.823514 3.554304 1.263961
v -0.797288 3.554304 1.289689
v -0.876162 3.550326 1.324715
v -0.883146 3.550326 1.298739
v -0.869382 3.573138 1.295039
v -0.862399 3.573138 1.321015
v -0.893705 3.564374 1.326666
v -0.899302 3.564374 1.305848
v -0.888271 3.582658 1.302882
v -0.882674 3.582658 1.323701
v -0.907412 3.575352 1.328191
v -0.911926 3.575352 1.311402
v -0.903030 3.590096 1.309011
v -0.898517 3.590096 1.325800
v -0.919104 3.584715 1.329492
v -0.922693 3.584715 1.316139
v -0.915619 3.596441 1.314238
v -0.912029 3.596441 1.327590
v -0.929493 3.593035 1.330647
v -0.932261 3.593035 1.320349
v -0.926805 3.602079 1.318882
v -0.924036 3.602079 1.329181
v -0.938950 3.600608 1.331699
v -0.940971 3.600608 1.324181
v -0.936988 3.607211 1.323110
v -0.934966 3.607211 1.330629
v -0.947696 3.607613 1.332673
v -0.949026 3.607613 1.327726
v -0.946405 3.611958 1.327021
v -0.945075 3.611958 1.331968
v -0.835654 3.513161 1.331771
v -0.856917 3.513161 1.320723
v -0.860237 3.536015 1.327113
v -0.838974 3.536015 1.338161
v -0.847151 3.511327 1.346004
v -0.861954 3.511327 1.338313
v -0.864266 3.527238 1.342762
v -0.849462 3.527238 1.350453
v -0.856335 3.509862 1.357374
v -0.865978 3.509862 1.352364
v -0.867484 3.520227 1.355262
v -0.857841 3.520227 1.360272
v -0.399045 3.001604 1.221887
v -0.494026 3.001604 1.211679
v -0.487699 3.076563 1.152801
v -0.392718 3.076563 1.163008
v -0.406963 3.054398 1.286716
v -0.500065 3.054398 1.276710
v -0.493862 3.127874 1.218996
v -0.400760 3.127874 1.229002
v -0.414720 3.106130 1.350241
v -0.505982 3.106130 1.340433
v -0.499903 3.178154 1.283860
v -0.408641 3.178154 1.293668
v -0.531309 3.237058 1.461445
v -0.569120 3.237058 1.387938
v -0.514892 3.292862 1.360043
v -0.477080 3.292862 1.433550
v -0.576099 3.294678 1.481329
v -0.611343 3.294678 1.412812
v -0.560796 3.346694 1.386811
v -0.525551 3.346694 1.455328
v -0.616906 3.347176 1.499445
v -0.649811 3.347176 1.435474
v -0.602618 3.395740 1.411199
v -0.569713 3.395740 1.475169
v -0.655324 3.396600 1.516501
v -0.686029 3.396600 1.456811
v -0.641993 3.441915 1.434159
v -0.611289 3.441915 1.493849
v -0.692059 3.443859 1.532809
v -0.720658 3.443859 1.477212
v -0.679642 3.486066 1.456113
v -0.651043 3.486066 1.511711
v -0.770555 3.528276 1.558553
v -0.789760 3.520575 1.504271
v -0.755340 3.563649 1.485982
v -0.736134 3.571350 1.540263
v -0.811792 3.565194 1.567911
v -0.831001 3.557492 1.513620
v -0.796574 3.600575 1.495327
v -0.777365 3.608277 1.549619
v -0.853040 3.602122 1.577273
v -0.872253 3.594419 1.522970
v -0.837820 3.637509 1.504674
v -0.818606 3.645213 1.558976
v -0.894295 3.639057 1.586635
v -0.913511 3.631352 1.532323
v -0.879071 3.674451 1.514023
v -0.859854 3.682156 1.568336
v -0.928107 3.825327 1.861515
v -0.960491 3.825327 1.851933
v -0.952467 3.843789 1.824815
v -0.920083 3.843789 1.834398
v -0.932416 3.850052 1.877616
v -0.965637 3.850052 1.867786
v -0.957405 3.868990 1.839967
v -0.924184 3.868990 1.849797
v -0.936879 3.875662 1.894293
v -0.970967 3.875662 1.884206
v -0.962521 3.895094 1.855662
v -0.928433 3.895094 1.865748
v -0.941445 3.901864 1.911354
v -0.976420 3.901864 1.901005
v -0.967754 3.921801 1.871719
v -0.932780 3.921801 1.882068
v -0.947827 3.962945 1.943575
v -0.986263 3.959703 1.935601
v -0.977568 3.978324 1.907016
v -0.943886 3.978324 1.917261
v -0.957709 3.984924 1.959604
v -0.989665 3.984924 1.949883
v -0.981415 4.002590 1.922764
v -0.949460 4.002590 1.932484
v -0.962478 4.008378 1.972399
v -0.992828 4.008378 1.963166
v -0.984993 4.025157 1.937409
v -0.954643 4.025157 1.946641
v -0.967028 4.030755 1.984605
v -0.995846 4.030755 1.975839
v -0.988406 4.046687 1.951382
v -0.959589 4.046687 1.960148
v -0.971422 4.052364 1.996393
v -0.998760 4.052364 1.988077
v -0.991703 4.067478 1.964875
v -0.964364 4.067478 1.973191
v -1.006187 4.117600 1.986226
v -0.986543 4.117600 1.971028
v -0.971511 4.121262 1.990458
v -0.992691 4.117450 2.007424
v -1.007461 4.142627 1.983410
v -0.988949 4.142627 1.969088
v -0.974783 4.146077 1.987397
v -0.993295 4.146077 2.001720
v -1.008557 4.164157 1.980987
v -0.991019 4.164157 1.967419
v -0.977598 4.167427 1.984765
v -0.995136 4.167427 1.998334
v -1.009551 4.183691 1.978789
v -0.992896 4.183691 1.965904
v -0.980153 4.186795 1.982377
v -0.996807 4.186795 1.995261
v -1.010476 4.201863 1.976745
v -0.994644 4.201863 1.964496
v -0.982529 4.204813 1.980155
v -0.998361 4.204813 1.992404
v -1.011349 4.219018 1.974814
v -0.996293 4.219018 1.963166
v -0.984772 4.221824 1.978057
v -0.999828 4.221824 1.989705
v -1.012181 4.235371 1.972974
v -0.997865 4.235371 1.961898
v -0.986910 4.238039 1.976058
v -1.001226 4.238039 1.987133
v -1.012980 4.251068 1.971207
v -0.999374 4.251068 1.960681
v -0.988963 4.253604 1.974138
v -1.002569 4.253604 1.984664
v -1.013750 4.266213 1.969503
v -1.000830 4.266213 1.959507
v -0.990943 4.268621 1.972286
v -1.003864 4.268621 1.982283
v -1.014497 4.280884 1.967853
v -1.002240 4.280884 1.958370
v -0.992862 4.283169 1.970493
v -1.005118 4.283169 1.979975
v -1.015223 4.295141 1.966248
v -1.003611 4.295141 1.957265
v -0.994726 4.297306 1.968750
v -1.006338 4.297306 1.977733
v -1.015930 4.309031 1.964685
v -1.004946 4.309031 1.956188
v -0.996542 4.311079 1.967051
v -1.007525 4.311079 1.975548
v -1.016620 4.322596 1.963159
v -1.006251 4.322596 1.955137
v -0.998316 4.324529 1.965393
v -1.008685 4.324529 1.973415
v -1.017295 4.335865 1.961666
v -1.007526 4.335865 1.954108
v -1.000051 4.337685 1.963770
v -1.009820 4.337685 1.971328
v -0.971377 4.099514 2.022690
v -0.992510 4.099514 2.024986
v -0.973093 4.113639 2.006896
v -0.971708 4.114368 2.033933
v -0.989772 4.114368 2.035896
v -0.991239 4.126442 2.022396
v -0.973175 4.126442 2.020433
v -0.971979 4.126487 2.043105
v -0.987539 4.126487 2.044796
v -0.988802 4.136887 2.033167
v -0.973242 4.136887 2.031477
v -0.972216 4.137113 2.051147
v -0.985580 4.137113 2.052599
v -0.986665 4.146045 2.042612
v -0.973301 4.146045 2.041160
v -0.972431 4.146750 2.058441
v -0.983804 4.146750 2.059677
v -0.984727 4.154351 2.051178
v -0.973354 4.154351 2.049942
v -0.972630 4.155668 2.065191
v -0.982160 4.155668 2.066226
v -0.982933 4.162036 2.059104
v -0.973404 4.162036 2.058069
v -0.972817 4.164027 2.071517
v -0.980619 4.164027 2.072365
v -0.981253 4.169242 2.066534
v -0.973450 4.169242 2.065687
v -0.942134 3.941590 1.950774
v -0.968379 3.941590 1.953372
v -0.969317 3.966187 1.943902
v -0.943094 3.952221 1.970426
v -0.963584 3.952221 1.972455
v -0.964316 3.971424 1.965060
v -0.943826 3.971424 1.963031
v -0.943874 3.960862 1.986399
v -0.959686 3.960862 1.987965
v -0.960252 3.975681 1.982259
v -0.944439 3.975681 1.980693
v -0.944556 3.968421 2.000371
v -0.956277 3.968421 2.001532
v -0.956696 3.979406 1.997302
v -0.944975 3.979406 1.996141
v -0.903710 3.695281 1.629644
v -0.956346 3.695281 1.628055
v -0.955708 3.743510 1.606922
v -0.903073 3.743510 1.608510
v -0.906937 3.715631 1.671065
v -0.955624 3.715631 1.669596
v -0.955034 3.760241 1.650048
v -0.906347 3.760241 1.651517
v -0.909816 3.733792 1.708030
v -0.954979 3.733792 1.706667
v -0.954432 3.775173 1.688534
v -0.909269 3.775173 1.689897
v -0.912491 3.750662 1.742369
v -0.954380 3.750662 1.741104
v -0.953872 3.789044 1.724286
v -0.911983 3.789044 1.725550
v -0.915023 3.766634 1.774878
v -0.953813 3.766634 1.773708
v -0.953343 3.802176 1.758133
v -0.914553 3.802176 1.759304
v -0.917447 3.781924 1.806001
v -0.953270 3.781924 1.804920
v -0.952836 3.814747 1.790537
v -0.917013 3.814747 1.791618
v -0.955260 3.848918 1.810211
v -0.932169 3.848918 1.802396
v -0.924683 3.855917 1.824514
v -0.947774 3.855917 1.832330
v -0.954536 3.869290 1.805825
v -0.935407 3.869290 1.799351
v -0.929205 3.875087 1.817675
v -0.948334 3.875087 1.824149
v -0.953959 3.885534 1.802328
v -0.937989 3.885534 1.796923
v -0.932812 3.890374 1.812221
v -0.948782 3.890374 1.817626
v -0.953461 3.899570 1.799306
v -0.940220 3.899570 1.794825
v -0.935928 3.903583 1.807508
v -0.949168 3.903583 1.811989
v -0.953014 3.912164 1.796595
v -0.942222 3.912164 1.792943
v -0.938724 3.915434 1.803280
v -0.949515 3.915434 1.806932
v -0.952603 3.923717 1.794108
v -0.944059 3.923717 1.791216
v -0.941288 3.926306 1.799402
v -0.949833 3.926306 1.802293
v -0.952222 3.934468 1.791794
v -0.945768 3.934468 1.789609
v -0.943675 3.936424 1.795791
v -0.950129 3.936424 1.797976
v -0.994497 3.700196 1.528407
v -0.964805 3.706614 1.501475
v -0.957316 3.737292 1.507853
v -0.983431 3.737292 1.537994
v -1.013478 3.716331 1.506152
v -0.993114 3.716331 1.482648
v -0.984485 3.745258 1.490124
v -1.004849 3.745258 1.513628
v -1.028571 3.729161 1.488456
v -1.012781 3.729161 1.470229
v -1.006089 3.751592 1.476027
v -1.021880 3.751592 1.494253
v -1.041590 3.740227 1.473191
v -1.029744 3.740227 1.459518
v -1.024724 3.757056 1.463867
v -1.036570 3.757056 1.477541
v -1.053256 3.750143 1.459514
v -1.044943 3.750143 1.449920
v -1.041421 3.761951 1.452971
v -1.049733 3.761951 1.462566
v -1.063710 3.822389 1.500981
v -1.056706 3.835711 1.476148
v -1.032724 3.846332 1.488609
v -1.039728 3.833009 1.513443
v -1.073969 3.842433 1.507104
v -1.067682 3.854392 1.484812
v -1.046154 3.863926 1.495998
v -1.052441 3.851967 1.518290
v -1.082962 3.860003 1.512471
v -1.077303 3.870767 1.492406
v -1.057926 3.879348 1.502475
v -1.063585 3.868584 1.522539
v -1.091220 3.876139 1.517399
v -1.086138 3.885805 1.499381
v -1.068737 3.893511 1.508422
v -1.073819 3.883845 1.526441
v -1.098972 3.891285 1.522025
v -1.094432 3.899921 1.505927
v -1.078885 3.906806 1.514005
v -1.083425 3.898170 1.530104
v -0.990528 3.713033 1.544991
v -0.934454 3.750279 1.524149
v -0.963754 3.750279 1.564455
v -1.012212 3.742836 1.525503
v -0.986457 3.742836 1.490073
v -0.962921 3.775577 1.507182
v -0.988676 3.775577 1.542611
v -1.031599 3.769484 1.508077
v -1.009014 3.769484 1.477008
v -0.988375 3.798196 1.492011
v -1.010960 3.798196 1.523080
v -1.109348 3.923064 1.542681
v -1.119081 3.923064 1.530991
v -1.110963 3.934010 1.524232
v -1.101230 3.934010 1.535922
v -1.117623 3.933736 1.548949
v -1.126744 3.933736 1.537994
v -1.119136 3.943994 1.531659
v -1.110015 3.943994 1.542615
v -1.124762 3.942943 1.554356
v -1.133355 3.942943 1.544034
v -1.126187 3.952608 1.538066
v -1.117594 3.952608 1.548388
v -1.131250 3.951311 1.559270
v -1.139364 3.951311 1.549524
v -1.132596 3.960436 1.543889
v -1.124482 3.960436 1.553635
v -1.137294 3.959106 1.563848
v -1.144961 3.959106 1.554639
v -1.138566 3.967728 1.549314
v -1.130898 3.967728 1.558523
v -1.143005 3.966472 1.568174
v -1.150251 3.966472 1.559472
v -1.144207 3.974620 1.554440
v -1.136962 3.974620 1.563143
v -1.148455 3.973500 1.572302
v -1.155298 3.973500 1.564083
v -1.149590 3.981195 1.559331
v -1.142747 3.981195 1.567550
v -1.153690 3.980252 1.576267
v -1.160146 3.980252 1.568512
v -1.154761 3.987512 1.564029
v -1.148305 3.987512 1.571784
v -1.158744 3.986770 1.580095
v -1.164826 3.986770 1.572789
v -1.159753 3.993610 1.568565
v -1.153670 3.993610 1.575871
v -1.163642 3.993088 1.583805
v -1.169362 3.993088 1.576934
v -1.164591 3.999520 1.572962
v -1.158871 3.999520 1.579832
v -1.168405 3.999230 1.587412
v -1.173773 3.999230 1.580964
v -1.169296 4.005267 1.577236
v -1.163927 4.005267 1.583684
v -1.173048 4.005218 1.590929
v -1.178073 4.005218 1.584893
v -1.173881 4.010869 1.581403
v -1.168856 4.010869 1.587439
v -1.117624 3.930471 1.525902
v -1.113974 3.930471 1.510902
v -1.100892 3.938025 1.514085
v -1.104542 3.938025 1.529085
v -1.124955 3.944942 1.523694
v -1.121500 3.944942 1.509495
v -1.109117 3.952092 1.512508
v -1.112572 3.952092 1.526707
v -1.131314 3.957491 1.521779
v -1.128028 3.957491 1.508274
v -1.116250 3.964292 1.511140
v -1.119536 3.964292 1.524645
v -1.137112 3.968935 1.520033
v -1.133980 3.968935 1.507161
v -1.122755 3.975417 1.509892
v -1.125887 3.975417 1.522764
v -1.142527 3.979622 1.518402
v -1.139539 3.979622 1.506122
v -1.128830 3.985806 1.508728
v -1.131817 3.985806 1.521008
v -1.147655 3.989742 1.516858
v -1.144803 3.989742 1.505137
v -1.134582 3.995645 1.507625
v -1.137433 3.995645 1.519345
v -1.152556 3.999414 1.515382
v -1.149834 3.999414 1.504197
v -1.140079 4.005047 1.506570
v -1.142801 4.005047 1.517756
v -1.157270 4.008718 1.513962
v -1.154673 4.008718 1.503292
v -1.145367 4.014091 1.505556
v -1.147964 4.014091 1.516227
v -1.161827 4.017712 1.512590
v -1.159352 4.017712 1.502417
v -1.150479 4.022835 1.504576
v -1.152954 4.022835 1.514749
v -1.166249 4.026439 1.511258
v -1.163891 4.026439 1.501568
v -1.155440 4.031319 1.503625
v -1.157797 4.031319 1.513315
v -1.170552 4.034932 1.509963
v -1.168308 4.034932 1.500742
v -1.160267 4.039576 1.502699
v -1.162511 4.039576 1.511919
v -1.174751 4.043219 1.508698
v -1.172619 4.043219 1.499936
v -1.164977 4.047631 1.501796
v -1.167109 4.047631 1.510558
v -1.178856 4.051321 1.507462
v -1.176833 4.051321 1.499148
v -1.169583 4.055508 1.500912
v -1.171605 4.055508 1.509226
v -1.182877 4.059256 1.506251
v -1.180960 4.059256 1.498376
v -1.174093 4.063221 1.500047
v -1.176009 4.063221 1.507922
v -0.468500 3.262071 1.592754
v -0.505521 3.262071 1.587281
v -0.507241 3.297597 1.598919
v -0.463909 3.291801 1.603528
v -0.469500 3.254713 1.610094
v -0.509580 3.254713 1.604170
v -0.511443 3.293175 1.616769
v -0.471362 3.293175 1.622694
v -0.470784 3.252654 1.696020
v -0.502892 3.252654 1.699172
v -0.502947 3.284911 1.698613
v -0.470839 3.284911 1.695460
v -0.470500 3.255804 1.725851
v -0.497369 3.255804 1.728489
v -0.497415 3.282799 1.728020
v -0.470546 3.282799 1.725382
v -0.470277 3.258275 1.749252
v -0.493037 3.258275 1.751487
v -0.493076 3.281141 1.751090
v -0.470316 3.281141 1.748855
v -0.470086 3.260388 1.769261
v -0.489332 3.260388 1.771151
v -0.489365 3.279724 1.770816
v -0.470119 3.279724 1.768926
v -0.469916 3.262270 1.787076
v -0.486034 3.262270 1.788658
v -0.486061 3.278462 1.788378
v -0.469944 3.278462 1.786795
v -0.469761 3.263985 1.803316
v -0.483027 3.263985 1.804619
v -0.483050 3.277312 1.804387
v -0.469784 3.277312 1.803085
v -0.469618 3.265573 1.818354
v -0.480243 3.265573 1.819398
v -0.480261 3.276247 1.819212
v -0.469636 3.276247 1.818169
v -0.469484 3.267060 1.832435
v -0.477636 3.267060 1.833235
v -0.477650 3.275250 1.833093
v -0.469498 3.275250 1.832293
v -0.469357 3.268464 1.845728
v -0.475175 3.268464 1.846299
v -0.475185 3.274308 1.846198
v -0.469367 3.274308 1.845627
v -0.500780 3.337828 1.794921
v -0.516297 3.337748 1.793270
v -0.516041 3.353032 1.790128
v -0.500524 3.353112 1.791779
v -0.503076 3.341626 1.809760
v -0.517214 3.341553 1.808256
v -0.516980 3.355478 1.805393
v -0.502843 3.355550 1.806897
v -0.505008 3.344821 1.822249
v -0.517985 3.344755 1.820869
v -0.517771 3.357536 1.818242
v -0.504794 3.357603 1.819622
v -0.506737 3.347681 1.833423
v -0.518675 3.347619 1.832153
v -0.518478 3.359377 1.829736
v -0.506540 3.359439 1.831006
v -0.508328 3.350313 1.843709
v -0.519310 3.350257 1.842541
v -0.519129 3.361073 1.840317
v -0.508147 3.361129 1.841486
v -0.509819 3.352777 1.853340
v -0.519905 3.352725 1.852267
v -0.519739 3.362660 1.850224
v -0.509653 3.362712 1.851298
v -0.511230 3.355110 1.862457
v -0.520468 3.355063 1.861474
v -0.520316 3.364162 1.859604
v -0.511077 3.364210 1.860587
v -0.512576 3.357337 1.871157
v -0.521005 3.357293 1.870260
v -0.520867 3.365596 1.868554
v -0.512437 3.365639 1.869450
v -0.513868 3.359474 1.879508
v -0.521521 3.359434 1.878694
v -0.521395 3.366972 1.877144
v -0.513742 3.367012 1.877958
v -0.515114 3.361534 1.887560
v -0.522019 3.361499 1.886826
v -0.521905 3.368299 1.885427
v -0.515000 3.368335 1.886162
v -0.480349 3.275331 1.685640
v -0.515697 3.275331 1.682383
v -0.514160 3.306628 1.665703
v -0.478813 3.306628 1.668960
v -0.485367 3.292339 1.711510
v -0.515491 3.292339 1.708733
v -0.514181 3.319012 1.694518
v -0.484057 3.319012 1.697294
v -0.489661 3.306895 1.733650
v -0.515316 3.306895 1.731286
v -0.514201 3.329611 1.719180
v -0.488545 3.329611 1.721544
v -0.493544 3.320058 1.753670
v -0.515157 3.320058 1.751679
v -0.514217 3.339195 1.741480
v -0.492604 3.339195 1.743471
v -0.439653 3.196459 1.475036
v -0.508136 3.196459 1.467676
v -0.505074 3.259093 1.439184
v -0.436591 3.259093 1.446544
v -0.450921 3.224161 1.518993
v -0.506465 3.224161 1.513023
v -0.503982 3.274961 1.489915
v -0.448438 3.274961 1.495884
v -0.460508 3.247730 1.556392
v -0.505044 3.247730 1.551606
v -0.503053 3.288462 1.533077
v -0.458517 3.288462 1.537863
v -0.491476 3.286005 1.615999
v -0.499867 3.314301 1.594680
v -0.465989 3.314301 1.581345
v -0.446483 3.306824 1.627837
v -0.482449 3.306824 1.641994
v -0.491358 3.336863 1.619361
v -0.455392 3.336863 1.605204
v -0.433692 3.330783 1.656808
v -0.472061 3.330783 1.671911
v -0.481565 3.362830 1.647766
v -0.443196 3.362830 1.632663
v -0.419674 3.357041 1.688558
v -0.460677 3.357041 1.704697
v -0.470833 3.391287 1.678895
v -0.429830 3.391287 1.662755
v -0.404666 3.385152 1.722549
v -0.448489 3.385152 1.739798
v -0.459343 3.421753 1.712222
v -0.415520 3.421753 1.694972
v -0.388819 3.414834 1.758440
v -0.435619 3.414834 1.776861
v -0.447211 3.453922 1.747411
v -0.400411 3.453922 1.728989
v -0.373747 3.483676 1.837576
v -0.425635 3.484461 1.833663
v -0.424233 3.517132 1.811165
v -0.379438 3.509490 1.809041
v -0.373236 3.512145 1.863017
v -0.414170 3.512145 1.868261
v -0.417831 3.541696 1.839688
v -0.376897 3.541696 1.834445
v -0.364097 3.566276 1.901933
v -0.396395 3.572443 1.911134
v -0.400945 3.590916 1.882782
v -0.368647 3.584749 1.873581
v -0.356582 3.590548 1.915441
v -0.387149 3.596384 1.924149
v -0.391455 3.613868 1.897315
v -0.360888 3.608031 1.888607
v -0.349456 3.613561 1.928248
v -0.378383 3.619084 1.936488
v -0.382457 3.635630 1.911095
v -0.353531 3.630106 1.902855
v -0.331200 3.676499 1.953799
v -0.351722 3.676499 1.966261
v -0.361494 3.684275 1.949006
v -0.342008 3.684275 1.937189
v -0.328461 3.688618 1.962585
v -0.345236 3.688618 1.972758
v -0.353614 3.699748 1.958943
v -0.336839 3.699748 1.948771
v -0.325368 3.702617 1.970164
v -0.339946 3.702617 1.979004
v -0.347226 3.712289 1.966999
v -0.332648 3.712289 1.958159
v -0.322667 3.714841 1.976781
v -0.335327 3.714841 1.984458
v -0.341649 3.723240 1.974032
v -0.328989 3.723240 1.966356
v -0.320225 3.725894 1.982764
v -0.331150 3.725894 1.989389
v -0.336606 3.733142 1.980393
v -0.325681 3.733142 1.973768
v -0.317971 3.736096 1.988287
v -0.327295 3.736096 1.993941
v -0.331951 3.742282 1.986263
v -0.322627 3.742282 1.980609
v -0.315862 3.745640 1.993454
v -0.323688 3.745640 1.998199
v -0.327596 3.750832 1.991755
v -0.319771 3.750832 1.987009
v -0.313870 3.754655 1.998334
v -0.320282 3.754655 2.002222
v -0.323483 3.758909 1.996942
v -0.317072 3.758909 1.993055
v -0.323219 3.660200 1.965714
v -0.344779 3.660200 1.978822
v -0.312803 3.674870 1.984821
v -0.332610 3.674870 1.996863
v -0.338951 3.694577 1.986434
v -0.319144 3.694577 1.974392
v -0.304189 3.687003 2.000624
v -0.322545 3.687003 2.011784
v -0.328422 3.705267 2.002119
v -0.310065 3.705267 1.990958
v -0.296569 3.697735 2.014602
v -0.313643 3.697735 2.024983
v -0.319109 3.714723 2.015992
v -0.302035 3.714723 2.005611
v -0.289612 3.707534 2.027364
v -0.305515 3.707534 2.037033
v -0.310607 3.723356 2.028658
v -0.294703 3.723356 2.018989
v -0.283142 3.716646 2.039232
v -0.297956 3.716646 2.048239
v -0.302699 3.731385 2.040438
v -0.287885 3.731385 2.031431
v -0.277050 3.725225 2.050406
v -0.290839 3.725225 2.058790
v -0.295254 3.738945 2.051529
v -0.281465 3.738945 2.043145
v -0.271265 3.733373 2.061018
v -0.284081 3.733373 2.068810
v -0.288183 3.746124 2.062062
v -0.275368 3.746124 2.054270
v -0.265735 3.741162 2.071162
v -0.277620 3.741162 2.078388
v -0.281425 3.752987 2.072130
v -0.269540 3.752987 2.064904
v -0.260422 3.748644 2.080908
v -0.271413 3.748644 2.087590
v -0.274932 3.759579 2.081803
v -0.263941 3.759579 2.075120
v -0.255297 3.755862 2.090309
v -0.265426 3.755862 2.096466
v -0.268668 3.765939 2.091133
v -0.258540 3.765939 2.084975
v -0.250338 3.762847 2.099406
v -0.259632 3.762847 2.105057
v -0.262607 3.772094 2.100163
v -0.253313 3.772094 2.094513
v -0.245525 3.769626 2.108235
v -0.254009 3.769626 2.113393
v -0.256724 3.778067 2.108926
v -0.248241 3.778067 2.103768
v -0.240843 3.776219 2.116822
v -0.248539 3.776219 2.121501
v -0.251003 3.783876 2.117449
v -0.243307 3.783876 2.112770
v -0.413536 3.580371 1.845436
v -0.457344 3.580371 1.839445
v -0.449523 3.603098 1.800545
v -0.409978 3.603098 1.800540
v -0.419161 3.611669 1.860863
v -0.456067 3.611669 1.855816
v -0.451826 3.631862 1.824804
v -0.414920 3.631862 1.829851
v -0.424053 3.638883 1.874277
v -0.454957 3.638883 1.870051
v -0.451406 3.655793 1.844082
v -0.420501 3.655793 1.848308
v -0.442701 3.485246 1.771064
v -0.392506 3.501847 1.760102
v -0.439889 3.512374 1.825899
v -0.451486 3.512374 1.772800
v -0.400959 3.529085 1.761765
v -0.389363 3.529085 1.814864
v -0.452384 3.589786 1.765240
v -0.417101 3.589786 1.759240
v -0.448545 3.614390 1.760568
v -0.422268 3.614390 1.756100
v -0.418062 3.623379 1.780838
v -0.444339 3.623379 1.785306
v -0.445490 3.633974 1.756850
v -0.426381 3.633974 1.753601
v -0.423322 3.640511 1.771590
v -0.442431 3.640511 1.774840
v -0.442853 3.650876 1.753641
v -0.429930 3.650876 1.751444
v -0.427862 3.655296 1.763609
v -0.440784 3.655296 1.765806
v -0.431627 3.697224 1.890637
v -0.452054 3.697224 1.887844
v -0.448945 3.700303 1.865609
v -0.428652 3.700303 1.868384
v -0.432892 3.714417 1.888608
v -0.450290 3.714417 1.886229
v -0.447924 3.716255 1.868926
v -0.430526 3.716255 1.871305
v -0.434120 3.727902 1.888643
v -0.449117 3.727902 1.886592
v -0.447077 3.729486 1.871678
v -0.432080 3.729486 1.873729
v -0.435208 3.739852 1.888674
v -0.448077 3.739852 1.886914
v -0.446327 3.741212 1.874116
v -0.433458 3.741212 1.875876
v -0.436203 3.750776 1.888702
v -0.447126 3.750776 1.887208
v -0.445640 3.751930 1.876345
v -0.434717 3.751930 1.877839
v -0.437129 3.760948 1.888728
v -0.446241 3.760948 1.887482
v -0.445002 3.761910 1.878420
v -0.435890 3.761910 1.879666
v -0.433505 3.679554 1.904868
v -0.454066 3.679554 1.902056
v -0.436753 3.691072 1.917763
v -0.454398 3.691072 1.915350
v -0.452971 3.705433 1.904915
v -0.435326 3.705433 1.907328
v -0.439494 3.700789 1.928644
v -0.454679 3.700789 1.926567
v -0.453451 3.713149 1.917588
v -0.438266 3.713149 1.919664
v -0.441951 3.709496 1.938393
v -0.454931 3.709496 1.936618
v -0.453881 3.720061 1.928942
v -0.440901 3.720061 1.930717
v -0.444215 3.717522 1.947379
v -0.455163 3.717522 1.945882
v -0.454277 3.726433 1.939408
v -0.443329 3.726433 1.940905
v -0.255160 2.957417 1.412494
v -0.328681 2.958347 1.435343
v -0.322408 3.033149 1.452480
v -0.248887 3.032218 1.429631
v -0.238380 2.943833 1.471230
v -0.309526 2.944733 1.493341
v -0.303457 3.017119 1.509925
v -0.232310 3.016219 1.487814
v -0.222141 2.930687 1.528073
v -0.290990 2.931558 1.549470
v -0.285116 3.001606 1.565518
v -0.216267 3.000735 1.544122
v -0.186692 2.870663 1.611294
v -0.217471 2.870663 1.648956
v -0.190351 2.904411 1.671121
v -0.159571 2.904411 1.633459
v -0.165304 2.844820 1.634926
v -0.190055 2.844820 1.665210
v -0.168246 2.871957 1.683034
v -0.143496 2.871957 1.652749
v -0.148560 2.824588 1.653426
v -0.168591 2.824588 1.677936
v -0.150941 2.846551 1.692360
v -0.130911 2.846551 1.667851
v -0.134263 2.807312 1.669224
v -0.150263 2.807312 1.688802
v -0.136164 2.824855 1.700324
v -0.120164 2.824855 1.680746
v -0.121546 2.791946 1.683275
v -0.133962 2.791946 1.698467
v -0.123021 2.805559 1.707408
v -0.110606 2.805559 1.692216
v -0.109962 2.777948 1.696074
v -0.119112 2.777948 1.707270
v -0.111049 2.787982 1.713860
v -0.101899 2.787982 1.702664
v -0.099242 2.764995 1.707918
v -0.105371 2.764995 1.715418
v -0.099970 2.771715 1.719831
v -0.093841 2.771715 1.712332
v -0.168062 2.929638 1.567434
v -0.166667 2.929638 1.633290
v -0.176851 2.994716 1.633506
v -0.178247 2.994716 1.567650
v -0.112408 2.940052 1.567940
v -0.111084 2.940052 1.630426
v -0.120747 3.001800 1.630631
v -0.122072 3.001800 1.568145
v -0.059518 2.949949 1.568421
v -0.058262 2.949949 1.627704
v -0.067430 3.008532 1.627899
v -0.068687 3.008532 1.568615
v 0.035539 3.010540 1.626150
v -0.008238 3.010540 1.652747
v -0.032024 3.047505 1.617886
v 0.015560 3.047505 1.588977
v 0.054505 3.059631 1.653567
v 0.007355 3.059631 1.682213
v -0.016294 3.090764 1.643288
v 0.030856 3.090764 1.614642
v 0.069441 3.102766 1.678636
v 0.022721 3.102766 1.707021
v -0.000712 3.133615 1.668451
v 0.046008 3.133615 1.640066
v 0.126330 3.147149 1.937976
v 0.067635 3.136494 1.937310
v 0.056975 3.194781 1.944242
v 0.115670 3.205436 1.944909
v 0.127697 3.139748 1.996489
v 0.067671 3.128850 1.995808
v 0.056769 3.188459 2.002897
v 0.116795 3.199357 2.003579
v 0.129097 3.132164 2.056438
v 0.067707 3.121019 2.055741
v 0.056558 3.181983 2.062992
v 0.117948 3.193127 2.063689
v 0.091190 3.142838 1.737825
v 0.038427 3.132778 1.750401
v 0.027566 3.186814 1.748061
v 0.080329 3.196874 1.735484
v 0.102185 3.146535 1.784597
v 0.048413 3.136283 1.797414
v 0.037345 3.191352 1.795029
v 0.091117 3.201605 1.782211
v 0.113407 3.150310 1.832331
v 0.058605 3.139861 1.845394
v 0.047325 3.195984 1.842963
v 0.102126 3.206433 1.829900
v 0.154570 3.166478 2.140744
v 0.120567 3.171722 2.177283
v 0.098465 3.208619 2.151420
v 0.132468 3.203376 2.114881
v 0.170860 3.194188 2.157906
v 0.142756 3.198521 2.188106
v 0.124488 3.229017 2.166730
v 0.152592 3.224684 2.136530
v 0.184864 3.218010 2.172661
v 0.161832 3.221562 2.197411
v 0.146861 3.246554 2.179893
v 0.169893 3.243003 2.155142
v 0.212673 3.266688 2.195771
v 0.191162 3.268744 2.217564
v 0.172596 3.283216 2.197873
v 0.194107 3.281159 2.176080
v 0.176906 3.342219 2.199101
v 0.194263 3.342219 2.179366
v 0.213085 3.350118 2.195920
v 0.195729 3.350118 2.215655
v 0.174857 3.364024 2.194437
v 0.189376 3.364024 2.177929
v 0.205120 3.370632 2.191776
v 0.190602 3.370632 2.208284
v 0.173213 3.381528 2.190693
v 0.185453 3.381528 2.176776
v 0.198726 3.387098 2.188450
v 0.186486 3.387098 2.202367
v 0.171786 3.396716 2.187445
v 0.182048 3.396716 2.175776
v 0.193178 3.401386 2.185564
v 0.182915 3.401386 2.197233
v 0.170501 3.410387 2.184521
v 0.178984 3.410387 2.174875
v 0.188184 3.414248 2.182966
v 0.179701 3.414248 2.192612
v 0.169320 3.422958 2.181832
v 0.176167 3.422958 2.174047
v 0.183592 3.426074 2.180577
v 0.176745 3.426074 2.188362
v 0.168218 3.434683 2.179324
v 0.173539 3.434683 2.173275
v 0.179308 3.437104 2.178349
v 0.173988 3.437104 2.184399
v 0.251016 3.327564 2.224011
v 0.234001 3.327564 2.246183
v 0.219156 3.348323 2.234790
v 0.236171 3.348323 2.212619
v 0.264213 3.346135 2.236351
v 0.249334 3.346135 2.255738
v 0.236354 3.364287 2.245776
v 0.251232 3.364287 2.226389
v 0.274840 3.361091 2.246287
v 0.261682 3.361091 2.263433
v 0.250203 3.377143 2.254623
v 0.263360 3.377143 2.237478
v 0.284081 3.374095 2.254928
v 0.272419 3.374095 2.270123
v 0.262245 3.388322 2.262316
v 0.273906 3.388322 2.247120
v 0.292411 3.385818 2.262717
v 0.282098 3.385818 2.276155
v 0.273100 3.398399 2.269250
v 0.283413 3.398399 2.255812
v 0.300080 3.396611 2.269888
v 0.291009 3.396611 2.281708
v 0.283095 3.407678 2.275635
v 0.292166 3.407678 2.263815
v 0.307241 3.406687 2.276584
v 0.299329 3.406687 2.286893
v 0.292427 3.416340 2.281596
v 0.300339 3.416340 2.271287
v 0.313992 3.416189 2.282897
v 0.307174 3.416189 2.291782
v 0.301226 3.424508 2.287217
v 0.308044 3.424508 2.278332
v 0.320406 3.425215 2.288894
v 0.314626 3.425215 2.296426
v 0.309584 3.432266 2.292556
v 0.315364 3.432266 2.285025
v 0.326534 3.433838 2.294624
v 0.321746 3.433838 2.300863
v 0.317569 3.439679 2.297657
v 0.322357 3.439679 2.291418
v 0.028563 2.958604 1.618958
v -0.011408 2.958604 1.643242
v 0.042237 2.958005 1.648175
v 0.008222 2.958005 1.668841
v 0.010850 2.997483 1.673167
v 0.044865 2.997483 1.652501
v 0.103934 2.989635 1.808298
v 0.055888 2.986469 1.803123
v 0.056133 3.026988 1.792362
v 0.098047 3.026988 1.793318
v 0.093583 2.997547 1.831727
v 0.058841 2.997547 1.830934
v 0.059044 3.031134 1.822015
v 0.093787 3.031134 1.822807
v 0.089951 3.007088 1.855536
v 0.061384 3.007088 1.854884
v 0.061552 3.034704 1.847550
v 0.090118 3.034704 1.848202
v 0.094494 3.026568 1.892774
v 0.077643 3.029730 1.900613
v 0.076889 3.046583 1.892197
v 0.093741 3.043421 1.884357
v 0.099737 3.033888 1.904130
v 0.085145 3.036626 1.910919
v 0.084492 3.051219 1.903630
v 0.099085 3.048481 1.896842
v 0.104192 3.040107 1.913780
v 0.091519 3.042485 1.919675
v 0.090952 3.055159 1.913346
v 0.103625 3.052781 1.907450
v 0.108202 3.045705 1.922465
v 0.097256 3.047759 1.927557
v 0.096767 3.058705 1.922091
v 0.107712 3.056651 1.916999
v 0.111910 3.050883 1.930497
v 0.102562 3.052636 1.934846
v 0.102144 3.061984 1.930177
v 0.111492 3.060230 1.925829
v 0.077189 2.962611 1.707933
v 0.040583 2.962459 1.727524
v 0.035399 3.002572 1.718148
v 0.072006 3.002724 1.698558
v 0.107433 2.956291 1.799927
v 0.069544 2.956291 1.807852
v 0.072177 2.992801 1.820442
v 0.110049 2.949566 1.829833
v 0.079133 2.949566 1.836300
v 0.081282 2.979357 1.846573
v 0.112198 2.979357 1.840106
v 0.112145 2.944177 1.853796
v 0.086816 2.944177 1.859093
v 0.088576 2.968585 1.867510
v 0.113906 2.968585 1.862212
v 0.113962 2.939507 1.874564
v 0.093475 2.939507 1.878850
v 0.094899 2.959248 1.885657
v 0.115386 2.959248 1.881372
v 0.115596 2.935308 1.893242
v 0.099464 2.935308 1.896616
v 0.100585 2.950852 1.901976
v 0.116717 2.950852 1.898602
v 0.117097 2.931448 1.910405
v 0.104967 2.931448 1.912942
v 0.105811 2.943136 1.916973
v 0.117941 2.943136 1.914436
v 0.190244 1.450394 0.161103
v 0.115509 1.450394 0.276032
v 0.115818 1.554857 0.112705
v 0.276209 1.533863 0.214651
v 0.199325 1.533863 0.332886
v 0.122757 1.641330 0.283097
v 0.199642 1.641330 0.164862
v 0.419296 1.646618 0.355109
v 0.337390 1.634440 0.434908
v 0.314037 1.746836 0.428092
v 0.395944 1.759014 0.348293
v 0.463018 1.669424 0.417468
v 0.394951 1.659303 0.483784
v 0.375545 1.752709 0.478119
v 0.443612 1.762830 0.411803
v 0.500727 1.689093 0.471249
v 0.444596 1.680748 0.525936
v 0.428592 1.757774 0.521265
v 0.484723 1.766120 0.466578
v 0.563164 1.777791 0.552243
v 0.514053 1.777791 0.598227
v 0.469964 1.796904 0.551139
v 0.519074 1.796904 0.505155
v 0.579119 1.840690 0.566020
v 0.526753 1.840690 0.615052
v 0.479741 1.861070 0.564844
v 0.532107 1.861070 0.515812
v 0.596295 1.908405 0.580853
v 0.540425 1.908405 0.633166
v 0.490268 1.930149 0.579598
v 0.546138 1.930149 0.527285
v 0.651593 2.012275 0.642390
v 0.598196 2.012275 0.692387
v 0.570550 2.073224 0.662861
v 0.623947 2.073224 0.612864
v 0.685821 2.051173 0.683287
v 0.636756 2.051173 0.729228
v 0.611353 2.107178 0.702097
v 0.660418 2.107178 0.656156
v 0.716136 2.085624 0.719508
v 0.670908 2.085624 0.761857
v 0.647491 2.137250 0.736848
v 0.692720 2.137250 0.694499
v 0.744161 2.117472 0.752993
v 0.702479 2.117472 0.792021
v 0.680898 2.165050 0.768973
v 0.722580 2.165050 0.729945
v 0.770596 2.147514 0.784579
v 0.732260 2.147514 0.820474
v 0.712412 2.191273 0.799276
v 0.750748 2.191273 0.763381
v 0.795830 2.176192 0.814730
v 0.760688 2.176192 0.847635
v 0.742493 2.216305 0.828203
v 0.777636 2.216305 0.795298
v 0.813059 2.211948 0.903266
v 0.773611 2.198248 0.896703
v 0.760573 2.238155 0.891766
v 0.800021 2.251855 0.898330
v 0.804891 2.214796 0.942038
v 0.766711 2.201536 0.935686
v 0.754093 2.240160 0.930908
v 0.792272 2.253419 0.937260
v 0.797292 2.217444 0.978105
v 0.760293 2.204595 0.971949
v 0.748065 2.242024 0.967319
v 0.785064 2.254874 0.973475
v 0.790042 2.219972 1.012520
v 0.754169 2.207514 1.006552
v 0.742312 2.243804 1.002062
v 0.778185 2.256262 1.008031
v 0.783040 2.222413 1.045758
v 0.748254 2.210332 1.039970
v 0.736757 2.245522 1.035617
v 0.771543 2.257603 1.041404
v 0.776229 2.224787 1.078085
v 0.742501 2.213074 1.072474
v 0.731354 2.247194 1.068253
v 0.765081 2.258908 1.073864
v 0.769574 2.227108 1.109676
v 0.736879 2.215753 1.104236
v 0.726074 2.248827 1.100144
v 0.758768 2.260182 1.105584
v 0.763048 2.229382 1.140648
v 0.731368 2.218380 1.135377
v 0.720897 2.250429 1.131412
v 0.752578 2.261431 1.136683
v 0.756635 2.231618 1.171090
v 0.725950 2.220961 1.165985
v 0.715809 2.252003 1.162145
v 0.746493 2.262659 1.167250
v 0.744745 2.469558 1.323123
v 0.729978 2.469558 1.336950
v 0.716304 2.472559 1.322347
v 0.731071 2.472559 1.308520
v 0.745176 2.486543 1.324933
v 0.731755 2.486543 1.337499
v 0.719327 2.489270 1.324227
v 0.732749 2.489270 1.311660
v 0.745559 2.501611 1.326538
v 0.733332 2.501611 1.337987
v 0.722010 2.504096 1.325895
v 0.734237 2.504096 1.314446
v 0.745914 2.515557 1.328024
v 0.734791 2.515557 1.338438
v 0.724491 2.517817 1.327438
v 0.735614 2.517817 1.317024
v 0.746248 2.528722 1.329426
v 0.736168 2.528722 1.338864
v 0.726835 2.530770 1.328896
v 0.736914 2.530770 1.319458
v 0.748334 2.268692 1.225463
v 0.718582 2.265034 1.230903
v 0.712033 2.280398 1.205423
v 0.741786 2.284057 1.199983
v 0.747368 2.294004 1.240311
v 0.718699 2.290479 1.245553
v 0.712389 2.305284 1.221000
v 0.741059 2.308809 1.215758
v 0.746472 2.317506 1.254096
v 0.718808 2.314104 1.259154
v 0.712720 2.328389 1.235463
v 0.740383 2.331791 1.230405
v 0.745617 2.339904 1.267234
v 0.718912 2.336620 1.272117
v 0.713035 2.350410 1.249246
v 0.739740 2.353694 1.244364
v 0.744792 2.361515 1.279911
v 0.719013 2.358345 1.284624
v 0.713339 2.371658 1.262546
v 0.739119 2.374828 1.257833
v 0.743991 2.382520 1.292232
v 0.719110 2.379460 1.296781
v 0.713634 2.392309 1.275473
v 0.738515 2.395368 1.270923
v 0.743208 2.403033 1.304264
v 0.719205 2.400081 1.308653
v 0.713923 2.412476 1.288097
v 0.737926 2.415428 1.283708
v 0.742441 2.423135 1.316056
v 0.719299 2.420289 1.320287
v 0.714206 2.432240 1.300467
v 0.737348 2.435085 1.296236
v 0.760910 2.445248 1.335782
v 0.746115 2.445248 1.351712
v 0.742021 2.466259 1.347910
v 0.756817 2.466259 1.331980
v 0.777374 2.451725 1.351609
v 0.763112 2.451725 1.366964
v 0.759167 2.471978 1.363299
v 0.773429 2.471978 1.347944
v 0.792050 2.457498 1.365716
v 0.778264 2.457498 1.380559
v 0.774450 2.477076 1.377017
v 0.788236 2.477076 1.362174
v 0.805672 2.462857 1.378812
v 0.792327 2.462857 1.393179
v 0.788636 2.481808 1.389750
v 0.801980 2.481808 1.375383
v 0.818562 2.467928 1.391202
v 0.805635 2.467928 1.405120
v 0.802059 2.486285 1.401799
v 0.814985 2.486285 1.387881
v 0.830895 2.472780 1.403059
v 0.818368 2.472780 1.416546
v 0.814903 2.490570 1.413327
v 0.827430 2.490570 1.399840
v 0.842786 2.477458 1.414489
v 0.830644 2.477458 1.427561
v 0.827285 2.494700 1.424442
v 0.839427 2.494700 1.411369
v 0.854309 2.481991 1.425567
v 0.842541 2.481991 1.438237
v 0.839285 2.498703 1.435213
v 0.851053 2.498703 1.422543
v 0.865521 2.486402 1.436345
v 0.854116 2.486402 1.448623
v 0.850961 2.502597 1.445693
v 0.862366 2.502597 1.433414
v 0.876463 2.490706 1.446863
v 0.865413 2.490706 1.458760
v 0.862356 2.506398 1.455921
v 0.873406 2.506398 1.444024
v 0.887168 2.494918 1.457154
v 0.876465 2.494918 1.468677
v 0.873504 2.510116 1.465927
v 0.884207 2.510116 1.454404
v 0.897662 2.499046 1.467242
v 0.887299 2.499046 1.478399
v 0.884432 2.513762 1.475736
v 0.894795 2.513762 1.464579
v 0.907966 2.503100 1.477148
v 0.897937 2.503100 1.487945
v 0.895163 2.517341 1.485368
v 0.905192 2.517341 1.474571
v 0.918098 2.507086 1.486888
v 0.908398 2.507086 1.497332
v 0.905714 2.520860 1.494839
v 0.915415 2.520860 1.484395
v 0.928073 2.511010 1.496477
v 0.918697 2.511010 1.506572
v 0.916102 2.524326 1.504163
v 0.925479 2.524326 1.494067
v 0.937904 2.514877 1.505927
v 0.928846 2.514877 1.515679
v 0.926340 2.527740 1.513352
v 0.935398 2.527740 1.503600
v 0.526254 1.658597 0.569339
v 0.473377 1.658597 0.554452
v 0.461440 1.691421 0.596850
v 0.514316 1.691421 0.611738
v 0.514706 1.620169 0.599610
v 0.467435 1.620169 0.586301
v 0.456763 1.649513 0.624205
v 0.504034 1.649513 0.637514
v 0.504622 1.586611 0.626045
v 0.462246 1.586611 0.614114
v 0.452679 1.612916 0.648094
v 0.495055 1.612916 0.660025
v 0.495384 1.555869 0.650262
v 0.457492 1.555869 0.639593
v 0.448938 1.579391 0.669977
v 0.486830 1.579391 0.680645
v 0.486729 1.527065 0.672951
v 0.453038 1.527065 0.663466
v 0.445432 1.547979 0.690481
v 0.479802 1.540355 0.702520
v 0.501473 1.470491 0.698553
v 0.494893 1.470491 0.724845
v 0.508134 1.493906 0.728159
v 0.514713 1.493906 0.701866
v 0.526606 1.456450 0.705924
v 0.520536 1.456450 0.730181
v 0.532751 1.478052 0.733237
v 0.538821 1.478052 0.708981
v 0.547396 1.444835 0.712021
v 0.541748 1.444835 0.734594
v 0.553115 1.464938 0.737438
v 0.558764 1.464938 0.714866
v 0.565789 1.434560 0.717415
v 0.560513 1.434560 0.738498
v 0.571131 1.453336 0.741155
v 0.576406 1.453336 0.720072
v 0.582583 1.425178 0.722340
v 0.577647 1.425178 0.742063
v 0.587580 1.442743 0.744549
v 0.592515 1.442743 0.724826
v 0.598202 1.416452 0.726921
v 0.593584 1.416452 0.745379
v 0.602879 1.432890 0.747705
v 0.607498 1.432890 0.729247
v 0.612909 1.408236 0.731234
v 0.608589 1.408236 0.748501
v 0.617284 1.423613 0.750677
v 0.621605 1.423613 0.733410
v 0.626878 1.400433 0.735331
v 0.622840 1.400433 0.751466
v 0.630966 1.414802 0.753499
v 0.635003 1.414802 0.737364
v 0.640230 1.392973 0.739247
v 0.636463 1.392973 0.754300
v 0.644044 1.406379 0.756197
v 0.647811 1.406379 0.741144
v 0.653059 1.385806 0.743009
v 0.649552 1.385806 0.757024
v 0.656610 1.398287 0.758790
v 0.660117 1.398287 0.744776
v 0.665434 1.378893 0.746639
v 0.662178 1.378893 0.759651
v 0.668731 1.390481 0.761290
v 0.671987 1.390481 0.748278
v 0.677411 1.372202 0.750151
v 0.674398 1.372202 0.762193
v 0.680462 1.382926 0.763711
v 0.683476 1.382926 0.751669
v 0.689034 1.365709 0.753560
v 0.686257 1.365709 0.764660
v 0.691847 1.375594 0.766059
v 0.694624 1.375594 0.754959
v 0.700340 1.359393 0.756876
v 0.697791 1.359393 0.767060
v 0.702920 1.368463 0.768344
v 0.705469 1.368463 0.758159
v 0.711359 1.353237 0.760107
v 0.709034 1.353237 0.769399
v 0.713713 1.361512 0.770570
v 0.716039 1.361512 0.761278
v 0.621334 1.601563 0.551204
v 0.634827 1.591457 0.587941
v 0.617710 1.624667 0.603365
v 0.604216 1.634773 0.566627
v 0.650612 1.621273 0.549213
v 0.662079 1.612685 0.580432
v 0.647533 1.640907 0.593538
v 0.636066 1.649495 0.562319
v 0.675135 1.637782 0.547544
v 0.684904 1.630465 0.574142
v 0.672512 1.654509 0.585308
v 0.662742 1.661826 0.558711
v 0.697005 1.652505 0.546057
v 0.705260 1.646322 0.568532
v 0.694788 1.666640 0.577968
v 0.686532 1.672823 0.555493
v 0.717091 1.666027 0.544690
v 0.723956 1.660886 0.563380
v 0.715247 1.677781 0.571227
v 0.708383 1.682923 0.552537
v 0.465967 1.502596 0.672069
v 0.490102 1.502596 0.694908
v 0.456346 1.532732 0.682236
v 0.484593 1.514093 0.649793
v 0.511316 1.514093 0.675081
v 0.500664 1.547460 0.686338
v 0.473941 1.547460 0.661050
v 0.506624 1.527691 0.623447
v 0.536408 1.527691 0.651631
v 0.524535 1.564881 0.664177
v 0.494751 1.564881 0.635993
v 0.531204 1.542863 0.594052
v 0.564402 1.542863 0.625467
v 0.551169 1.584316 0.639452
v 0.517970 1.584316 0.608037
v 0.750411 1.678574 0.570028
v 0.735663 1.678574 0.576196
v 0.734702 1.694365 0.573900
v 0.747503 1.696943 0.565970
v 0.755988 1.681226 0.584062
v 0.741737 1.681226 0.590022
v 0.740809 1.696486 0.587803
v 0.755060 1.696486 0.581843
v 0.761105 1.683660 0.596937
v 0.747309 1.683660 0.602707
v 0.746410 1.698432 0.600558
v 0.760207 1.698432 0.594788
v 0.765945 1.685961 0.609113
v 0.752579 1.685961 0.614702
v 0.751708 1.700272 0.612621
v 0.765074 1.700272 0.607031
v 0.770587 1.688169 0.620794
v 0.757634 1.688169 0.626211
v 0.756791 1.702037 0.624194
v 0.769744 1.702037 0.618777
v 0.775078 1.690305 0.632095
v 0.762525 1.690305 0.637345
v 0.761708 1.703745 0.635390
v 0.774261 1.703745 0.630140
v 0.779448 1.692383 0.643090
v 0.767284 1.692383 0.648177
v 0.766492 1.705407 0.646283
v 0.778656 1.705407 0.641196
v 0.783717 1.694413 0.653829
v 0.771932 1.694413 0.658757
v 0.771164 1.707030 0.656922
v 0.782949 1.707030 0.651994
v 0.787898 1.696401 0.664350
v 0.776485 1.696401 0.669123
v 0.775742 1.708621 0.667345
v 0.787155 1.708621 0.662573
v 0.792004 1.698353 0.674680
v 0.780956 1.698353 0.679300
v 0.780237 1.710182 0.677580
v 0.791284 1.710182 0.672960
v 0.796042 1.700274 0.684842
v 0.785354 1.700274 0.689311
v 0.784658 1.711718 0.687647
v 0.795346 1.711718 0.683177
v 0.800756 1.710693 0.708252
v 0.790366 1.710693 0.709121
v 0.789839 1.718982 0.702819
v 0.801768 1.720070 0.702671
v 0.801045 1.716457 0.715315
v 0.791253 1.716457 0.716134
v 0.790756 1.724270 0.710194
v 0.800549 1.724270 0.709376
v 0.801310 1.721721 0.721765
v 0.792063 1.721721 0.722538
v 0.791594 1.729099 0.716929
v 0.800841 1.729099 0.716156
v 0.801559 1.726684 0.727845
v 0.792827 1.726684 0.728575
v 0.792384 1.733651 0.723279
v 0.801116 1.733651 0.722549
v 0.801798 1.731435 0.733666
v 0.793558 1.731435 0.734355
v 0.793140 1.738009 0.729358
v 0.801380 1.738009 0.728669
v 0.802028 1.736023 0.739287
v 0.794264 1.736023 0.739937
v 0.793870 1.742218 0.735228
v 0.801634 1.742218 0.734578
v 0.811333 1.712574 0.694355
v 0.809197 1.712574 0.704618
v 0.805442 1.721158 0.693129
v 0.819923 1.719061 0.696394
v 0.817888 1.719061 0.706175
v 0.812273 1.727242 0.705006
v 0.814309 1.727242 0.695225
v 0.827467 1.724759 0.698185
v 0.825520 1.724759 0.707542
v 0.820148 1.732585 0.706424
v 0.822096 1.732585 0.697067
v 0.834403 1.729998 0.699831
v 0.832537 1.729998 0.708799
v 0.827389 1.737498 0.707728
v 0.829255 1.737498 0.698760
v 0.840919 1.734919 0.701378
v 0.839129 1.734919 0.709980
v 0.834192 1.742114 0.708952
v 0.835982 1.742114 0.700350
v 0.847120 1.739602 0.702850
v 0.845402 1.739602 0.711104
v 0.840664 1.746506 0.710118
v 0.842382 1.746506 0.701864
v 0.853070 1.744096 0.704262
v 0.851422 1.744096 0.712182
v 0.846875 1.750720 0.711236
v 0.848523 1.750720 0.703316
v 0.858812 1.748433 0.705625
v 0.857231 1.748433 0.713223
v 0.852870 1.754788 0.712315
v 0.854451 1.754788 0.704718
v 0.864380 1.752639 0.706947
v 0.862864 1.752639 0.714232
v 0.858682 1.758731 0.713362
v 0.860198 1.758731 0.706077
v 0.869797 1.756730 0.708233
v 0.868345 1.756730 0.715214
v 0.864337 1.762568 0.714380
v 0.865790 1.762568 0.707399
v 0.875082 1.760721 0.709488
v 0.873691 1.760721 0.716172
v 0.869854 1.766312 0.715373
v 0.871245 1.766312 0.708689
v 0.880249 1.764624 0.710714
v 0.878919 1.764624 0.717108
v 0.875249 1.769972 0.716344
v 0.876579 1.769972 0.709950
v 0.885312 1.768447 0.711916
v 0.884040 1.768447 0.718026
v 0.880533 1.773557 0.717296
v 0.881804 1.773557 0.711186
v 0.890279 1.772199 0.713095
v 0.889065 1.772199 0.718926
v 0.885718 1.777075 0.718229
v 0.886931 1.777075 0.712398
v 0.756132 1.685170 0.549274
v 0.753480 1.685170 0.565503
v 0.748209 1.699521 0.547979
v 0.770331 1.693346 0.551699
v 0.767712 1.693346 0.567725
v 0.759888 1.707518 0.566446
v 0.762507 1.707518 0.550420
v 0.784028 1.701233 0.554037
v 0.781440 1.701233 0.569868
v 0.773711 1.715231 0.568605
v 0.776299 1.715231 0.552774
v 0.797407 1.708937 0.556322
v 0.794851 1.708937 0.571962
v 0.787216 1.722767 0.570714
v 0.789771 1.722767 0.555074
v 0.810556 1.716509 0.558568
v 0.808031 1.716509 0.574019
v 0.800487 1.730172 0.572786
v 0.803012 1.730172 0.557335
v 0.823525 1.723976 0.560782
v 0.821030 1.723976 0.576048
v 0.813576 1.737476 0.574830
v 0.816071 1.737476 0.559564
v 0.836344 1.731358 0.562971
v 0.833879 1.731358 0.578054
v 0.826515 1.744696 0.576851
v 0.828980 1.744696 0.561768
v 0.849038 1.738668 0.565139
v 0.846603 1.738668 0.580041
v 0.839327 1.751845 0.578852
v 0.841763 1.751845 0.563950
v 0.861623 1.745914 0.567288
v 0.859217 1.745914 0.582010
v 0.852029 1.758933 0.580835
v 0.854435 1.758933 0.566113
v 0.874112 1.753106 0.569421
v 0.871735 1.753106 0.583964
v 0.864635 1.765967 0.582804
v 0.867012 1.765967 0.568260
v 0.886515 1.760248 0.571539
v 0.884167 1.760248 0.585905
v 0.877154 1.772952 0.584759
v 0.879502 1.772952 0.570393
v 0.887026 1.787954 0.568850
v 0.900597 1.787954 0.568373
v 0.901052 1.791986 0.581332
v 0.887481 1.791986 0.581808
v 0.887202 1.800307 0.565313
v 0.900174 1.800307 0.564857
v 0.900609 1.804162 0.577245
v 0.887637 1.804162 0.577700
v 0.887361 1.811472 0.562117
v 0.899792 1.811472 0.561680
v 0.900208 1.815166 0.573551
v 0.887777 1.815166 0.573987
v 0.887509 1.821928 0.559123
v 0.899434 1.821928 0.558705
v 0.899833 1.825471 0.570091
v 0.887909 1.825471 0.570510
v 0.887651 1.831887 0.556272
v 0.899092 1.831887 0.555870
v 0.899476 1.835287 0.566796
v 0.888034 1.835287 0.567198
v 0.887787 1.841467 0.553529
v 0.898764 1.841467 0.553144
v 0.899132 1.844729 0.563626
v 0.888155 1.844729 0.564012
v 0.887919 1.850743 0.550874
v 0.898447 1.850743 0.550504
v 0.898800 1.853871 0.560557
v 0.888272 1.853871 0.560927
v 0.888047 1.859766 0.548291
v 0.898137 1.859766 0.547936
v 0.898476 1.862765 0.557572
v 0.888385 1.862765 0.557926
v 0.888172 1.868575 0.545769
v 0.897836 1.868575 0.545430
v 0.898160 1.871446 0.554657
v 0.888496 1.871446 0.554997
v 0.888295 1.877196 0.543301
v 0.897540 1.877196 0.542976
v 0.897850 1.879943 0.551805
v 0.888605 1.879943 0.552130
v 0.916817 1.766832 0.571351
v 0.918027 1.766832 0.584825
v 0.918041 1.780361 0.584824
v 0.916830 1.780361 0.571349
v 0.932092 1.767095 0.570258
v 0.933253 1.767095 0.583178
v 0.933266 1.780066 0.583176
v 0.932105 1.780066 0.570257
v 0.945333 1.767324 0.569312
v 0.946451 1.767324 0.581749
v 0.946463 1.779811 0.581748
v 0.945346 1.779811 0.569310
v 0.957405 1.767532 0.568448
v 0.958483 1.767532 0.580447
v 0.958495 1.779579 0.580446
v 0.957417 1.779579 0.568447
v 0.968675 1.767727 0.567643
v 0.969716 1.767727 0.579231
v 0.969728 1.779362 0.579230
v 0.968687 1.779362 0.567641
v 0.979346 1.767911 0.566880
v 0.980352 1.767911 0.578080
v 0.980363 1.779156 0.578079
v 0.979357 1.779156 0.566878
v 0.989542 1.768087 0.566151
v 0.990515 1.768087 0.576980
v 0.990526 1.778960 0.576979
v 0.989553 1.778960 0.566149
v 0.999349 1.768256 0.565449
v 1.000289 1.768256 0.575922
v 1.000300 1.778771 0.575921
v 0.999359 1.778771 0.565448
v 1.008827 1.768419 0.564771
v 1.009737 1.768419 0.574899
v 1.009748 1.778588 0.574898
v 1.008838 1.778588 0.564771
v 1.018024 1.768578 0.564114
v 1.018904 1.768578 0.573907
v 1.018914 1.778411 0.573906
v 1.018034 1.778411 0.564113
v 1.026974 1.768732 0.563474
v 1.027825 1.768732 0.572942
v 1.027834 1.778238 0.572941
v 1.026983 1.778238 0.563473
v 1.035705 1.768883 0.562850
v 1.036528 1.768883 0.572000
v 1.036537 1.778070 0.571999
v 1.035715 1.778070 0.562849
v 1.044241 1.769030 0.562239
v 1.045036 1.769030 0.571079
v 1.045044 1.777906 0.571078
v 1.044250 1.777906 0.562238
v 1.052601 1.769175 0.561641
v 1.053367 1.769175 0.570177
v 1.053376 1.777745 0.570176
v 1.052609 1.777745 0.561641
v 1.060799 1.769316 0.561055
v 1.061540 1.769316 0.569293
v 1.061548 1.777587 0.569292
v 1.060808 1.777587 0.561054
v 1.068851 1.769455 0.560480
v 1.069565 1.769455 0.568424
v 1.069573 1.777431 0.568423
v 1.068859 1.777431 0.560479
v 1.076767 1.769591 0.559913
v 1.077455 1.769591 0.567570
v 1.077463 1.777279 0.567569
v 1.076775 1.777279 0.559913
v 1.084558 1.769726 0.559356
v 1.085220 1.769726 0.566730
v 1.085228 1.777129 0.566729
v 1.084565 1.777129 0.559356
v 1.092232 1.769858 0.558808
v 1.092869 1.769858 0.565902
v 1.092876 1.776981 0.565901
v 1.092239 1.776981 0.558807
v 1.099797 1.769989 0.558267
v 1.100410 1.769989 0.565086
v 1.100416 1.776835 0.565085
v 1.099804 1.776835 0.558266
v 1.466233 3.664101 -1.283103
v 1.429418 3.664101 -1.287264
v 1.432992 3.683070 -1.318887
v 1.462338 3.688917 -1.271690
v 1.430667 3.688917 -1.275269
v 1.433742 3.705236 -1.302474
v 1.465413 3.705236 -1.298895
v 0.187032 2.720960 -1.080289
v 0.216385 2.720960 -1.092776
v 0.213102 2.759520 -1.095559
v 0.183917 2.759520 -1.080692
v 0.170809 2.727331 -1.107640
v 0.199010 2.727331 -1.122006
v 0.199015 2.758979 -1.121994
v 0.170815 2.758979 -1.107628
v 0.158508 2.727861 -1.132929
v 0.185784 2.727861 -1.146824
v 0.185790 2.758472 -1.146813
v 0.158514 2.758472 -1.132918
v 0.146701 2.728371 -1.157205
v 0.173090 2.728371 -1.170648
v 0.173095 2.757986 -1.170636
v 0.146707 2.757986 -1.157193
v 0.135247 2.728864 -1.180753
v 0.160775 2.728864 -1.193757
v 0.160780 2.757514 -1.193747
v 0.135252 2.757514 -1.180742
v 0.124067 2.729347 -1.203737
v 0.148755 2.729347 -1.216314
v 0.148760 2.757053 -1.216304
v 0.124072 2.757053 -1.203727
v 0.113110 2.729819 -1.226264
v 0.136975 2.729819 -1.238421
v 0.136980 2.756602 -1.238411
v 0.113115 2.756602 -1.226254
v 0.083926 2.748428 -1.277482
v 0.102418 2.749146 -1.290276
v 0.107641 2.769236 -1.281601
v 0.089148 2.768519 -1.268808
v 0.074241 2.758629 -1.292675
v 0.091084 2.759281 -1.304327
v 0.095841 2.777581 -1.296427
v 0.078997 2.776928 -1.284774
v 0.066091 2.767211 -1.305458
v 0.081547 2.767810 -1.316151
v 0.085912 2.784602 -1.308901
v 0.070456 2.784003 -1.298208
v 0.058802 2.774887 -1.316891
v 0.073018 2.775438 -1.326725
v 0.077032 2.790882 -1.320057
v 0.062817 2.790331 -1.310223
v 0.052093 2.781952 -1.327415
v 0.065166 2.782459 -1.336459
v 0.068858 2.796663 -1.330327
v 0.055785 2.796156 -1.321282
v 0.045812 2.788567 -1.337266
v 0.057817 2.789032 -1.345571
v 0.061207 2.802074 -1.339940
v 0.049202 2.801609 -1.331635
v 0.039867 2.794827 -1.346592
v 0.050859 2.795254 -1.354197
v 0.053963 2.807197 -1.349041
v 0.042971 2.806770 -1.341436
v 0.034194 2.800801 -1.355490
v 0.044221 2.801190 -1.362427
v 0.047052 2.812084 -1.357723
v 0.037025 2.811695 -1.350786
v 0.028749 2.806535 -1.364030
v 0.037849 2.806888 -1.370325
v 0.040419 2.816775 -1.366057
v 0.031319 2.816422 -1.359761
v 0.023500 2.812063 -1.372264
v 0.031706 2.812382 -1.377941
v 0.034024 2.821297 -1.374092
v 0.025817 2.820979 -1.368415
v 0.286094 2.811023 -1.029079
v 0.305174 2.790030 -1.048259
v 0.293371 2.805197 -1.076601
v 0.274292 2.826190 -1.057421
v 0.261047 2.789324 -1.030296
v 0.280094 2.768366 -1.049443
v 0.268311 2.783507 -1.077737
v 0.249264 2.804465 -1.058590
v 0.236044 2.767662 -1.031511
v 0.255059 2.746741 -1.050626
v 0.243296 2.761856 -1.078871
v 0.224281 2.782778 -1.059757
v 0.216129 2.744373 -1.100339
v 0.186606 2.744373 -1.090235
v 0.182251 2.705980 -1.106334
v 0.209706 2.705980 -1.115731
v 0.206408 2.733154 -1.125366
v 0.178953 2.733154 -1.115968
v 0.175070 2.697644 -1.130379
v 0.200646 2.697644 -1.139133
v 0.197575 2.722958 -1.148108
v 0.171998 2.722958 -1.139354
v 0.168321 2.689809 -1.152980
v 0.192131 2.689809 -1.161129
v 0.189271 2.713375 -1.169484
v 0.165461 2.713375 -1.161335
v 0.161876 2.682327 -1.174563
v 0.183999 2.682327 -1.182135
v 0.181342 2.704223 -1.189899
v 0.159219 2.704223 -1.182326
v 0.141314 2.662545 -1.199239
v 0.152363 2.656525 -1.212223
v 0.145740 2.668916 -1.223604
v 0.134691 2.674936 -1.210619
v 0.129762 2.652007 -1.205575
v 0.139589 2.646653 -1.217125
v 0.133698 2.657674 -1.227247
v 0.123870 2.663028 -1.215698
v 0.120211 2.643296 -1.210814
v 0.129029 2.638492 -1.221177
v 0.123743 2.648380 -1.230259
v 0.114925 2.653184 -1.219896
v 0.111766 2.635593 -1.215447
v 0.119691 2.631275 -1.224760
v 0.114940 2.640162 -1.232923
v 0.107015 2.644480 -1.223609
v 0.104057 2.628561 -1.219675
v 0.111167 2.624688 -1.228030
v 0.106905 2.632661 -1.235354
v 0.099795 2.636534 -1.226998
v 0.096889 2.622023 -1.223607
v 0.103241 2.618562 -1.231072
v 0.099433 2.625685 -1.237614
v 0.093081 2.629146 -1.230149
v 0.090141 2.615868 -1.227308
v 0.095780 2.612796 -1.233934
v 0.092400 2.619119 -1.239742
v 0.086761 2.622191 -1.233116
v 0.083734 2.610023 -1.230823
v 0.088695 2.607320 -1.236653
v 0.085721 2.612884 -1.241763
v 0.080760 2.615587 -1.235933
v 0.077609 2.604437 -1.234182
v 0.081923 2.602087 -1.239251
v 0.079337 2.606924 -1.243694
v 0.075023 2.609274 -1.238625
v 0.138706 2.780603 -0.196017
v 0.187032 2.773442 -0.160980
v 0.153470 2.810299 -0.115990
v 0.107442 2.810416 -0.161196
v 0.891305 3.189281 -1.063233
v 0.938806 3.179133 -0.990626
v 0.958636 3.107030 -1.000884
v 0.923956 3.107030 -1.067925
v 0.841193 3.213765 -1.036518
v 0.908523 3.213765 -1.009273
v 0.929492 3.167387 -1.061090
v 0.865295 3.152405 -1.095697
v 0.234554 3.927478 -0.285462
v 1.058110 3.602539 -1.354385
v 1.046652 3.554466 -1.347708
v 1.021545 3.554466 -1.390795
v 0.268755 3.927478 -0.335187
v 0.232202 3.886564 -0.360328
v 0.198001 3.886564 -0.310603
v 0.246290 3.921365 -0.315038
v 0.286776 3.921365 -0.278688
v 0.319924 3.899036 -0.315608
v 0.279438 3.899036 -0.351958
v 0.263294 4.032859 -0.361582
v 0.304322 4.029062 -0.386571
v 0.295915 3.992274 -0.401612
v 0.260455 3.992274 -0.381791
v 0.157038 2.934657 -0.701781
v 0.000939 3.162290 -0.962245
v 0.005309 3.136854 -0.991563
v -0.008403 3.136854 -0.967588
v 0.231393 2.934657 -0.704077
v 0.246863 2.885641 -0.767653
v 0.155175 2.891159 -0.762100
v -0.098726 2.527524 -0.029560
v 0.510221 3.275578 -0.121501
v 0.481712 3.267635 -0.121076
v 0.497286 3.267635 -0.107093
v -0.002852 2.527524 -0.009376
v 0.010405 2.453642 -0.072344
v -0.085469 2.453642 -0.092528
v 0.037411 2.573434 -0.014181
v -0.056755 2.573434 0.002944
v -0.060525 2.480071 -0.017784
v 0.033641 2.480071 -0.034909
v 0.659825 2.978592 1.393778
v 1.369918 3.144412 0.975285
v 1.356236 3.144412 0.991292
v 1.360097 3.123975 0.994592
v 0.154315 2.451551 0.658148
v 0.091203 2.451551 0.686456
v 0.108986 2.397732 0.726102
v 0.645246 2.979806 1.429671
v 0.673990 2.951915 1.433838
v 0.679920 2.950617 1.398110
v -0.353266 2.628242 0.548159
v -0.381406 2.631835 0.505807
v -0.389571 2.581975 0.513502
v -0.365127 2.581975 0.555124
v -0.958907 3.017761 -0.222750
v -0.952722 3.017761 -0.212603
v -0.947745 3.007406 -0.215637
v -0.953930 3.007406 -0.225784
v -1.544145 3.223436 0.751155
v -0.975905 3.011204 -0.206908
v -0.973082 2.997520 -0.220520
v -0.974181 2.997520 -0.206770
v -1.469371 3.223436 0.793734
v -1.447450 3.149667 0.755239
v -1.522225 3.149667 0.712660
v -0.360543 3.037893 1.164388
v -1.393258 4.286140 -0.071654
v -1.381640 4.266728 -0.079877
v -1.395548 4.266728 -0.099525
v -1.928730 4.348128 0.039063
v -1.897832 4.335762 0.043408
v -1.913562 4.335762 0.025637
v -1.649524 3.710044 0.074664
v -1.667270 3.690429 0.043556
v -1.702738 3.690429 0.063789
v -1.723986 3.892863 -0.013681
v -1.699285 3.886878 -0.015108
v -1.713071 3.886878 -0.026682
v -0.442958 3.037893 1.206321
v -0.438903 2.945858 1.214290
v -0.356488 2.945858 1.172358
v -0.754594 3.557349 1.241583
v -0.480225 3.056327 1.101119
v -0.389039 3.056327 1.110919
v -0.382528 2.987781 1.050338
v -0.758426 3.561366 1.200290
v -0.779105 3.531168 1.204359
v -0.771994 3.531168 1.240492
v -0.836913 3.615145 1.265478
v -0.921169 3.719532 1.204739
v -0.898804 3.719532 1.186948
v -0.912703 3.701694 1.169476
v -0.855301 3.615145 1.237237
v -0.866246 3.584079 1.244364
v -0.847858 3.584079 1.272604
v -0.835435 3.634876 1.250117
v -0.824545 3.634876 1.201808
v -0.859715 3.600927 1.193880
v -0.870605 3.600927 1.242189
v -0.754594 3.557349 1.241583
v -0.781332 3.553331 1.223731
v -0.780951 3.520473 1.223342
v -0.757492 3.520473 1.246356
v -0.392718 3.076563 1.163008
v -0.487699 3.076563 1.152801
v -0.838974 3.536015 1.338161
v -0.856917 3.513161 1.320723
v -0.835654 3.513161 1.331771
v -0.494026 3.001604 1.211679
v -0.399045 3.001604 1.221887
v -0.943886 3.978324 1.917261
v -0.920083 3.843789 1.834398
v -0.960491 3.825327 1.851933
v -0.928107 3.825327 1.861515
v -0.977568 3.978324 1.907016
v -0.986263 3.959703 1.935601
v -0.947827 3.962945 1.943575
v -0.963754 3.750279 1.564455
v -0.934454 3.750279 1.524149
v -0.964805 3.706614 1.501475
v -0.990528 3.713033 1.544991
v -1.101230 3.934010 1.535922
v -1.110963 3.934010 1.524232
v -1.119081 3.923064 1.530991
v -1.109348 3.923064 1.542681
v -1.104542 3.938025 1.529085
v -1.100892 3.938025 1.514085
v -1.113974 3.930471 1.510902
v -1.117624 3.930471 1.525902
v -0.463909 3.291801 1.603528
v -0.507241 3.297597 1.598919
v -0.505521 3.262071 1.587281
v -0.468500 3.262071 1.592754
v -0.379438 3.509490 1.809041
v -0.478813 3.306628 1.668960
v -0.514160 3.306628 1.665703
v -0.515697 3.275331 1.682383
v -0.436591 3.259093 1.446544
v -0.508136 3.196459 1.467676
v -0.439653 3.196459 1.475036
v -0.392506 3.501847 1.760102
v -0.442701 3.485246 1.771064
v -0.425635 3.484461 1.833663
v 0.098047 3.026988 1.793318
v -0.178247 2.994716 1.567650
v -0.176851 2.994716 1.633506
v -0.168062 2.929638 1.567434
v 0.056133 3.026988 1.792362
v 0.055888 2.986469 1.803123
v 0.103934 2.989635 1.808298
v 0.183917 2.759520 -1.080692
v 0.456346 1.532732 0.682236
v 0.479802 1.540355 0.702520
v 0.465967 1.502596 0.672069
v 0.213102 2.759520 -1.095559
v 0.216385 2.720960 -1.092776
v 0.187032 2.720960 -1.080289
vn -0.4489 0.8865 -0.1126
vn -0.2127 0.0186 0.9769
vn 0.3676 -0.9246 0.0998
vn 0.7288 -0.4941 0.4739
vn 0.1115 -0.0482 -0.9926
vn -0.5073 0.8509 -0.1363
vn -0.2135 0.0163 0.9768
vn 0.3483 -0.9319 0.1010
vn 0.4956 0.0081 -0.8685
vn 0.2301 0.9696 0.0836
vn 0.4864 -0.5788 0.6545
vn -0.3015 -0.0066 0.9535
vn -0.0088 -1.0000 -0.0020
vn 0.4863 -0.0117 -0.8737
vn 0.1977 0.9766 0.0851
vn -0.3001 -0.0117 0.9538
vn -0.0115 -0.9999 -0.0049
vn -0.9436 -0.0127 -0.3309
vn -0.6893 -0.0410 0.7233
vn 0.0610 0.9712 -0.2301
vn 0.9836 -0.0127 0.1796
vn 0.5811 -0.3210 -0.7478
vn 0.4815 -0.0620 -0.8743
vn -0.0209 -0.9967 0.0789
vn 0.1505 0.9870 0.0562
vn 0.0610 0.9712 -0.2302
vn 0.9836 -0.0127 0.1797
vn -0.0209 -0.9967 0.0788
vn -0.9725 0.2212 0.0729
vn -0.6309 -0.3637 -0.6853
vn 0.0765 -0.9963 -0.0396
vn -0.9436 -0.0127 -0.3310
vn 0.3641 0.5615 -0.7431
vn 0.3242 0.4859 -0.8117
vn -0.5008 0.5519 -0.6668
vn -0.5140 0.0034 -0.8578
vn 0.2192 0.9673 -0.1277
vn -0.3694 0.6011 0.7087
vn 0.4929 0.0034 0.8701
vn 0.5133 -0.5118 -0.6889
vn -0.2403 -0.9605 0.1401
vn -0.2551 0.9575 0.1343
vn -0.9982 0.0265 0.0536
vn 0.0542 0.7342 0.6768
vn 0.9935 0.0301 -0.1098
vn -0.0589 -0.6776 -0.7331
vn -0.9982 0.0264 0.0536
vn -0.9982 0.0265 0.0535
vn -0.1616 0.1902 -0.9683
vn 0.9367 0.3245 0.1314
vn 0.0382 0.8752 0.4822
vn 0.9935 0.0301 -0.1099
vn 0.7461 0.3228 -0.5823
vn 0.8137 0.3490 0.4648
vn 0.7510 -0.4944 -0.4377
vn 0.3314 0.9327 0.1426
vn 0.0818 0.9476 -0.3089
vn -0.9984 0.0236 0.0507
vn 0.0544 0.7315 0.6797
vn 0.9933 0.0272 -0.1128
vn -0.0583 -0.6838 -0.7274
vn -0.9986 0.0155 0.0505
vn 0.0277 0.9360 0.3509
vn 0.9941 0.0153 -0.1075
vn -0.0336 -0.9049 -0.4244
vn -0.9987 0.0127 0.0493
vn 0.0286 0.9322 0.3609
vn 0.9940 0.0127 -0.1087
vn -0.0333 -0.9068 -0.4202
vn -0.7040 0.6413 0.3051
vn -0.0074 0.9999 0.0127
vn 0.5499 0.5678 -0.6125
vn 0.4717 -0.7892 -0.3933
vn 0.0628 -0.9322 -0.3565
vn -0.9987 0.0127 0.0494
vn -0.4922 0.7676 0.4104
vn -0.8388 0.0596 -0.5412
vn 0.6281 0.0596 0.7759
vn -0.6105 -0.4060 0.6800
vn -0.5525 0.7351 -0.3930
vn -0.7132 -0.3942 -0.5796
vn -0.5380 0.7574 -0.3700
vn -0.9212 0.0176 -0.3886
vn -0.2831 0.6560 0.6997
vn 0.9322 0.0176 0.3614
vn 0.2941 -0.6207 -0.7268
vn -0.2831 0.6560 0.6996
vn 0.3061 0.8775 0.3691
vn -0.7442 0.0005 -0.6680
vn 0.9751 -0.2217 -0.0081
vn -0.6918 0.2827 -0.6645
vn 0.7349 0.2827 0.6164
vn 0.8107 0.5423 -0.2208
vn -0.2800 0.7827 -0.5558
vn -0.9212 0.0151 -0.3888
vn 0.4112 -0.5324 -0.7399
vn 0.9818 0.0595 -0.1805
vn -0.1481 0.7965 -0.5863
vn -0.9497 0.0595 0.3075
vn 0.1802 -0.6774 0.7132
vn 0.9818 0.0595 -0.1806
vn 0.3931 0.3864 -0.8344
vn -0.1481 0.7965 -0.5862
vn -0.7240 -0.6373 0.2640
vn -0.6919 -0.0186 -0.7217
vn -0.6670 0.5428 0.5104
vn -0.0478 0.0826 0.9954
vn 0.7668 0.6408 0.0369
vn -0.1190 0.1022 -0.9876
vn -0.8976 -0.4408 0.0030
vn -0.9296 0.0609 0.3636
vn 0.3107 0.6406 0.7022
vn 0.8943 0.0609 -0.4432
vn -0.3404 -0.9199 -0.1947
vn -0.3458 -0.5188 -0.7818
vn 0.3106 0.6406 0.7022
vn 0.3194 0.7381 0.5944
vn -0.3459 -0.5188 -0.7818
vn -0.1152 -0.2688 -0.9563
vn 0.9599 -0.0237 -0.2794
vn -0.9917 -0.0832 -0.0985
vn -0.9693 -0.1520 -0.1931
vn 0.1170 0.8744 0.4708
vn -0.9018 0.1750 -0.3952
vn 0.9989 0.0094 -0.0468
vn -0.7529 -0.4999 0.4280
vn 0.0622 -0.1576 0.9855
vn -0.1509 0.4115 -0.8988
vn -0.8703 0.0090 -0.4924
vn -0.1318 0.9596 0.2487
vn 0.8962 0.0090 0.4435
vn 0.1577 -0.9416 -0.2976
vn -0.1318 0.9596 0.2488
vn 0.1787 -0.0539 0.9824
vn 0.1245 0.7181 0.6847
vn 0.3551 -0.2163 0.9095
vn 0.4788 0.1718 -0.8609
vn -0.4788 -0.1718 0.8609
vn 0.0970 -0.8404 0.5332
vn 0.1666 -0.3648 0.9161
vn 0.0372 -0.2180 0.9752
vn -0.7646 0.6388 0.0850
vn -0.7535 0.6509 0.0926
vn 0.1358 -0.9902 0.0329
vn 0.0965 0.9718 0.2151
vn -0.1754 -0.3491 0.9205
vn 0.2843 0.2787 -0.9173
vn -0.8561 -0.0056 -0.5167
vn -0.0454 -0.8463 0.5308
vn -0.2693 0.9201 0.2844
vn -0.7841 0.0400 -0.6193
vn -0.4715 0.6142 0.6328
vn 0.8177 0.0400 0.5742
vn 0.5051 -0.5341 -0.6779
vn 0.4739 0.3800 0.7944
vn -0.4715 0.6141 0.6328
vn -0.0822 0.9944 -0.0670
vn -0.2482 0.9684 -0.0260
vn -0.4097 0.2979 0.8622
vn -0.8097 0.0317 -0.5860
vn -0.5023 0.5921 0.6302
vn -0.9796 0.0220 0.1998
vn 0.1373 0.7942 0.5919
vn 0.9675 0.0220 -0.2519
vn -0.1494 -0.7503 -0.6440
vn 0.4554 0.7024 -0.5471
vn 0.1235 0.5744 0.8092
vn -0.6293 -0.1671 0.7590
vn 0.1373 0.7943 0.5919
vn 0.2371 -0.7976 0.5546
vn 0.9675 0.0220 -0.2520
vn -0.1494 -0.7502 -0.6441
vn 0.3126 -0.8485 -0.4269
vn 0.0533 0.8836 -0.4652
vn 0.1844 -0.4454 -0.8761
vn 0.9684 -0.0051 -0.2494
vn 0.3567 -0.4976 0.7907
vn -0.0207 -0.8144 -0.5799
vn -0.9658 0.0135 0.2590
vn 0.1339 0.8798 0.4561
vn 0.9526 0.0135 -0.3040
vn -0.1471 -0.8528 -0.5011
vn 0.9397 -0.3002 0.1635
vn -0.5653 -0.7187 0.4048
vn -0.1126 -0.3199 -0.9407
vn -0.9739 -0.2078 -0.0917
vn -0.8585 0.0943 0.5041
vn 0.9448 -0.0972 0.3129
vn 0.1422 0.9883 0.0546
vn 0.9792 -0.0025 0.2031
vn -0.0325 0.0849 0.9959
vn 0.1684 0.8655 0.4717
vn 0.9203 -0.0824 -0.3824
vn 0.0130 0.5441 0.8389
vn -0.0015 -0.9026 -0.4305
vn -0.2761 0.0864 -0.9572
vn -0.3951 0.8981 0.1933
vn -0.5236 -0.0039 -0.8520
vn 0.3457 -0.0477 0.9371
vn 0.4647 -0.8594 -0.2134
vn -0.3951 0.8981 0.1932
vn 0.3458 -0.0477 0.9371
vn 0.8088 -0.4603 -0.3659
vn -0.2762 0.0864 -0.9572
vn -0.7013 0.4731 -0.5333
vn -0.2965 0.9223 0.2479
vn 0.4937 0.5798 0.6481
vn 0.3457 -0.0476 0.9371
vn 0.4647 -0.8594 -0.2133
vn -0.0212 -0.8114 0.5841
vn -0.2671 -0.9581 -0.1039
vn -0.5791 -0.7401 0.3420
vn 0.6223 0.7604 0.1857
vn -0.5727 -0.1397 0.8078
vn 0.0604 0.9975 -0.0368
vn 0.7182 0.5408 -0.4379
vn -0.6231 0.0160 0.7819
vn -0.4218 0.5740 0.7019
vn -0.0000 1.0000 -0.0000
vn 0.7731 0.4244 -0.4713
vn 0.6117 -0.6977 -0.3729
vn 0.9798 -0.1999 -0.0043
vn 0.4648 -0.8594 -0.2134
vn 0.2171 -0.7520 -0.6224
vn 0.3326 0.7404 -0.5841
vn -0.0964 -0.3672 -0.9251
vn -0.4112 0.8137 0.4108
vn 0.4926 0.2418 -0.8360
vn -0.4727 0.5621 -0.6786
vn 0.8039 0.5917 0.0608
vn 0.4828 0.2193 -0.8478
vn -0.1157 0.9932 -0.0159
vn -0.3656 0.1541 -0.9179
vn 0.9786 -0.0141 -0.2055
vn 0.5921 -0.0745 -0.8024
vn 0.7319 0.6729 0.1073
vn -0.1472 0.5028 0.8518
vn 0.6813 0.0495 0.7304
vn 0.8296 0.5460 -0.1169
vn -0.9885 0.0432 -0.1450
vn -0.2452 -0.3306 -0.9114
vn -0.2756 0.0816 -0.9578
vn -0.3952 0.8980 0.1937
vn 0.0966 0.3255 0.9406
vn 0.3456 -0.0476 0.9372
vn 0.4618 -0.8601 -0.2169
vn -0.4503 0.0015 -0.8929
vn -0.3517 -0.7044 -0.6165
vn -0.2514 0.9587 0.1330
vn 0.4682 0.0059 0.8836
vn 0.2710 -0.9520 -0.1421
vn -0.4520 0.0026 -0.8920
vn -0.2553 0.9578 0.1321
vn 0.4668 0.0026 0.8843
vn 0.2701 -0.9526 -0.1397
vn 0.4703 0.5198 0.7132
vn 0.0962 0.2832 0.9542
vn -0.1141 0.9848 0.1312
vn 0.3525 0.1342 -0.9262
vn 0.5282 -0.0763 0.8457
vn -0.7261 0.5373 -0.4290
vn -0.2612 0.8700 -0.4182
vn -0.3766 -0.0389 -0.9255
vn -0.8566 -0.1430 -0.4958
vn -0.1555 0.9743 0.1630
vn -0.6900 -0.0049 -0.7237
vn 0.8171 0.3296 0.4730
vn 0.1675 0.9712 -0.1694
vn 0.7547 -0.0134 0.6559
vn -0.1028 -0.9895 0.1016
vn 0.0958 0.9943 -0.0474
vn 0.0053 0.9999 -0.0096
vn -0.2048 -0.7927 -0.5741
vn 0.1675 0.9712 -0.1695
vn -0.6908 0.0052 -0.7230
vn 0.1536 0.9745 -0.1634
vn 0.7551 -0.0124 0.6555
vn -0.1054 -0.9885 0.1085
vn -0.0281 0.0962 -0.9950
vn -0.5253 0.8500 0.0394
vn 0.0804 0.0036 0.9968
vn -0.4186 -0.7819 -0.4619
vn 0.5440 -0.8383 -0.0352
vn -0.6857 0.0762 -0.7239
vn -0.5417 0.5672 0.6203
vn 0.7593 0.0634 0.6477
vn 0.5572 -0.4999 -0.6631
vn 0.7190 0.0025 -0.6950
vn -0.7327 0.0260 -0.6801
vn -0.6812 -0.6586 0.3198
vn -0.5521 0.5631 0.6149
vn 0.7548 0.0260 0.6554
vn 0.5742 -0.5110 -0.6396
vn 0.7582 0.6241 -0.1889
vn 0.3770 0.8720 -0.3121
vn -0.5578 0.5815 0.5922
vn 0.8161 0.1133 0.5666
vn 0.5433 -0.4302 -0.7210
vn -0.1352 0.0134 0.9907
vn 0.8932 0.4377 0.1031
vn 0.1286 0.0203 -0.9915
vn -0.9365 -0.3320 -0.1128
vn -0.1310 0.0141 0.9913
vn 0.4815 0.5157 0.7087
vn 0.9140 0.3888 0.1154
vn 0.1196 0.0141 -0.9927
vn -0.6881 0.7240 -0.0478
vn -0.9254 -0.3606 -0.1169
vn -0.1778 0.0373 0.9834
vn 0.9149 0.3860 0.1183
vn 0.7305 -0.2049 0.6514
vn 0.5818 -0.3194 -0.7480
vn -0.6813 0.3061 -0.6649
vn -0.5326 0.4206 0.7345
vn -0.7812 -0.5083 -0.3623
vn 0.7312 -0.2064 0.6502
vn 0.5779 -0.3441 -0.7401
vn -0.6115 -0.4874 0.6233
vn -0.6962 0.3050 -0.6498
vn -0.8822 -0.0158 0.4706
vn -0.5573 0.3930 0.7314
vn 0.7479 0.0391 0.6627
vn 0.6461 0.3077 -0.6985
vn -0.9589 0.2835 0.0101
vn -0.7524 0.0296 -0.6580
vn -0.6598 -0.2007 0.7242
vn -0.9243 -0.1612 0.3459
vn 0.7389 0.0287 0.6732
vn 0.6423 0.2750 -0.7154
vn -0.2260 0.2873 0.9308
vn -0.7486 0.0287 -0.6623
vn -0.6521 -0.2176 0.7263
vn 0.7405 -0.0790 0.6674
vn 0.0886 0.5591 -0.8244
vn -0.0724 0.0630 -0.9954
vn -0.1064 0.0912 0.9901
vn -0.7289 0.6788 0.0896
vn 0.1707 0.0630 0.9833
vn 0.8272 -0.5527 -0.1016
vn 0.8768 0.3462 0.3337
vn -0.8749 0.4602 0.1505
vn -0.7017 -0.6477 -0.2968
vn -0.5201 0.4489 -0.7266
vn 0.9960 -0.0010 -0.0895
vn -0.0104 0.9549 -0.2968
vn 0.8017 0.5740 0.1668
vn 0.0662 0.6065 0.7923
vn 0.8381 -0.5036 0.2097
vn -0.0239 -0.6099 0.7921
vn 0.7081 0.2570 0.6577
vn 0.1014 0.9889 0.1083
vn 0.1931 -0.3323 0.9232
vn -0.4843 0.7931 0.3693
vn 0.4466 0.4157 0.7923
vn -0.7388 0.6297 0.2403
vn 0.5892 0.6696 0.4522
vn -0.2257 0.9537 -0.1985
vn 0.5373 -0.7201 0.4391
vn -0.1093 0.5914 0.7990
vn -0.0142 0.9945 0.1038
vn -0.0565 0.9414 -0.3325
vn 0.4416 0.5265 0.7264
vn 0.2942 0.8235 0.4851
vn -0.1047 0.2020 0.9738
vn 0.0977 0.0174 0.9951
vn -0.4754 0.8721 -0.1157
vn -0.5529 0.6945 0.4604
vn -0.7030 0.3671 -0.6091
vn 0.1836 0.8849 0.4280
vn -0.7469 0.4613 0.4788
vn 0.9226 0.3839 0.0370
vn -0.0921 0.9579 -0.2719
vn 0.0919 0.3609 0.9281
vn 0.0718 0.7474 0.6605
vn -0.0902 0.9891 -0.1166
vn 0.8681 0.4131 0.2752
vn -0.4397 -0.3006 0.8463
vn 0.4718 0.6576 0.5873
vn -0.8190 0.5299 0.2202
vn -0.7639 0.6443 0.0374
vn -0.7725 0.3875 0.5030
vn -0.6042 0.1581 -0.7810
vn -0.3886 0.7812 -0.4885
vn -0.2216 0.2834 -0.9331
vn -0.8277 0.5524 -0.0984
vn -0.6090 0.6333 -0.4775
vn -0.1171 0.9908 -0.0678
vn 0.2138 0.9431 -0.2547
vn 0.3902 0.8535 -0.3454
vn 0.2498 0.8818 0.4000
vn -0.6622 0.6901 0.2920
vn -0.3969 0.9116 0.1066
vn -0.4171 0.6810 0.6019
vn -0.5379 0.5807 0.6111
vn -0.1849 0.9824 -0.0271
vn -0.9713 0.0287 -0.2363
vn 0.6582 0.5913 -0.4659
vn -0.9466 0.3066 -0.0997
vn -0.4889 0.8642 -0.1190
vn -0.4834 0.8716 -0.0816
vn -0.7833 0.5498 -0.2902
vn 0.5286 0.1263 0.8394
vn 0.7005 0.5832 -0.4114
vn 0.2153 0.8463 -0.4873
vn -0.7347 0.6490 -0.1976
vn 0.7441 0.4905 -0.4536
vn -0.9306 0.0536 -0.3620
vn -0.4640 0.8786 -0.1129
vn 0.6208 0.7693 0.1510
vn 0.7874 0.2260 -0.5735
vn -0.9193 0.3777 -0.1109
vn -0.6789 0.0766 0.7302
vn -0.0266 0.9843 -0.1747
vn 0.5514 0.3587 -0.7532
vn -0.7890 0.0093 0.6143
vn -0.0517 0.8885 -0.4559
vn -0.6786 -0.1674 0.7152
vn 0.2696 0.6780 0.6838
vn 0.8674 -0.0039 0.4976
vn -0.0749 0.4763 0.8761
vn 0.3438 0.7651 0.5445
vn -0.5766 0.7076 0.4084
vn -0.2535 0.9252 0.2824
vn 0.0098 0.9999 -0.0110
vn 0.9199 -0.2512 0.3012
vn 0.3592 0.8431 -0.4001
vn 0.0142 0.5726 -0.8197
vn 0.0447 0.7815 -0.6223
vn -0.7994 0.3897 -0.4572
vn -0.1801 0.9630 0.2006
vn -0.6157 0.3880 0.6858
vn -0.0766 0.9934 0.0853
vn 0.6235 -0.3590 -0.6945
vn -0.6728 0.4984 -0.5467
vn 0.4983 0.6660 -0.5551
vn -0.5098 0.4161 0.7530
vn -0.7874 -0.2260 0.5735
vn -0.1197 0.8957 -0.4282
vn 0.1735 0.0200 -0.9846
vn 0.7335 0.6709 -0.1089
vn 0.5297 0.7721 0.3511
vn 0.2528 -0.1603 -0.9541
vn -0.9407 0.2189 0.2592
vn -0.0591 0.7078 -0.7039
vn 0.1812 0.6728 0.7173
vn -0.2352 0.8137 -0.5316
vn 0.4452 0.3093 -0.8403
vn -0.1746 0.6347 -0.7527
vn 0.3377 0.3340 0.8800
vn -0.9540 -0.1016 -0.2821
vn 0.9489 0.0462 -0.3122
vn -0.8874 -0.3742 0.2694
vn -0.4958 -0.6601 0.5644
vn -0.2606 -0.3445 -0.9019
vn -0.0279 0.9470 -0.3200
vn 0.7483 -0.1745 -0.6400
vn -0.8197 0.0871 0.5661
vn 0.0801 0.0159 -0.9967
vn 0.8579 0.1322 -0.4965
vn -0.1341 -0.5581 -0.8188
vn 0.9407 -0.2189 -0.2592
vn 0.1064 -0.0912 -0.9901
vn -0.8203 -0.0615 0.5686
vn -0.3464 0.5160 0.7834
vn -0.9860 0.1136 -0.1221
vn 0.6006 0.0879 0.7947
vn 0.0009 0.8052 -0.5930
vn 0.9826 0.1136 0.1471
vn 0.8282 -0.2947 -0.4766
vn -0.9592 0.2815 -0.0284
vn -0.0581 -0.8501 -0.5234
vn 0.4694 -0.8768 0.1043
vn 0.9262 0.3017 0.2262
vn -0.4505 -0.2970 0.8419
vn 0.4171 -0.6810 -0.6019
vn 0.8238 -0.3659 -0.4330
vn 0.7922 -0.2038 0.5753
vn -0.5679 -0.0323 0.8225
vn 0.4843 -0.7931 -0.3693
vn -0.0317 0.0973 0.9948
vn -0.4718 -0.6576 -0.5873
vn 0.7660 0.1462 0.6260
vn -0.2140 -0.5922 -0.7769
vn 0.1024 -0.2849 -0.9531
vn -0.4002 -0.3002 0.8659
vn -0.4332 -0.3423 0.8337
vn -0.4988 0.6176 0.6081
vn -0.9091 0.1230 0.3981
vn -0.2773 0.1447 0.9498
vn 0.2221 -0.9682 -0.1148
vn 0.8605 -0.0453 -0.5075
vn 0.6990 -0.6975 0.1576
vn -0.7533 0.4382 0.4905
vn 0.5808 0.2438 -0.7767
vn 0.8292 0.1449 -0.5399
vn -0.3087 0.8684 -0.3880
vn -0.9752 -0.0642 0.2119
vn 0.4219 0.7911 -0.4430
vn 0.6869 -0.0986 -0.7201
vn 0.5942 -0.2984 0.7469
vn 0.7176 -0.4161 0.5586
vn -0.7900 -0.5143 0.3338
vn 0.0386 0.9324 -0.3595
vn 0.4462 0.7282 -0.5203
vn -0.7483 0.1745 0.6400
vn 0.2810 -0.0705 -0.9571
vn -0.3319 -0.6814 -0.6523
vn -0.7932 -0.3159 -0.5206
vn 0.5562 -0.3350 -0.7605
vn 0.9891 0.1239 -0.0799
vn -0.4213 -0.5266 -0.7384
vn 0.0266 -0.7201 0.6934
vn -0.2680 0.1481 0.9520
vn 0.3683 0.8531 -0.3696
vn 0.7007 0.1028 -0.7060
vn 0.4833 0.2829 -0.8285
vn 0.0788 0.4284 -0.9001
vn -0.1231 0.4301 -0.8943
vn -0.4828 -0.2193 0.8478
vn 0.7390 -0.3923 0.5477
vn 0.8452 -0.3330 -0.4180
vn 0.5642 0.0628 -0.8233
vn -0.6936 -0.7192 0.0415
vn 0.8585 -0.0943 -0.5041
vn -0.7889 0.2179 0.5747
vn -0.3435 -0.4751 -0.8101
vn 0.3604 0.9209 -0.1482
vn 0.0822 -0.9944 0.0670
vn -0.2651 0.2647 0.9272
vn 0.2974 0.6869 0.6631
vn 0.0962 -0.1409 -0.9853
vn -0.6726 0.0029 0.7400
vn 0.2660 -0.1916 -0.9447
vn -0.0058 0.1583 0.9874
vn -0.5992 -0.7864 -0.1499
vn 0.9319 -0.3291 0.1523
vn -0.0970 0.8404 -0.5332
vn 0.0473 -0.4449 0.8943
vn -0.0155 -0.2760 0.9610
vn -0.6681 -0.0000 0.7441
vn 0.5770 0.2622 0.7735
vn 0.5759 -0.8087 0.1198
vn 0.7529 0.4999 -0.4280
vn 0.6080 0.3242 0.7247
vn -0.3129 0.8836 0.3485
vn -0.7858 0.3242 -0.5267
vn -0.2392 0.1255 0.9628
vn 0.2800 -0.7827 0.5558
vn -0.1136 0.9841 0.1366
vn 0.0410 0.9599 -0.2772
vn 0.8174 -0.3367 0.4675
vn -0.8469 0.3855 -0.3663
vn -0.7917 0.4102 -0.4528
vn 0.0383 -0.8884 0.4575
vn 0.8471 -0.3690 0.3824
vn 0.3586 0.6781 0.6416
vn -0.0896 0.9929 0.0787
vn -0.5499 -0.5678 0.6125
vn 0.1341 0.9797 -0.1493
vn 0.5380 -0.7574 0.3700
vn 0.2571 0.4736 0.8424
vn 0.0319 0.0001 0.9995
vn -0.9242 0.0039 -0.3819
vn 0.5431 0.5159 -0.6625
vn 0.1802 -0.0003 -0.9836
vn 0.8601 -0.0945 -0.5012
vn 0.9728 -0.1168 -0.2000
vn 0.0331 0.3316 0.9428
vn 0.2526 0.0231 -0.9673
vn -0.0350 -0.0849 -0.9958
vn -0.3159 0.2195 0.9230
vn -0.7510 0.4944 0.4377
vn 0.0559 -0.6817 0.7295
vn -0.3242 -0.4859 0.8117
vn -0.4954 -0.8439 0.2061
vn -0.1137 -0.1015 0.9883
vn -0.7921 -0.6025 -0.0973
vn 0.4325 0.3488 -0.8314
vn -0.5791 -0.3804 0.7211
vn 0.1646 -0.9692 -0.1834
vn -0.9855 -0.0811 -0.1489
vn 0.0219 -0.9982 0.0561
vn 0.8766 -0.0053 0.4811
vn -0.0807 -0.9689 0.2340
vn -0.4120 -0.0748 -0.9081
vn -0.0733 -0.9723 -0.2218
vn -0.2007 -0.9793 0.0279
vn -0.9296 0.1635 -0.3303
vn 0.6820 -0.1309 0.7196
vn -0.0783 -0.4414 -0.8939
vn -0.1701 0.0639 0.9833
vn -0.9928 0.0697 0.0970
vn -0.2117 -0.9528 0.2178
vn 0.9856 0.0372 0.1648
vn 0.8479 -0.0424 -0.5285
vn -0.0620 -0.8143 0.5771
vn -0.9587 -0.2765 0.0662
vn -0.9400 0.3203 -0.1177
vn 0.6281 0.7236 -0.2861
vn 0.6268 0.0400 0.7781
vn -0.5967 -0.7027 0.3875
vn -0.0308 0.9964 0.0793
vn -0.5699 0.2827 0.7716
vn -0.7955 -0.4870 0.3605
vn 0.9582 -0.1365 -0.2514
vn -0.8274 0.0195 -0.5613
vn 0.9197 -0.3505 -0.1772
vn -0.9448 -0.0506 0.3237
vn 0.9993 -0.0041 -0.0380
vn 0.0057 0.9781 0.2083
vn 0.6644 0.1040 -0.7401
vn 0.8631 -0.1750 -0.4737
vn 0.3091 -0.9325 -0.1867
vn 0.5536 0.1231 -0.8236
vn -0.1871 0.9403 0.2845
vn -0.9617 0.1755 -0.2106
vn -0.4019 -0.5688 0.7176
vn -0.6031 -0.7612 0.2385
vn -0.6053 0.3170 -0.7301
vn 0.7321 0.0414 0.6800
vn -0.7546 0.0414 -0.6549
vn -0.0670 0.9732 -0.2201
vn 0.0589 0.0916 0.9941
vn -0.1041 0.8312 0.5462
vn 0.4063 -0.1218 -0.9056
vn -0.2576 -0.8694 -0.4217
vn 0.7563 -0.6420 -0.1260
vn -0.3048 -0.0917 0.9480
vn -0.6721 0.3395 0.6580
vn 0.7317 0.6254 -0.2712
vn -0.8296 -0.5460 0.1169
vn -0.1804 -0.9775 0.1097
vn -0.7198 0.6000 0.3491
vn 0.2169 0.9665 -0.1375
vn 0.8699 0.3705 -0.3257
vn 0.9520 0.0826 -0.2948
vn 0.8112 -0.0580 0.5819
vn -0.3082 0.7467 -0.5895
vn 0.1388 0.9785 -0.1523
vn 0.9279 -0.3722 0.0212
vn 0.8479 0.0125 -0.5300
vn -0.6455 -0.2579 0.7189
vn -0.9860 -0.0693 -0.1515
vn 0.7437 0.0115 0.6684
vn 0.1937 -0.9376 0.2889
vn -0.2993 0.2079 0.9312
vn -0.4142 0.0395 -0.9093
vn 0.3402 -0.6607 0.6691
vn 0.0635 0.9972 0.0391
vn -0.6482 -0.4234 -0.6329
vn -0.5223 -0.7331 -0.4357
vn 0.0240 -0.8124 -0.5827
vn 0.0881 0.3328 0.9389
vn 0.0975 -0.7061 0.7013
vn 0.6161 0.6087 0.4999
vn -0.2734 -0.6684 -0.6917
vn -0.4234 0.8250 -0.3743
vn -0.9910 -0.1268 0.0423
vn -0.7322 0.6386 0.2369
vn 0.9376 -0.3451 0.0426
vn 0.7148 0.0052 0.6993
vn 0.4331 -0.7273 0.5323
vn 0.9730 0.0262 -0.2294
vn -0.1065 0.0811 0.9910
vn 0.8866 0.3165 0.3372
vn -0.0606 -0.9306 -0.3610
vn 0.6673 0.0465 -0.7433
vn -0.2035 -0.5290 -0.8238
vn -0.5739 0.8187 -0.0199
vn 0.3782 0.5519 0.7432
vn -0.8438 0.0483 -0.5345
vn -0.2149 -0.4922 -0.8435
vn 0.5662 0.1163 -0.8160
vn 0.6446 0.6921 0.3249
vn 0.0627 0.7182 0.6930
vn -0.9091 -0.3220 0.2644
vn 0.5012 -0.7662 0.4021
vn 0.6099 -0.7924 0.0081
vn -0.0636 0.9635 -0.2600
vn -0.0219 -0.9977 -0.0648
vn -0.3231 0.0096 0.9463
vn 0.2997 0.9497 0.0908
vn 0.9889 0.0710 -0.1304
vn -0.3832 -0.9165 -0.1148
vn 0.6267 -0.5827 -0.5174
vn 0.6627 0.0590 0.7466
vn -0.6664 0.3368 0.6652
vn -0.2513 -0.9367 0.2439
vn 0.8236 -0.5296 -0.2031
vn -0.6045 -0.7870 -0.1233
vn 0.6950 0.7188 0.0146
vn 0.5525 -0.7351 0.3930
vn 0.5200 -0.4236 -0.7418
vn 0.0632 -0.0145 -0.9979
vn 0.7997 0.0498 -0.5983
vn -0.9980 0.0518 0.0375
vn 0.1039 -0.9934 0.0481
vn 0.2434 0.9185 0.3115
vn 0.9476 0.2310 -0.2205
vn -0.7274 -0.6813 -0.0826
vn -0.1327 0.0117 0.9911
vn -0.9722 -0.0011 0.2342
vn 0.8064 -0.0555 0.5887
vn -0.1409 -0.7342 -0.6642
vn 0.3702 0.9275 0.0530
vn -0.5704 -0.2132 -0.7932
vn 0.0009 -0.9997 -0.0228
vn -0.9609 -0.0747 0.2668
vn 0.9615 0.0499 -0.2704
vn -0.3452 -0.1006 0.9331
vn -0.2605 -0.0230 -0.9652
vn -0.1764 -0.0933 -0.9799
vn 0.2224 -0.2835 -0.9328
vn 0.5618 -0.1698 -0.8096
vn 0.6239 0.7152 0.3150
vn 0.0437 0.9947 0.0926
vn -0.8917 0.2433 0.3816
vn 0.4403 0.0175 0.8977
vn -0.6469 0.3262 0.6892
vn 0.3333 -0.0111 0.9427
vn 0.1058 -0.3123 0.9441
vn 0.9996 0.0260 0.0065
vn 0.6234 0.0345 -0.7811
vn -0.7848 0.0912 -0.6130
vn 0.6937 0.0912 0.7145
vn 0.9598 -0.0857 -0.2673
vn 0.0302 0.0499 0.9983
vn 0.2917 0.2732 -0.9167
vn 0.0251 -0.9984 0.0507
vn -0.9235 0.0067 -0.3834
vn 0.6038 0.2204 0.7661
vn -0.5096 0.8177 -0.2677
vn -0.5780 -0.8158 -0.0201
vn 0.7961 -0.2638 -0.5446
vn -0.8700 -0.1123 -0.4800
vn 0.5365 0.4390 0.7208
vn -0.3061 -0.8775 -0.3691
vn -0.7731 -0.4244 0.4713
vn -0.9976 -0.0630 0.0273
vn -0.4215 -0.7758 0.4695
vn 0.9914 0.0217 0.1287
vn -0.3260 0.5715 -0.7531
vn 0.6694 -0.4028 0.6242
vn -0.0162 0.0414 -0.9990
vn 0.4545 -0.8607 0.2296
vn -0.9592 0.0078 -0.2826
vn 0.2274 0.6170 0.7534
vn 0.2409 0.5452 -0.8029
vn 0.2383 -0.0054 0.9712
vn -0.2815 0.0095 -0.9595
vn -0.0384 -0.7932 0.6077
vn 0.9865 0.0944 0.1337
vn 0.4530 0.8554 0.2512
vn -0.6077 0.0421 0.7930
vn -0.0989 -0.7679 0.6329
vn 0.8044 -0.1766 0.5673
vn -0.9721 -0.2342 -0.0143
vn 0.4577 0.0272 -0.8887
vn 0.1176 0.2066 -0.9713
vn 0.5666 -0.6342 0.5261
vn -0.0482 0.8955 -0.4424
vn 0.9855 0.0811 0.1489
vn 0.7756 0.4902 -0.3975
vn -0.7308 -0.5949 -0.3348
vn 0.7235 0.0980 0.6833
vn -0.8622 0.5059 0.0246
vn 0.6360 0.3598 0.6827
vn 0.9955 0.0523 0.0791
vn 0.4983 0.6661 -0.5550
vn -0.0231 0.3657 0.9304
vn -0.3764 0.8935 -0.2449
vn -0.5123 -0.8322 -0.2121
vn 0.0434 -0.8012 0.5968
vn 0.9625 0.2706 -0.0204
vn -0.9321 -0.2397 0.2714
vn -0.7549 0.1698 -0.6335
vn -0.9925 -0.0200 -0.1203
vn 0.8771 0.3945 0.2739
vn 0.2391 0.9588 -0.1536
vn -0.5060 0.0662 -0.8600
vn 0.9864 -0.0321 0.1614
vn -0.7108 0.6343 -0.3040
vn -0.4401 -0.1354 -0.8877
vn 0.0923 -0.6957 -0.7124
vn 0.4606 0.0256 -0.8872
vn -0.9990 -0.0006 -0.0458
vn 0.5941 -0.0139 -0.8043
vn 0.3112 -0.8785 -0.3626
vn -0.9511 -0.2627 0.1623
vn -0.2803 0.0039 0.9599
vn -0.6578 -0.6420 -0.3938
vn -0.3628 0.2116 0.9075
vn 0.0327 0.9627 -0.2686
vn 0.0437 -0.9975 -0.0564
vn 0.6855 0.7279 0.0164
vn -0.7022 0.1877 0.6868
vn -0.5106 -0.2559 0.8208
vn -0.6910 0.0472 0.7213
vn -0.9396 0.1676 -0.2985
vn -0.0603 0.7433 0.6663
vn -0.4688 -0.6653 0.5810
vn -0.0830 -0.7502 0.6560
vn -0.8316 -0.4958 0.2502
vn 0.5058 0.0223 -0.8623
vn 0.9911 0.0127 0.1322
vn -0.7889 0.0321 -0.6137
vn 0.6948 0.0321 0.7185
vn 0.1970 -0.7297 0.6547
vn -0.6896 0.1828 0.7007
vn -0.3184 -0.8791 0.3547
vn -0.2902 -0.2089 0.9339
vn -0.5460 -0.2553 -0.7979
vn -0.7278 0.0528 -0.6838
vn -0.4499 -0.6633 -0.5980
vn 0.9875 0.1478 0.0551
vn -0.5505 -0.1139 -0.8271
vn 0.6676 0.2773 0.6909
vn -0.9927 -0.1117 0.0462
vn -0.4833 0.7564 -0.4407
vn -0.7080 -0.6554 -0.2633
vn -0.9081 0.1610 0.3866
vn 0.9147 -0.1071 -0.3898
vn -0.2437 0.6080 -0.7556
vn -0.4979 -0.2569 -0.8283
vn -0.0459 -0.9299 0.3648
vn -0.0454 -0.6484 -0.7599
vn -0.0363 -0.8862 -0.4619
vn 0.3943 -0.5729 0.7186
vn 0.7987 0.5996 0.0505
vn -0.8881 0.4289 -0.1653
vn -0.7305 0.0458 0.6814
vn -0.3592 -0.3828 0.8511
vn -0.8576 -0.3257 0.3980
vn 0.4696 -0.2595 -0.8439
vn -0.4027 -0.5645 -0.7205
vn -0.9986 0.0308 -0.0435
vn 0.7532 0.6001 -0.2695
vn 0.9445 -0.2192 0.2445
vn -0.9945 0.0725 -0.0753
vn 0.9782 0.0725 0.1945
vn -0.3195 0.9132 -0.2531
vn 0.2079 0.4926 -0.8451
vn 0.1736 0.0891 0.9808
vn -0.1034 0.5770 0.8101
vn -0.5959 0.4983 0.6297
vn -0.5855 0.0260 0.8102
vn -0.1070 -0.6134 0.7825
vn 0.6107 -0.2257 0.7590
vn -0.4138 0.8682 -0.2740
vn 0.9257 0.3660 -0.0951
vn -0.1030 -0.5491 0.8294
vn 0.8670 -0.3261 -0.3767
vn -0.7321 -0.0705 0.6776
vn -0.2178 -0.5441 0.8102
vn 0.7576 -0.3017 -0.5789
vn 0.6468 0.0957 0.7566
vn -0.5058 0.0763 0.8592
vn 0.1225 0.4266 -0.8961
vn 0.5181 -0.2600 -0.8148
vn 0.3835 0.0590 -0.9217
vn -0.8247 0.0058 -0.5655
vn -0.7901 0.5174 0.3287
vn 0.8936 0.3172 -0.3177
vn 0.7021 -0.3015 0.6451
vn -0.4014 0.2616 -0.8778
vn -0.6275 -0.7093 0.3211
vn -0.1036 0.2466 0.9636
vn 0.6881 -0.7240 0.0478
vn 0.3168 0.6694 -0.6720
vn -0.1240 -0.9821 0.1417
vn 0.5252 0.1967 -0.8280
vn 0.7718 0.4648 0.4340
vn 0.7609 0.2233 -0.6092
vn 0.9952 0.0410 0.0884
vn -0.0165 0.8408 -0.5411
vn 0.8011 -0.1417 -0.5815
vn -0.4966 -0.8607 0.1124
vn -0.7618 0.3586 0.5395
vn -0.0702 -0.2870 -0.9553
vn -0.4437 -0.6053 -0.6609
vn 0.8992 -0.2097 -0.3840
vn 0.7748 0.4493 0.4448
vn 0.2945 -0.9350 0.1974
vn 0.0922 0.6846 -0.7230
vn -0.1049 0.3821 -0.9181
vn -0.5888 -0.7115 0.3834
vn 0.8610 0.0572 0.5054
vn -0.9875 0.1090 0.1135
vn 0.5179 0.6317 -0.5768
vn 0.7065 -0.4340 -0.5591
vn 0.2259 0.7048 0.6725
vn -0.9209 -0.0670 0.3839
vn 0.9145 -0.1608 0.3712
vn -0.3855 -0.0159 0.9226
vn -0.6899 0.5340 -0.4888
vn 0.0470 0.0211 -0.9987
vn 0.3257 -0.7979 -0.5072
vn 0.0345 -0.2139 -0.9762
vn -0.8151 0.3031 0.4937
vn -0.9755 0.2119 -0.0590
vn 0.0544 0.7099 0.7022
vn 0.3148 -0.8208 0.4766
vn -0.6960 -0.4160 -0.5853
vn -0.8019 -0.2677 0.5342
vn 0.2029 -0.2809 0.9380
vn 0.6253 -0.4514 0.6366
vn 0.0472 0.9981 0.0387
vn -0.4246 0.3448 -0.8371
vn 0.8831 0.3821 -0.2723
vn -0.3134 0.1804 0.9323
vn -0.6795 -0.7101 0.1846
vn -0.8100 -0.4248 -0.4043
vn 0.5068 -0.8221 -0.2593
vn 0.8390 0.4747 0.2662
vn 0.8024 -0.0034 -0.5967
vn 0.7442 -0.6668 -0.0398
vn -0.0750 0.1662 -0.9832
vn -0.5761 -0.3624 0.7326
vn 0.7211 0.2064 0.6614
vn -0.7350 0.2064 -0.6459
vn -0.4813 0.8671 0.1285
vn -0.4487 0.2626 0.8542
vn -0.7650 0.4937 -0.4135
vn -0.0252 0.1306 0.9911
vn 0.1552 0.9879 -0.0083
vn -0.7441 0.1836 0.6423
vn 0.5482 -0.5802 -0.6024
vn -0.2020 -0.7380 0.6439
vn 0.0708 0.2746 -0.9590
vn 0.2467 0.2427 -0.9382
vn 0.6201 0.5967 0.5094
vn 0.9965 0.0745 0.0389
vn -0.4603 0.3301 -0.8241
vn -0.8796 0.2599 -0.3985
vn -0.0296 0.8053 0.5922
vn 0.8497 -0.4992 -0.1699
vn 0.8759 0.2081 -0.4354
vn 0.5541 -0.7995 0.2319
vn 0.0063 -0.1167 -0.9931
vn 0.1146 0.9356 0.3341
vn -0.7916 0.4698 0.3907
vn -0.3245 0.0636 0.9437
vn -0.3929 -0.5879 0.7071
vn 0.0063 -0.9923 -0.1233
vn -0.9341 0.0923 0.3449
vn -0.8376 -0.4646 -0.2874
vn 0.8473 0.4713 -0.2448
vn -0.8132 -0.5731 -0.1014
vn -0.4223 0.3595 0.8321
vn -0.9361 0.2814 -0.2110
vn 0.2012 -0.9795 0.0082
vn 0.0780 0.2251 0.9712
vn -0.1318 0.9908 -0.0294
vn 0.7865 -0.0144 -0.6174
vn -0.1788 0.9833 -0.0341
vn -0.3996 0.7965 -0.4537
vn 0.2427 -0.9421 -0.2313
vn -0.2258 0.9411 0.2515
vn -0.9680 0.0007 0.2508
vn 0.0407 -0.6038 0.7961
vn 0.1473 0.9782 0.1464
vn 0.9210 0.3895 -0.0020
vn -0.0965 -0.9718 -0.2151
vn 0.6498 0.6774 0.3448
vn 0.0500 0.1477 -0.9878
vn -0.0319 0.0773 0.9965
vn -0.8852 0.4475 -0.1274
vn 0.2390 -0.9041 0.3542
vn 0.5175 0.8404 -0.1608
vn -0.5198 0.2343 0.8216
vn -0.2885 0.8689 -0.4023
vn -0.9650 0.0446 0.2586
vn 0.4889 -0.8642 0.1190
vn -0.4718 -0.0091 -0.8816
vn 0.5691 0.0690 -0.8193
vn -0.2799 0.3881 -0.8781
vn -0.5428 0.8399 0.0055
vn 0.1315 -0.0568 -0.9897
vn 0.3677 -0.9246 0.0998
vn 0.1315 -0.0567 -0.9897
vn -0.0208 -0.2778 0.9604
vn -0.7999 0.5678 0.1943
vn 0.1098 0.4775 -0.8718
vn 0.9002 -0.4193 -0.1176
vn 0.0045 -0.2864 0.9581
vn -0.7781 0.5967 0.1964
vn 0.1201 0.4680 -0.8755
vn 0.9026 -0.4151 -0.1139
vn -0.7780 0.5967 0.1964
vn -0.7780 0.5967 0.1965
vn 0.9026 -0.4151 -0.1138
vn 0.4144 -0.8420 -0.3455
vn 0.6031 0.0105 0.7976
vn -0.4098 0.8634 0.2943
vn -0.6391 0.0010 -0.7691
vn 0.6416 0.0010 0.7671
vn -0.4119 0.8440 0.3434
vn -0.4120 0.8440 0.3434
vn 0.7309 -0.6738 -0.1085
vn 0.2164 0.0642 0.9742
vn -0.5904 0.8023 0.0877
vn -0.0760 0.0642 -0.9950
vn 0.7309 -0.6738 -0.1086
vn -0.5905 0.8023 0.0877
vn -0.0759 0.0642 -0.9950
vn 0.0141 -0.9967 -0.0801
vn 0.9936 0.0012 0.1127
vn 0.0072 0.9991 -0.0408
vn -0.9723 0.0012 -0.2336
vn -0.9723 0.0012 -0.2337
vn 0.1036 -0.9835 -0.1486
vn 0.7803 -0.0139 0.6252
vn -0.1368 0.9729 0.1862
vn -0.8711 0.0043 -0.4911
vn 0.1085 -0.9824 -0.1520
vn 0.7813 -0.0131 0.6241
vn -0.1717 0.9567 0.2349
vn -0.8544 -0.0036 -0.5196
vn 0.6326 0.1612 -0.7575
vn 0.7461 0.0291 0.6652
vn -0.6670 0.0566 0.7429
vn -0.7687 0.0833 -0.6342
vn 0.6681 0.0081 -0.7441
vn 0.7442 0.0324 0.6671
vn -0.7432 0.0324 -0.6683
vn -0.6336 -0.3169 0.7057
vn -0.7561 0.0158 -0.6543
vn 0.6546 0.1998 -0.7291
vn 0.7317 0.0158 0.6815
vn -0.6627 -0.1264 0.7381
vn -0.7476 0.0367 -0.6631
vn 0.7395 0.0367 0.6721
vn -0.6637 -0.1148 0.7392
vn -0.7495 0.0362 -0.6610
vn 0.6541 0.2033 -0.7286
vn 0.7376 0.0362 0.6743
vn -0.5732 -0.5136 0.6385
vn -0.7328 -0.0371 -0.6795
vn 0.6038 0.4279 -0.6725
vn 0.7542 -0.0371 0.6556
vn -0.5776 -0.5024 0.6434
vn -0.7309 -0.0356 -0.6815
vn 0.6028 0.4311 -0.6714
vn 0.7561 -0.0356 0.6535
vn -0.5777 -0.5024 0.6434
vn -0.6086 -0.6741 -0.4186
vn 0.5638 0.0038 -0.8259
vn 0.6028 0.6818 0.4146
vn -0.5696 0.0038 0.8219
vn 0.6027 0.6818 0.4146
vn -0.6135 -0.6630 -0.4290
vn 0.5589 0.0015 -0.8292
vn 0.5861 0.6970 0.4130
vn -0.5665 0.0116 0.8240
vn -0.8113 -0.3067 -0.4978
vn 0.5719 -0.2657 -0.7761
vn 0.7978 0.3713 0.4750
vn -0.5763 0.3085 0.7568
vn -0.8111 -0.3068 -0.4980
vn 0.5732 -0.2559 -0.7784
vn 0.8026 0.3704 0.4677
vn -0.5817 0.3194 0.7480
vn 0.8026 0.3704 0.4676
vn 0.6248 -0.3539 -0.6959
vn 0.7594 0.0557 0.6482
vn -0.5914 0.4653 0.6587
vn -0.7260 0.0557 -0.6855
vn -0.2207 -0.8919 -0.3948
vn 0.8586 0.0133 -0.5124
vn 0.2126 0.9359 0.2810
vn -0.9348 -0.0282 0.3541
vn 0.1930 0.9184 0.3453
vn -0.8863 0.0133 0.4629
vn 0.5205 -0.6270 -0.5797
vn 0.7661 0.0267 0.6422
vn -0.4215 0.7758 0.4695
vn -0.7207 0.0267 -0.6927
vn 0.4674 -0.7145 -0.5206
vn 0.7662 0.0307 0.6418
vn -0.7204 0.0307 -0.6929
vn -0.4216 0.7758 0.4695
vn -0.4182 -0.8424 -0.3398
vn 0.5981 0.0236 -0.8011
vn 0.3550 0.8693 0.3440
vn -0.5494 0.0649 0.8331
vn 0.3546 0.8895 0.2881
vn -0.6617 0.0236 0.7494
vn -0.4181 -0.8424 -0.3398
vn -0.2082 -0.9502 0.2319
vn 0.7739 -0.0162 0.6331
vn 0.3861 0.8160 -0.4301
vn -0.7125 -0.0162 -0.7015
vn 0.7745 -0.0180 0.6323
vn 0.2709 0.9141 -0.3017
vn -0.7118 -0.0180 -0.7021
vn -0.2081 -0.9502 0.2318
vn 0.2708 0.9141 -0.3017
vn -0.8403 -0.1713 -0.5143
vn 0.4467 0.2348 -0.8633
vn 0.8147 0.2682 0.5141
vn -0.4974 -0.1153 0.8598
vn -0.8504 -0.1504 -0.5043
vn 0.4584 0.2439 -0.8546
vn 0.8134 0.2786 0.5106
vn -0.4953 -0.1157 0.8610
vn -0.8453 -0.1449 -0.5142
vn 0.4444 0.2680 -0.8548
vn 0.8156 0.2782 0.5073
vn -0.4956 -0.1092 0.8617
vn -0.4978 -0.6668 0.5545
vn -0.8238 0.0778 -0.5615
vn 0.4799 0.6957 -0.5345
vn 0.6467 0.0778 0.7588
vn -0.3246 -0.8741 0.3615
vn -0.7347 0.0422 -0.6771
vn 0.2213 0.9436 -0.2465
vn 0.7521 0.0422 0.6577
vn -0.6678 0.0306 0.7437
vn -0.7473 0.1440 -0.6486
vn 0.6456 0.2575 -0.7190
vn 0.7251 0.1440 0.6734
vn -0.7473 0.1441 -0.6486
vn 0.6455 0.2575 -0.7190
vn 0.7251 0.1441 0.6734
vn -0.3133 -0.8832 0.3490
vn -0.7963 0.0348 -0.6040
vn 0.2030 0.9527 -0.2261
vn 0.6860 0.0348 0.7268
vn -0.3134 -0.8832 0.3490
vn 0.2031 0.9527 -0.2262
vn 0.2030 0.9527 -0.2262
vn -0.6678 -0.0281 0.7438
vn -0.7216 0.2836 -0.6315
vn 0.5915 0.4650 -0.6588
vn 0.7053 0.2836 0.6497
vn -0.6668 -0.0624 0.7426
vn -0.7653 0.2013 -0.6114
vn 0.6900 0.2013 0.6953
vn 0.6900 0.2013 0.6952
vn 0.5059 -0.8440 -0.1781
vn 0.8461 0.4904 0.2089
vn -0.5064 0.6884 0.5194
vn -0.6839 -0.6741 0.2791
vn 0.5526 -0.8044 -0.2179
vn 0.8472 0.4939 0.1957
vn -0.4920 0.6917 0.5287
vn -0.7866 -0.6067 0.1150
vn -0.1727 -0.8579 0.4839
vn 0.9529 -0.0541 0.2984
vn 0.2065 0.8354 -0.5094
vn -0.9315 -0.0187 -0.3632
vn -0.1824 -0.8589 0.4786
vn 0.9569 -0.0283 0.2889
vn 0.1910 0.8206 -0.5386
vn -0.9162 -0.0510 -0.3974
vn -0.1624 -0.7401 0.6526
vn 0.9275 -0.3343 -0.1675
vn 0.1946 0.8107 -0.5522
vn -0.8315 0.4387 0.3408
vn -0.1499 -0.7482 0.6464
vn 0.9192 -0.3481 -0.1839
vn 0.2000 0.8092 -0.5524
vn -0.8691 0.4092 0.2779
vn -0.1192 -0.6658 -0.7365
vn 0.9791 0.0469 -0.1978
vn 0.1067 0.7728 0.6256
vn -0.9896 0.0212 0.1421
vn -0.1156 -0.7257 -0.6782
vn 0.9807 0.0235 -0.1943
vn -0.9896 0.0235 0.1417
vn -0.1438 -0.7201 -0.6788
vn 0.9721 0.0655 -0.2252
vn 0.1131 0.7740 0.6230
vn -0.9958 0.0852 0.0346
vn -0.3982 -0.8886 -0.2277
vn 0.4341 0.0297 -0.9004
vn 0.2764 0.9480 0.1581
vn -0.5559 0.0297 0.8307
vn 0.2764 0.9479 0.1581
vn 0.4342 0.0297 -0.9004
vn 0.0335 -0.8732 -0.4862
vn 0.4259 0.4791 -0.7675
vn -0.0226 0.8694 0.4935
vn -0.2784 -0.5108 0.8134
vn 0.0361 -0.8636 -0.5029
vn 0.3754 0.4781 -0.7940
vn -0.0319 0.8628 0.5045
vn -0.3711 -0.4789 0.7956
vn 0.0586 -0.5737 -0.8170
vn 0.9983 0.0490 0.0324
vn -0.0530 0.6717 0.7389
vn -0.9927 0.0490 -0.1105
vn -0.9927 0.0490 -0.1104
vn -0.0595 -0.4512 -0.8905
vn 0.9582 0.2726 -0.0868
vn 0.0228 0.6747 0.7377
vn -0.9949 0.0939 -0.0370
vn -0.0270 -0.4868 -0.8731
vn 0.9907 0.0939 -0.0983
vn 0.0521 -0.9253 0.3757
vn 0.9911 0.0173 -0.1322
vn -0.0621 0.9032 -0.4246
vn -0.9911 -0.0023 0.1330
vn 0.9900 -0.0017 -0.1413
vn -0.0532 0.9220 -0.3836
vn -0.9911 -0.0017 0.1333
vn -0.0532 0.9219 -0.3836
vn 0.0425 -0.9297 0.3659
vn 0.9881 0.0050 -0.1540
vn -0.0441 0.9154 -0.4002
vn -0.9914 -0.0120 0.1301
vn 0.0606 -0.9938 -0.0935
vn 0.9870 0.0627 0.1482
vn -0.0527 0.9985 0.0162
vn -0.9702 -0.0671 -0.2330
vn 0.0761 -0.9917 -0.1040
vn 0.9877 0.0582 0.1453
vn -0.0577 0.9983 0.0088
vn -0.9693 -0.0516 -0.2405
vn 0.0801 -0.9904 -0.1128
vn 0.9874 0.0606 0.1459
vn -0.0587 0.9981 -0.0171
vn -0.9694 -0.0409 -0.2419
vn 0.1285 -0.8179 -0.5609
vn 0.9928 0.0947 0.0728
vn -0.1292 0.8091 0.5733
vn -0.9923 -0.0865 -0.0889
vn 0.1249 -0.8088 -0.5747
vn 0.9922 0.0998 0.0750
vn -0.1246 0.8200 0.5586
vn -0.9919 -0.0886 -0.0910
vn 0.1248 -0.8088 -0.5747
vn 0.0116 -0.9993 -0.0356
vn 0.9337 0.1005 0.3437
vn 0.0174 0.9877 -0.1552
vn -0.9238 -0.0030 -0.3827
vn 0.9715 -0.0030 0.2369
vn 0.0360 0.9933 -0.1102
vn -0.9239 -0.0030 -0.3827
vn -0.0872 -0.9758 -0.2003
vn 0.9826 0.0482 0.1791
vn 0.1016 0.9853 -0.1376
vn -0.8472 -0.1521 -0.5091
vn 0.5603 -0.8245 -0.0793
vn -0.1035 0.0239 0.9943
vn -0.5756 0.8167 -0.0415
vn 0.0357 -0.0170 -0.9992
vn 0.6376 -0.7703 0.0139
vn -0.0035 0.0145 0.9999
vn -0.6009 0.7992 -0.0131
vn 0.0401 0.0145 -0.9991
vn 0.0719 -0.9009 0.4281
vn -0.9793 0.0160 0.2019
vn -0.1055 0.9505 -0.2923
vn 0.9954 0.0034 -0.0959
vn -0.0596 0.9329 -0.3553
vn 0.9915 0.0160 -0.1290
vn -0.9793 0.0160 0.2018
vn 0.0719 -0.9008 0.4281
vn 0.9901 -0.1238 -0.0662
vn 0.0099 0.1297 0.9915
vn -0.9850 0.1512 0.0827
vn -0.0807 0.0228 -0.9965
vn 0.9909 -0.1057 -0.0832
vn 0.0866 0.0228 0.9960
vn 0.5827 -0.4890 -0.6490
vn 0.7632 0.0478 0.6443
vn -0.5420 0.5846 0.6037
vn -0.7226 0.0478 -0.6897
vn 0.5827 -0.4891 -0.6490
vn 0.5827 -0.4890 -0.6491
vn 0.6680 0.0182 -0.7440
vn 0.7148 -0.0098 0.6993
vn -0.7057 0.0369 0.7075
vn -0.7384 0.0399 -0.6732
vn 0.7440 0.0329 0.6673
vn -0.6673 0.0476 0.7433
vn -0.7434 0.0329 -0.6681
vn 0.6680 0.0183 -0.7440
vn -0.6408 -0.2830 0.7137
vn -0.7661 0.0946 -0.6357
vn 0.5889 0.4721 -0.6559
vn 0.7143 0.0946 0.6934
vn 0.5889 0.4722 -0.6559
vn -0.6275 -0.6393 0.4444
vn -0.6142 0.0630 -0.7867
vn 0.3750 0.8757 -0.3042
vn 0.4614 0.0692 0.8845
vn -0.6280 0.0643 -0.7756
vn 0.5227 0.7680 -0.3702
vn 0.5231 0.0643 0.8498
vn 0.1343 -0.7584 -0.6378
vn 0.9775 -0.0043 0.2109
vn -0.1363 0.7497 0.6475
vn -0.9796 -0.0043 -0.2011
vn -0.0365 -0.9789 -0.2009
vn -0.9809 -0.0036 0.1946
vn 0.0422 0.9718 0.2322
vn 0.9866 -0.0036 -0.1632
vn 0.2477 -0.9670 0.0601
vn -0.2099 0.0062 0.9777
vn -0.1961 0.9794 -0.0476
vn 0.2615 0.0062 -0.9652
vn 0.2640 -0.9627 0.0597
vn -0.2106 0.0169 0.9774
vn -0.1699 0.9849 -0.0335
vn 0.2620 0.0050 -0.9651
vn 0.7053 -0.6789 0.2040
vn -0.3793 -0.0989 0.9200
vn -0.8715 0.4057 -0.2754
vn 0.3270 0.0472 -0.9438
vn 0.7323 -0.6445 0.2200
vn -0.3648 -0.1003 0.9257
vn -0.7702 0.5917 -0.2382
vn 0.3269 0.0475 -0.9439
vn 0.7313 -0.6445 0.2231
vn -0.3602 -0.0949 0.9280
vn -0.7711 0.5914 -0.2361
vn 0.3287 0.0504 -0.9431
vn 0.8186 -0.5238 0.2356
vn -0.1058 0.2369 0.9658
vn -0.7065 0.6701 -0.2275
vn 0.2141 -0.1026 -0.9714
vn 0.8203 -0.5249 0.2273
vn -0.0988 0.2469 0.9640
vn -0.7057 0.6684 -0.2348
vn 0.2134 -0.1034 -0.9715
vn 0.1919 -0.9676 0.1640
vn -0.6411 0.0028 0.7674
vn -0.1747 0.9732 -0.1494
vn 0.6583 0.0028 -0.7528
vn -0.1748 0.9732 -0.1494
vn -0.6412 0.0028 0.7674
vn 0.3595 -0.6568 0.6629
vn -0.8405 0.0560 0.5389
vn -0.4007 0.6610 -0.6345
vn 0.8530 0.0172 -0.5215
vn 0.4161 -0.6266 0.6590
vn -0.8376 0.0172 0.5460
vn 0.8531 0.0172 -0.5215
vn -0.4006 0.6610 -0.6345
vn 0.4161 -0.6266 0.6589
vn 0.8530 0.0172 -0.5216
vn -0.4007 0.6609 -0.6345
vn -0.0424 -0.8672 0.4962
vn -0.9979 0.0118 -0.0635
vn 0.0807 0.8752 -0.4769
vn 0.9875 -0.0098 0.1573
vn 0.0387 0.8908 -0.4528
vn 0.9942 0.0118 0.1069
vn -0.0424 -0.8672 0.4961
vn 0.0388 0.8908 -0.4528
vn -0.0425 -0.8672 0.4962
vn 0.0387 0.8908 -0.4527
vn 0.9942 0.0118 0.1068
vn -0.9979 0.0119 -0.0635
vn 0.9942 0.0117 0.1069
vn 0.0152 -0.9998 0.0087
vn -0.4789 -0.0001 0.8779
vn 0.0220 0.9997 0.0126
vn 0.5161 -0.0001 -0.8565
vn 0.2660 -0.7600 0.5930
vn -0.9031 0.0177 0.4292
vn -0.2480 0.7955 -0.5529
vn 0.9210 0.0177 -0.3890
vn -0.2382 -0.9281 0.2862
vn -0.8269 0.0280 -0.5616
vn -0.0747 0.9932 -0.0895
vn 0.7583 0.0588 0.6492
vn 0.1137 0.9841 -0.1366
vn 0.7024 0.0280 0.7112
vn 0.2609 -0.7029 0.6618
vn -0.9169 0.0314 0.3980
vn -0.2359 0.7657 -0.5984
vn 0.9418 0.0314 -0.3346
vn 0.2608 -0.7029 0.6618
vn -0.2359 0.7656 -0.5984
vn 0.2608 -0.7028 0.6618
vn 0.9418 0.0314 -0.3347
vn -0.2359 0.7657 -0.5985
vn 0.2609 -0.7028 0.6618
vn 0.0191 -0.9996 -0.0202
vn -0.8133 -0.0234 -0.5814
vn -0.2091 0.9528 0.2204
vn 0.6233 -0.0234 0.7816
vn -0.2091 0.9528 0.2203
vn 0.6234 -0.0234 0.7816
vn 0.0192 -0.9996 -0.0202
vn -0.2091 0.9527 0.2204
vn 0.0191 -0.9996 -0.0201
vn -0.2090 0.9528 0.2203
vn 0.4306 -0.7589 0.4885
vn -0.7338 -0.0092 0.6793
vn -0.5531 0.6700 -0.4951
vn 0.7435 -0.0088 -0.6687
vn -0.7566 -0.0088 0.6538
vn -0.4438 0.7414 -0.5034
vn 0.4299 -0.7546 0.4957
vn -0.7519 -0.0092 0.6592
vn -0.4354 0.7465 -0.5032
vn 0.7439 0.0002 -0.6683
vn 0.2676 -0.9364 0.2270
vn -0.8924 -0.1771 0.4150
vn -0.3098 0.9004 -0.3054
vn 0.8599 0.1365 -0.4918
vn 0.2809 -0.9307 0.2343
vn -0.8915 -0.1645 0.4222
vn -0.3107 0.9016 -0.3011
vn 0.8617 0.1354 -0.4890
vn 0.2767 -0.9315 0.2363
vn -0.8838 -0.1552 0.4414
vn -0.3163 0.9007 -0.2978
vn 0.8688 0.1410 -0.4747
vn 0.3494 -0.8844 0.3095
vn -0.4928 0.0859 0.8659
vn -0.2104 0.9596 -0.1866
vn 0.6206 -0.0239 -0.7838
vn 0.3569 -0.8856 0.2974
vn -0.4689 0.0948 0.8781
vn -0.2010 0.9590 -0.1997
vn 0.6249 -0.0214 -0.7805
vn -0.4690 0.0948 0.8781
vn 0.3568 -0.8856 0.2974
vn 0.5509 -0.8259 0.1201
vn -0.1689 0.0032 0.9856
vn -0.5371 0.8240 -0.1807
vn 0.1844 -0.0197 -0.9826
vn 0.5523 -0.8251 0.1191
vn -0.2368 -0.0197 0.9714
vn -0.6047 0.7857 -0.1304
vn -0.2368 -0.0197 0.9713
vn 0.5598 -0.8192 0.1246
vn -0.2317 -0.0231 0.9725
vn -0.6000 0.7892 -0.1315
vn 0.8109 -0.5642 0.1556
vn -0.1229 0.0875 0.9886
vn -0.8284 0.5378 -0.1562
vn 0.1127 -0.1000 -0.9886
vn 0.8154 -0.5583 0.1531
vn -0.1242 0.0895 0.9882
vn -0.8230 0.5470 -0.1530
vn 0.1166 -0.1008 -0.9881
vn 0.8246 -0.5414 0.1641
vn -0.1092 0.0899 0.9899
vn -0.8081 0.5649 -0.1670
vn 0.1112 -0.0860 -0.9901
vn 0.9962 -0.0716 0.0487
vn 0.0063 0.4079 0.9130
vn -0.9993 0.0226 -0.0312
vn -0.0115 -0.4309 -0.9023
vn 0.9978 -0.0591 0.0315
vn -0.0041 0.4161 0.9093
vn -0.9982 0.0533 -0.0288
vn 0.0037 -0.4218 -0.9067
vn 0.0036 -0.4218 -0.9067
vn 0.9982 -0.0579 0.0181
vn -0.0122 0.4367 0.8995
vn -0.9978 0.0633 -0.0217
vn 0.0184 -0.3950 -0.9185
vn 0.9644 -0.2205 0.1460
vn 0.1197 0.8741 0.4707
vn -0.9070 0.3230 -0.2702
vn -0.0848 -0.8051 -0.5870
vn 0.9638 -0.2234 0.1455
vn 0.1447 0.8816 0.4493
vn -0.9059 0.3066 -0.2921
vn -0.0868 -0.7984 -0.5959
vn -0.1035 -0.3962 -0.9123
vn 0.9877 0.0615 -0.1440
vn 0.0964 0.5191 0.8493
vn -0.9948 0.0615 0.0809
vn 0.0964 0.5191 0.8492
vn -0.9948 0.0615 0.0810
vn -0.1035 -0.3961 -0.9123
vn 0.0963 0.5191 0.8493
vn -0.9948 0.0614 0.0810
vn 0.2372 -0.9158 -0.3240
vn 0.8315 0.0166 0.5552
vn -0.1862 0.9490 0.2543
vn -0.7805 0.0166 -0.6250
vn 0.2373 -0.9158 -0.3241
vn -0.7804 0.0166 -0.6250
vn -0.1861 0.9491 0.2543
vn -0.1862 0.9491 0.2543
vn -0.1861 0.9491 0.2542
vn 0.2063 -0.8417 0.4989
vn -0.9736 0.0323 0.2262
vn -0.2384 0.8254 -0.5117
vn 0.9238 -0.0125 -0.3828
vn 0.2055 -0.8410 0.5005
vn -0.9252 -0.0002 0.3795
vn -0.2058 0.8405 -0.5012
vn 0.9249 -0.0002 -0.3802
vn 0.2173 -0.8284 0.5162
vn -0.9260 0.0055 0.3776
vn -0.2019 0.8571 -0.4739
vn 0.9265 -0.0043 -0.3763
vn 0.3206 -0.3448 0.8822
vn -0.9489 -0.0818 0.3047
vn -0.3204 0.3507 -0.8800
vn 0.9521 0.1288 -0.2772
vn 0.3151 -0.3217 0.8929
vn -0.9485 -0.0820 0.3060
vn -0.3146 0.3740 -0.8724
vn 0.9489 0.1344 -0.2855
vn 0.3252 -0.3169 0.8910
vn -0.9494 -0.0687 0.3066
vn -0.3171 0.3746 -0.8713
vn 0.9509 0.1544 -0.2684
vn 0.2617 -0.5250 0.8098
vn -0.8055 0.3549 0.4745
vn -0.2676 0.5142 -0.8148
vn 0.7793 -0.3934 -0.4878
vn 0.2573 -0.5201 0.8144
vn -0.7951 0.3650 0.4844
vn -0.2618 0.5138 -0.8170
vn 0.7906 -0.3713 -0.4869
vn 0.2728 -0.5168 0.8115
vn -0.7878 0.3879 0.4784
vn -0.2667 0.5279 -0.8064
vn 0.8025 -0.3651 -0.4720
vn 0.3746 -0.1862 0.9083
vn -0.9316 -0.1672 0.3227
vn -0.3810 0.0963 -0.9195
vn 0.9338 0.0598 -0.3529
vn 0.3669 -0.1782 0.9130
vn -0.9279 -0.1347 0.3475
vn -0.3643 0.1202 -0.9235
vn 0.9306 0.0767 -0.3580
vn -0.1499 -0.1147 -0.9820
vn 0.9849 0.0616 -0.1615
vn 0.1465 0.2379 0.9602
vn -0.9883 0.0616 0.1397
vn 0.1466 0.2379 0.9602
vn -0.9883 0.0616 0.1396
vn -0.1522 -0.9747 0.1637
vn -0.8249 0.0114 -0.5652
vn -0.0490 0.9974 0.0527
vn 0.6236 0.0114 0.7817
vn -0.1523 -0.9747 0.1637
vn 0.6236 0.0114 0.7816
vn -0.9183 0.3609 -0.1630
vn 0.1356 -0.1268 -0.9826
vn 0.9042 -0.3941 0.1648
vn -0.1262 0.1711 0.9771
vn -0.9023 0.3948 -0.1730
vn 0.1331 -0.1251 -0.9832
vn 0.9211 -0.3509 0.1688
vn -0.1143 0.1690 0.9790
vn -0.2321 -0.8980 0.3737
vn -0.8715 0.0188 -0.4900
vn 0.1862 0.9357 -0.2998
vn 0.8256 0.0188 0.5639
vn -0.1866 -0.9763 0.1096
vn -0.4706 -0.0348 -0.8816
vn 0.2963 0.9437 -0.1472
vn 0.5637 -0.0202 0.8257
vn -0.2087 -0.9703 0.1225
vn -0.4491 -0.0301 -0.8930
vn 0.2947 0.9398 -0.1731
vn 0.5611 -0.0301 0.8272
vn -0.6328 -0.6753 0.3790
vn -0.5055 0.0086 -0.8628
vn 0.6318 0.6765 -0.3785
vn 0.4992 -0.0007 0.8665
vn -0.8395 -0.2985 0.4540
vn -0.3837 -0.2369 -0.8926
vn 0.8820 0.1364 -0.4510
vn 0.4349 0.1157 0.8930
vn -0.8437 -0.2906 0.4513
vn -0.3986 -0.2333 -0.8869
vn 0.8790 0.1721 -0.4447
vn 0.4339 0.1148 0.8936
vn -0.3423 -0.9040 -0.2560
vn 0.5876 0.0063 -0.8091
vn 0.3228 0.9071 0.2700
vn -0.5886 0.0165 0.8083
vn 0.3201 0.9167 0.2393
vn -0.6099 0.0063 0.7925
vn -0.3424 -0.9040 -0.2560
vn 0.7998 -0.4562 -0.3901
vn 0.5648 0.7626 0.3154
vn -0.8001 0.4728 0.3692
vn -0.5465 -0.8031 -0.2376
vn 0.8046 -0.4488 -0.3889
vn 0.5651 0.7804 0.2679
vn -0.8094 0.4619 0.3626
vn -0.5699 -0.7672 -0.2942
vn 0.5651 0.7803 0.2679
vn -0.7112 -0.6587 0.2455
vn -0.3215 -0.0078 -0.9469
vn 0.6927 0.7016 -0.1671
vn 0.3328 -0.0082 0.9429
vn -0.7587 -0.6234 0.1891
vn -0.4856 0.0802 -0.8705
vn 0.7200 0.6661 -0.1948
vn 0.3035 0.0885 0.9487
vn -0.1434 -0.9031 0.4049
vn 0.7209 -0.4745 -0.5051
vn 0.1285 0.9018 -0.4126
vn -0.6630 0.4809 0.5738
vn -0.1977 -0.8839 0.4239
vn 0.6764 -0.4367 -0.5931
vn 0.1566 0.8715 -0.4647
vn -0.7176 0.4244 0.5522
vn -0.7176 0.4244 0.5523
vn -0.0615 -0.9978 -0.0239
vn 0.3509 0.0007 -0.9364
vn 0.0384 0.9991 0.0149
vn -0.3741 0.0007 0.9274
vn 0.0384 0.9992 0.0149
vn -0.0615 -0.9978 -0.0240
vn 0.3510 0.0007 -0.9364
vn 0.0384 0.9992 0.0150
vn -0.3740 0.0007 0.9274
vn -0.0616 -0.9978 -0.0239
vn 0.0385 0.9991 0.0149
vn 0.0384 0.9991 0.0150
vn 0.0385 0.9991 0.0150
vn 0.4644 -0.8391 -0.2831
vn 0.5659 0.0306 0.8239
vn -0.3716 0.9003 0.2265
vn -0.4731 0.0306 -0.8805
vn -0.6410 -0.7604 -0.1044
vn 0.1962 -0.0190 -0.9804
vn 0.6445 0.7573 0.1052
vn -0.2590 0.0536 0.9644
vn -0.6676 -0.7348 -0.1202
vn 0.1958 -0.0194 -0.9805
vn 0.6128 0.7832 0.1054
vn -0.2506 0.0678 0.9657
vn 0.6128 0.7832 0.1055
vn -0.6675 -0.7348 -0.1202
vn -0.6676 -0.7348 -0.1201
vn 0.1323 -0.9912 0.0106
vn 0.0871 0.0009 -0.9962
vn -0.1175 0.9930 -0.0094
vn -0.0723 0.0009 0.9974
vn 0.1323 -0.9911 0.0106
vn 0.0872 0.0009 -0.9962
vn -0.0724 0.0009 0.9974
vn 0.1324 -0.9911 0.0106
vn -0.1176 0.9930 -0.0094
vn 0.0954 -0.9953 0.0146
vn 0.0849 0.0079 -0.9964
vn -0.1675 0.9856 -0.0232
vn -0.0729 -0.0089 0.9973
vn 0.3566 -0.4706 -0.8071
vn 0.9278 0.0608 0.3681
vn -0.3777 0.5510 0.7441
vn -0.8925 0.0634 -0.4465
vn -0.3256 0.5921 0.7371
vn -0.8969 0.0608 -0.4381
vn -0.3257 0.5921 0.7371
vn -0.8969 0.0608 -0.4380
vn 0.7996 -0.3745 -0.4696
vn 0.4766 -0.0673 0.8766
vn -0.8565 0.1161 0.5030
vn -0.5334 -0.0673 -0.8432
vn 0.8015 -0.3754 -0.4655
vn 0.5011 0.0174 0.8652
vn -0.8176 0.2624 0.5126
vn -0.4878 0.0224 -0.8727
vn -0.7164 -0.5565 0.4207
vn -0.5081 -0.0120 -0.8612
vn 0.7901 0.4005 -0.4640
vn 0.5046 -0.0120 0.8633
vn -0.4981 -0.0149 -0.8670
vn 0.7330 0.5267 -0.4305
vn 0.5146 -0.0149 0.8573
vn -0.7164 -0.5565 0.4208
vn -0.7219 -0.5544 0.4141
vn -0.5275 0.0151 -0.8494
vn 0.7381 0.5303 -0.4170
vn 0.5055 0.0202 0.8626
vn -0.5880 -0.6925 0.4180
vn 0.0267 -0.5525 -0.8331
vn 0.5523 0.7174 -0.4246
vn -0.0085 0.5409 0.8411
vn -0.5898 -0.6878 0.4233
vn 0.0020 -0.5260 -0.8505
vn 0.5491 0.7110 -0.4393
vn -0.0427 0.5493 0.8345
vn -0.5898 -0.6877 0.4233
vn -0.5897 -0.6878 0.4233
vn 0.5491 0.7111 -0.4392
vn 0.5491 0.7110 -0.4392
vn -0.6030 -0.6898 0.4006
vn -0.0318 -0.5262 -0.8497
vn 0.5416 0.7202 -0.4335
vn -0.0486 0.5629 0.8251
vn -0.1206 -0.7622 0.6360
vn 0.5723 -0.6161 -0.5412
vn 0.2344 0.7764 -0.5850
vn -0.4443 0.6349 0.6321
vn -0.1659 -0.7561 0.6331
vn 0.5264 -0.6117 -0.5906
vn 0.2279 0.7697 -0.5964
vn -0.4643 0.6253 0.6273
vn -0.1658 -0.7561 0.6331
vn -0.1780 -0.7860 0.5921
vn 0.4905 -0.6470 -0.5839
vn 0.1788 0.7860 -0.5918
vn -0.4843 0.6472 0.5886
vn 0.7050 -0.6726 0.2249
vn -0.3103 -0.0077 0.9506
vn -0.7180 0.6573 -0.2290
vn 0.2973 -0.0077 -0.9547
vn -0.7180 0.6572 -0.2290
vn 0.5811 -0.7388 -0.3413
vn 0.5846 0.0679 0.8085
vn -0.4179 0.8747 0.2454
vn -0.4213 0.0680 -0.9044
vn 0.5846 0.0680 0.8085
vn -0.4214 0.0680 -0.9043
vn 0.5811 -0.7389 -0.3413
vn 0.5811 -0.7389 -0.3412
vn -0.5497 -0.8101 -0.2037
vn 0.3124 0.0244 -0.9496
vn 0.4803 0.8589 0.1780
vn -0.3818 0.0244 0.9239
vn 0.4803 0.8588 0.1780
vn -0.8452 -0.4858 0.2227
vn -0.1664 -0.3591 -0.9184
vn 0.7563 0.5869 -0.2891
vn 0.0501 0.4596 0.8867
vn -0.8660 -0.4283 0.2581
vn -0.1478 -0.2967 -0.9435
vn 0.7413 0.5929 -0.3147
vn 0.0231 0.4612 0.8870
vn -0.8660 -0.4283 0.2582
vn 0.7413 0.5928 -0.3147
vn -0.3815 -0.9235 -0.0402
vn 0.0267 0.0252 -0.9993
vn 0.2262 0.9738 0.0238
vn -0.1820 0.0251 0.9830
vn -0.1820 0.0252 0.9830
vn 0.0267 0.0251 -0.9993
vn -0.2653 -0.9499 0.1655
vn -0.5334 0.0016 -0.8458
vn 0.3368 0.9309 -0.1412
vn 0.4438 -0.0429 0.8951
vn 0.2571 0.9530 -0.1604
vn 0.5253 0.0016 0.8509
vn -0.2783 -0.9478 0.1558
vn -0.5713 -0.0006 -0.8208
vn 0.2593 0.9543 -0.1485
vn 0.5053 0.0200 0.8627
vn 0.0030 -0.9953 0.0972
vn 0.1808 -0.1214 -0.9760
vn -0.0175 0.9952 -0.0967
vn -0.1348 0.1194 0.9837
vn -0.0038 -0.9941 0.1081
vn 0.1407 -0.1077 -0.9842
vn -0.0214 0.9935 -0.1119
vn -0.1659 0.1070 0.9803
vn 0.2515 -0.8612 -0.4417
vn 0.8657 -0.0039 0.5005
vn -0.2580 0.8533 0.4530
vn -0.8722 -0.0039 -0.4891
vn -0.2580 0.8534 0.4530
vn 0.2589 -0.8579 -0.4438
vn 0.8699 -0.0051 0.4931
vn -0.2598 0.8566 0.4459
vn -0.8708 0.0039 -0.4917
vn 0.3348 -0.6621 -0.6704
vn 0.9460 0.1924 0.2609
vn -0.3279 0.6971 0.6376
vn -0.9414 -0.1607 -0.2967
vn 0.3287 -0.6577 -0.6778
vn 0.9441 0.2029 0.2597
vn -0.3244 0.7004 0.6358
vn -0.9398 -0.1602 -0.3017
vn 0.9441 0.2028 0.2597
vn 0.3263 -0.6583 -0.6783
vn 0.9456 0.2200 0.2398
vn -0.3321 0.6994 0.6328
vn -0.9341 -0.1173 -0.3372
vn 0.2696 -0.5829 -0.7665
vn 0.7215 0.6377 -0.2698
vn -0.3537 0.6927 0.6286
vn -0.7881 -0.5855 0.1899
vn 0.2521 -0.5954 -0.7629
vn 0.6877 0.6608 -0.3006
vn -0.3650 0.6820 0.6337
vn -0.8006 -0.5742 0.1714
vn 0.6497 -0.3556 -0.6719
vn 0.7373 0.5193 0.4320
vn -0.6420 0.3078 0.7022
vn -0.7053 -0.6165 -0.3501
vn 0.6498 -0.3556 -0.6718
vn 0.7302 0.5391 0.4198
vn -0.6362 0.3143 0.7046
vn -0.7165 -0.5804 -0.3869
vn 0.7301 0.5391 0.4198
vn -0.7165 -0.5804 -0.3870
vn 0.6516 -0.3449 -0.6756
vn 0.7323 0.5398 0.4153
vn -0.6453 0.3202 0.6936
vn -0.7240 -0.5730 -0.3841
vn 0.5673 -0.4677 -0.6778
vn 0.7176 0.0340 0.6956
vn -0.6288 0.4581 0.6283
vn -0.7118 0.1435 -0.6876
vn 0.6514 -0.3901 -0.6508
vn -0.6950 0.0340 -0.7182
vn 0.6500 -0.3903 -0.6520
vn 0.7240 0.0489 0.6881
vn -0.6355 0.4596 0.6204
vn -0.6854 0.0720 -0.7246
vn 0.6572 -0.6329 -0.4093
vn 0.7350 0.3839 0.5590
vn -0.6541 0.6446 0.3957
vn -0.7301 -0.3595 -0.5811
vn 0.6549 -0.6280 -0.4204
vn 0.7324 0.3891 0.5588
vn -0.6460 0.6557 0.3908
vn -0.7234 -0.3614 -0.5883
vn 0.6550 -0.6280 -0.4204
vn 0.6520 -0.6192 -0.4377
vn 0.7236 0.4068 0.5576
vn -0.6264 0.6825 0.3767
vn -0.7167 -0.3630 -0.5954
vn 0.7204 -0.1464 -0.6779
vn 0.6755 0.0982 0.7308
vn -0.7202 0.1325 0.6810
vn -0.6732 -0.0839 -0.7346
vn 0.7293 -0.1252 -0.6726
vn 0.6840 0.1029 0.7222
vn -0.7282 0.1535 0.6680
vn -0.6828 -0.0746 -0.7268
vn 0.5419 -0.7478 -0.3836
vn 0.6366 0.0551 0.7692
vn -0.4192 0.8580 0.2967
vn -0.5139 0.0551 -0.8561
vn -0.9824 -0.1192 -0.1441
vn 0.1321 0.0672 -0.9890
vn 0.9571 0.2537 0.1403
vn -0.1574 0.0672 0.9852
vn -0.9824 -0.1192 -0.1440
vn 0.9571 0.2536 0.1404
vn 0.9571 0.2537 0.1404
vn -0.2192 -0.9442 -0.2459
vn 0.6751 -0.0461 -0.7363
vn 0.2084 0.9470 0.2446
vn -0.7468 0.0002 0.6651
vn 0.7460 0.0002 -0.6659
vn 0.2185 0.9446 0.2450
vn -0.4298 -0.7595 0.4883
vn -0.8263 0.0441 -0.5615
vn 0.2055 0.9528 -0.2236
vn 0.7067 0.0527 0.7055
vn -0.7953 0.0514 -0.6041
vn 0.3346 0.8623 -0.3801
vn 0.7001 0.0514 0.7122
vn 0.3346 0.8623 -0.3802
vn -0.6813 -0.2440 0.6902
vn -0.7221 0.0204 -0.6915
vn 0.6741 0.3383 -0.6566
vn 0.6873 0.0581 0.7241
vn -0.6968 -0.2322 0.6787
vn -0.7080 0.0531 -0.7042
vn 0.6854 0.0531 0.7263
vn -0.6967 -0.2322 0.6787
vn -0.7080 0.0530 -0.7042
vn -0.7105 -0.2309 0.6647
vn -0.7218 0.1052 -0.6841
vn 0.6692 0.3378 -0.6619
vn 0.6811 0.0804 0.7278
vn -0.5579 -0.4352 0.7067
vn 0.5168 0.4491 0.7288
vn 0.6834 0.3203 -0.6561
vn 0.2994 0.7004 0.6480
vn -0.5742 -0.3971 0.7160
vn -0.0925 -0.8413 -0.5325
vn 0.6914 0.3252 -0.6452
vn 0.2098 0.7694 0.6034
vn -0.0926 -0.8413 -0.5325
vn 0.6914 0.3252 -0.6451
vn 0.2098 0.7694 0.6033
vn -0.0925 -0.8414 -0.5325
vn -0.0926 -0.8414 -0.5325
vn -0.4633 -0.8532 0.2398
vn -0.6803 0.0071 -0.7329
vn 0.3132 0.9413 -0.1261
vn 0.3895 0.0747 0.9180
vn -0.4675 -0.8500 0.2428
vn -0.5633 0.0823 -0.8221
vn 0.1780 0.9788 -0.1009
vn 0.3480 0.0721 0.9347
vn -0.8237 -0.4088 0.3929
vn -0.4069 -0.0452 -0.9123
vn 0.8271 0.4007 -0.3941
vn 0.3816 0.0830 0.9206
vn -0.8360 -0.3844 0.3916
vn -0.4072 -0.0452 -0.9122
vn 0.8176 0.4267 -0.3867
vn 0.3887 0.0875 0.9172
vn -0.4071 -0.0452 -0.9122
vn 0.8176 0.4267 -0.3866
vn 0.3888 0.0875 0.9172
vn -0.8939 -0.3823 0.2340
vn -0.2447 -0.1146 -0.9628
vn 0.9141 0.3611 -0.1845
vn 0.2001 0.0426 0.9788
vn -0.9261 -0.3278 0.1870
vn -0.2039 0.0167 -0.9789
vn 0.9141 0.3612 -0.1845
vn 0.1919 0.0167 0.9813
vn -0.7032 -0.6399 0.3100
vn -0.3428 0.0664 -0.9370
vn 0.5540 0.7941 -0.2498
vn 0.3250 0.0790 0.9424
vn -0.4766 0.0790 -0.8756
vn 0.5515 0.7979 -0.2432
vn -0.7031 -0.6399 0.3100
vn 0.4821 -0.4145 0.7719
vn -0.8305 0.0562 0.5541
vn -0.4503 0.5268 -0.7210
vn 0.8624 0.0562 -0.5032
vn -0.4503 0.5268 -0.7209
vn 0.8624 0.0561 -0.5032
vn -0.8305 0.0561 0.5541
vn 0.3508 -0.1657 -0.9217
vn 0.9358 0.0202 0.3520
vn -0.4194 0.1272 0.8988
vn -0.9202 0.0446 -0.3889
vn -0.3480 0.2062 0.9145
vn -0.9331 0.0202 -0.3592
vn 0.6862 -0.4003 -0.6074
vn 0.7097 0.1160 0.6949
vn -0.5801 0.6323 0.5135
vn -0.6036 0.1160 -0.7888
vn 0.6862 -0.4002 -0.6074
vn -0.5801 0.6322 0.5135
vn -0.4452 -0.4389 -0.7805
vn 0.8566 0.0409 -0.5144
vn 0.4230 0.5207 0.7415
vn -0.8788 0.0409 0.4755
vn 0.6230 -0.2475 -0.7420
vn 0.7818 0.0837 0.6179
vn -0.5850 0.4149 0.6968
vn -0.7439 0.0837 -0.6631
vn 0.6230 -0.2474 -0.7421
vn 0.6230 -0.2475 -0.7421
vn -0.5851 0.4149 0.6968
vn -0.7439 0.0838 -0.6631
vn -0.5850 0.4149 0.6969
vn -0.7438 0.0837 -0.6631
vn -0.8604 -0.1076 -0.4981
vn 0.4975 0.0277 -0.8670
vn 0.8539 0.1631 0.4943
vn -0.5041 0.0277 0.8632
vn 0.4975 0.0278 -0.8670
vn -0.5041 0.0278 0.8632
vn -0.3499 -0.9355 -0.0482
vn 0.0845 0.0165 -0.9963
vn 0.2462 0.9686 0.0339
vn -0.1882 0.0165 0.9820
vn -0.5248 -0.6960 -0.4900
vn 0.5826 0.0347 -0.8120
vn 0.4614 0.7701 0.4405
vn -0.6042 0.0906 0.7917
vn -0.5310 -0.7380 -0.4163
vn 0.5827 0.0347 -0.8120
vn 0.4642 0.8075 0.3639
vn -0.6495 0.0348 0.7596
vn -0.5311 -0.7380 -0.4163
vn -0.6495 0.0347 0.7596
vn 0.4642 0.8075 0.3640
vn 0.5826 0.0348 -0.8120
vn -0.5310 -0.7380 -0.4164
vn -0.3925 -0.8993 -0.1927
vn 0.3365 0.0932 -0.9371
vn 0.4095 0.9022 0.1353
vn -0.4674 0.0148 0.8839
vn -0.3945 -0.8986 -0.1920
vn 0.4073 0.0148 -0.9132
vn 0.3344 0.9283 0.1627
vn -0.5283 -0.8405 -0.1204
vn 0.1859 0.0531 -0.9811
vn 0.4961 0.8639 0.0866
vn -0.1465 0.0190 0.9890
vn -0.5767 -0.8141 -0.0686
vn 0.0895 0.0190 -0.9958
vn 0.5198 0.8521 0.0618
vn -0.1464 0.0190 0.9890
vn -0.1084 -0.9345 -0.3391
vn 0.9440 0.0301 -0.3287
vn 0.0875 0.9921 0.0902
vn -0.9844 0.1391 0.1080
vn -0.0886 -0.9235 -0.3731
vn 0.0416 0.9836 0.1752
vn -0.9910 0.0300 0.1308
vn 0.9440 0.0300 -0.3287
vn -0.9910 0.0301 0.1308
vn -0.0886 -0.9236 -0.3731
vn 0.0416 0.9837 0.1752
vn 0.9440 0.0300 -0.3286
vn -0.0001 -1.0000 -0.0003
vn -0.9512 -0.0255 0.3076
vn 0.0836 0.9947 0.0593
vn 0.9624 -0.0000 -0.2718
vn -0.9596 -0.0000 0.2814
vn 0.0028 0.9999 0.0099
vn 0.0580 -0.9918 0.1141
vn -0.8766 0.0030 0.4812
vn -0.0296 0.9979 -0.0582
vn 0.9050 0.0030 -0.4253
vn 0.0592 -0.9900 0.1281
vn -0.8744 -0.0030 0.4853
vn -0.0256 0.9982 -0.0548
vn 0.9052 0.0040 -0.4249
vn 0.1025 -0.6696 -0.7357
vn 0.9989 0.0336 0.0341
vn -0.1265 0.8871 0.4440
vn -0.9772 0.1444 -0.1557
vn -0.1502 0.1118 -0.9823
vn 0.8063 0.5734 -0.1452
vn 0.1739 -0.1655 0.9708
vn -0.8115 -0.5662 0.1447
vn -0.2119 0.1334 -0.9681
vn 0.8009 0.5912 -0.0948
vn 0.1783 -0.0826 0.9805
vn -0.8345 -0.5404 0.1072
vn 0.1783 -0.0827 0.9805
vn -0.2146 0.1401 -0.9666
vn 0.8012 0.5909 -0.0940
vn 0.1667 -0.0711 0.9834
vn -0.8341 -0.5400 0.1129
vn -0.4123 -0.9074 0.0812
vn -0.0496 -0.1000 -0.9938
vn 0.7722 0.6298 -0.0845
vn 0.2324 -0.0966 0.9678
vn -0.5193 -0.5516 -0.6528
vn 0.7445 0.0701 -0.6639
vn 0.4495 0.6918 0.5651
vn -0.8143 0.0701 0.5762
vn -0.5193 -0.5515 -0.6528
vn -0.4975 -0.8047 0.3240
vn -0.7122 0.0912 -0.6960
vn 0.1337 0.9872 -0.0871
vn 0.3484 0.0913 0.9329
vn 0.3484 0.0912 0.9329
vn -0.4975 -0.8047 0.3239
vn -0.7619 -0.6245 -0.1718
vn 0.1652 0.0588 -0.9845
vn 0.6539 0.7421 0.1474
vn -0.2732 0.0588 0.9602
vn -0.6925 -0.7206 0.0339
vn -0.0991 0.0425 -0.9942
vn 0.5917 0.8056 -0.0289
vn -0.0017 0.0425 0.9991
vn -0.6925 -0.7206 0.0338
vn -0.6926 -0.7206 0.0339
vn -0.0992 0.0425 -0.9942
vn -0.4421 0.4675 -0.7655
vn 0.7246 0.6886 -0.0264
vn 0.3721 -0.3671 0.8525
vn -0.8151 -0.5685 0.1114
vn -0.4543 0.4773 -0.7522
vn 0.7283 0.6851 -0.0151
vn 0.3712 -0.3650 0.8538
vn -0.8113 -0.5728 0.1166
vn 0.0349 -0.9988 -0.0356
vn -0.6902 0.0006 -0.7237
vn -0.0751 0.9972 -0.0032
vn 0.7474 0.0144 0.6642
vn 0.0117 0.9999 -0.0119
vn 0.7367 0.0006 0.6762
vn -0.6057 -0.7789 0.1628
vn -0.3554 0.0632 -0.9326
vn 0.4104 0.9052 -0.1103
vn 0.1602 0.0632 0.9851
vn 0.1601 0.0632 0.9851
vn -0.6056 -0.7789 0.1628
vn 0.4104 0.9052 -0.1104
vn 0.1602 0.0631 0.9851
vn -0.3554 0.0631 -0.9326
vn 0.0469 -0.9948 -0.0903
vn -0.9579 -0.0607 -0.2807
vn -0.2245 0.8734 0.4321
vn 0.7803 -0.0607 0.6225
vn -0.9579 -0.0607 -0.2806
vn -0.0672 -0.7777 0.6251
vn -0.9952 0.0070 -0.0981
vn 0.0653 0.7916 -0.6075
vn 0.9933 0.0070 0.1156
vn -0.6779 -0.6472 0.3487
vn -0.4794 0.0274 -0.8772
vn 0.6333 0.7020 -0.3258
vn 0.4348 0.0274 0.9001
vn -0.6800 -0.6462 0.3466
vn -0.4831 0.0290 -0.8751
vn 0.6332 0.7018 -0.3264
vn 0.4347 0.0279 0.9001
vn -0.5924 -0.7421 0.3136
vn -0.3294 -0.1351 -0.9345
vn 0.5934 0.7412 -0.3139
vn 0.3329 0.1318 0.9337
vn -0.5924 -0.7416 0.3148
vn -0.3305 -0.1326 -0.9344
vn 0.5926 0.7414 -0.3149
vn 0.3307 0.1325 0.9344
vn -0.5924 -0.7415 0.3148
vn -0.2353 -0.5588 0.7952
vn -0.9565 -0.0123 -0.2914
vn 0.2398 0.5343 -0.8105
vn 0.9611 -0.0123 0.2760
vn -0.9565 -0.0122 -0.2914
vn -0.1763 -0.5666 0.8050
vn -0.9610 0.0263 -0.2752
vn 0.2421 0.5549 -0.7959
vn 0.9491 0.1205 0.2911
vn -0.2516 -0.5024 0.8272
vn 0.9515 0.0262 0.3065
vn 0.9515 0.0263 0.3065
vn -0.6075 -0.1193 -0.7853
vn 0.7880 0.0281 -0.6150
vn 0.5997 0.1717 0.7816
vn -0.8200 0.0617 0.5690
vn 0.6024 0.1754 0.7787
vn -0.7932 0.0281 0.6084
vn 0.6024 0.1755 0.7787
vn 0.7881 0.0281 -0.6150
vn -0.7932 0.0281 0.6083
vn 0.0864 -0.6000 0.7953
vn -0.9925 0.0573 0.1079
vn 0.0400 0.7929 -0.6081
vn 0.9967 0.0621 -0.0527
vn -0.9847 0.0621 0.1625
vn -0.0745 0.7243 -0.6855
vn -0.9847 0.0621 0.1626
vn -0.0744 0.7243 -0.6855
vn -0.0745 0.7243 -0.6854
vn 0.0472 -0.8776 0.4770
vn -0.9747 0.0470 0.2187
vn 0.0542 0.9423 -0.3303
vn 0.9855 0.1093 -0.1300
vn 0.0472 -0.8776 0.4771
vn -0.9747 0.0471 0.2187
vn -0.0233 0.9717 -0.2350
vn 0.9986 0.0471 0.0233
vn -0.0233 0.9717 -0.2351
vn 0.0473 -0.8776 0.4771
vn -0.0133 -0.8979 0.4401
vn -0.9998 0.0172 0.0090
vn 0.0109 0.9322 -0.3618
vn 0.9975 0.0172 0.0693
vn -0.3148 -0.1891 -0.9301
vn 0.9331 0.0966 -0.3464
vn 0.2962 0.3822 0.8753
vn -0.9517 0.0966 0.2916
vn 0.2963 0.3822 0.8753
vn -0.9517 0.0966 0.2915
vn -0.3148 -0.1890 -0.9301
vn 0.9331 0.0965 -0.3464
vn -0.2152 -0.9189 -0.3305
vn 0.5589 0.0414 -0.8282
vn 0.1818 0.9706 0.1575
vn -0.7422 0.0487 0.6684
vn -0.3682 -0.8733 -0.3190
vn 0.5558 0.0487 -0.8299
vn -0.3683 -0.8733 -0.3190
vn -0.3682 -0.8733 -0.3191
vn -0.8406 -0.3178 -0.4386
vn 0.2019 0.4794 -0.8540
vn 0.7936 0.4052 0.4539
vn -0.2553 -0.4133 0.8741
vn -0.8567 -0.3133 -0.4097
vn 0.2082 0.5095 -0.8349
vn 0.7917 0.4167 0.4468
vn -0.2732 -0.4062 0.8720
vn -0.6757 -0.6258 -0.3897
vn 0.5418 0.0546 -0.8387
vn 0.4921 0.7937 0.3577
vn -0.6303 0.0482 0.7749
vn -0.5797 -0.6974 -0.4214
vn 0.5426 0.0482 -0.8386
vn -0.5791 -0.6934 -0.4288
vn 0.5324 0.0488 -0.8451
vn 0.4569 0.8090 0.3698
vn -0.6343 0.0940 0.7673
vn -0.5512 -0.6969 0.4589
vn -0.6573 0.0223 -0.7533
vn 0.5156 0.7415 -0.4293
vn 0.6217 0.0223 0.7829
vn 0.5157 0.7415 -0.4293
vn -0.5512 -0.6968 0.4589
vn 0.5157 0.7414 -0.4293
vn 0.6218 0.0223 0.7829
vn -0.5511 -0.6969 0.4589
vn -0.8591 -0.4672 -0.2090
vn -0.2483 0.0220 0.9684
vn 0.2244 0.0220 -0.9743
vn 0.8352 0.5111 0.2032
vn 0.2244 0.0219 -0.9743
vn -0.2483 0.0219 0.9684
vn 0.2244 0.0219 -0.9742
vn -0.8591 -0.4672 -0.2091
vn 0.8351 0.5111 0.2032
vn 0.0572 -0.9202 -0.3872
vn -0.9745 0.0259 -0.2230
vn 0.0565 0.9934 0.0996
vn 0.9721 -0.1099 0.2071
vn 0.0103 -0.9944 0.1049
vn -0.9827 0.0015 0.1850
vn 0.0069 0.9975 0.0704
vn 1.0000 0.0015 -0.0097
vn 0.0069 0.9975 0.0703
vn 1.0000 0.0016 -0.0097
vn -0.0210 -0.9697 0.2434
vn -0.9980 0.0071 -0.0626
vn 0.0127 0.9866 -0.1628
vn 0.9888 0.0178 0.1485
vn -0.0211 -0.9693 0.2448
vn -0.9981 0.0039 -0.0620
vn 0.0117 0.9875 -0.1575
vn 0.9887 0.0142 0.1493
vn -0.0211 -0.9694 0.2448
vn 0.9887 0.0142 0.1494
vn -0.0210 -0.9694 0.2448
vn -0.9981 0.0040 -0.0620
vn -0.9981 0.0039 -0.0621
vn -0.0210 -0.9693 0.2448
vn -0.0499 -0.8390 0.5419
vn -0.9991 0.0396 -0.0178
vn 0.0364 0.9181 -0.3946
vn 0.9855 0.0396 0.1651
vn -0.0512 -0.8338 0.5497
vn -0.9993 0.0347 -0.0148
vn 0.0364 0.9179 -0.3952
vn 0.9853 0.0349 0.1673
vn -0.0561 -0.8511 0.5220
vn -0.9987 0.0513 0.0055
vn 0.0321 0.9537 -0.2990
vn 0.9747 0.0513 0.2175
vn -0.9987 0.0513 0.0054
vn 0.2701 -0.8456 0.4604
vn -0.9393 -0.0205 0.3425
vn -0.2396 0.7563 -0.6088
vn 0.9018 -0.1554 -0.4033
vn 0.2211 -0.7972 0.5617
vn 0.9208 -0.0205 -0.3896
vn 0.0036 -0.7307 0.6827
vn -0.9767 0.1140 0.1821
vn -0.0009 0.6888 -0.7250
vn 0.9921 0.0476 -0.1163
vn 0.0957 -0.6649 0.7408
vn -0.9830 0.0499 0.1766
vn -0.0737 0.7694 -0.6345
vn 0.9953 0.0612 -0.0749
vn 0.1363 -0.5181 0.8444
vn -0.9371 0.1995 0.2864
vn -0.1227 0.5652 -0.8157
vn 0.9541 -0.1550 -0.2562
vn 0.1426 -0.5146 0.8455
vn -0.9360 0.2066 0.2848
vn -0.1238 0.5669 -0.8144
vn 0.9548 -0.1544 -0.2538
vn 0.9549 -0.1544 -0.2538
vn 0.4177 -0.5930 0.6884
vn -0.8295 0.1052 0.5485
vn -0.4023 0.6310 -0.6634
vn 0.8696 0.1067 -0.4821
vn 0.4490 -0.5001 0.7405
vn -0.8290 0.0654 0.5554
vn 0.8757 0.0654 -0.4783
vn -0.8290 0.0655 0.5554
vn -0.4023 0.6309 -0.6634
vn 0.8757 0.0655 -0.4783
vn 0.8757 0.0654 -0.4784
vn 0.2906 -0.8289 0.4780
vn -0.8473 0.0262 0.5305
vn -0.3135 0.7971 -0.5160
vn 0.8604 0.0264 -0.5089
vn -0.8365 0.0206 0.5475
vn -0.2561 0.8701 -0.4212
vn 0.8711 0.0206 -0.4907
vn -0.2560 0.8701 -0.4212
vn -0.8366 0.0206 0.5475
vn -0.2561 0.8701 -0.4211
vn -0.1206 -0.4562 0.8816
vn -0.9893 0.0696 -0.1279
vn 0.0480 0.6839 -0.7280
vn 0.9877 0.0691 0.1405
vn -0.1206 -0.4563 0.8816
vn -0.9932 0.0832 -0.0816
vn 0.1060 0.6227 -0.7753
vn 0.9786 0.0832 0.1880
vn -0.9078 -0.3556 0.2225
vn -0.2115 -0.0059 -0.9774
vn 0.8889 0.3878 -0.2439
vn 0.2722 0.1772 0.9458
vn -0.1655 -0.1590 -0.9733
vn 0.9600 0.1703 -0.2222
vn 0.0513 0.6539 0.7548
vn -0.9765 0.2123 0.0361
vn 0.9588 0.1725 -0.2257
vn 0.1448 0.5041 0.8514
vn -0.9795 0.1725 0.1039
vn 0.9588 0.1725 -0.2258
vn 0.1448 0.5040 0.8515
vn -0.1347 0.1064 0.9852
vn -0.9880 0.0895 -0.1257
vn 0.1329 0.1936 -0.9720
vn 0.9855 0.0895 0.1442
vn -0.1355 -0.0149 0.9907
vn -0.9880 0.0894 -0.1256
vn 0.9855 0.0894 0.1443
vn 0.9855 0.0894 0.1442
vn -0.0890 -0.7539 0.6509
vn -0.9960 0.0503 -0.0737
vn 0.0588 0.9009 -0.4300
vn 0.9792 0.0503 0.1965
vn -0.9965 0.0496 -0.0679
vn 0.0707 0.8532 -0.5168
vn 0.9781 0.0496 0.2021
vn -0.9965 0.0496 -0.0680
vn -0.0807 -0.9744 -0.2097
vn -0.9495 0.0057 0.3136
vn 0.0884 0.9689 0.2312
vn 0.9600 -0.0111 -0.2799
vn -0.0758 -0.9760 -0.2041
vn -0.9490 0.0074 0.3152
vn 0.0871 0.9666 0.2410
vn 0.9604 -0.0168 -0.2782
vn -0.4910 -0.7733 -0.4013
vn -0.5657 -0.0842 0.8203
vn 0.6166 0.6049 0.5039
vn 0.6913 -0.0842 -0.7177
vn 0.1840 -0.9829 -0.0039
vn 0.0506 0.0046 0.9987
vn -0.1251 0.9921 0.0027
vn 0.0082 0.0046 -1.0000
vn 0.4298 -0.5611 0.7074
vn -0.8507 -0.0235 0.5252
vn -0.4272 0.5683 -0.7032
vn 0.8581 -0.0235 -0.5130
vn 0.4301 -0.5603 0.7079
vn -0.8532 0.0040 0.5216
vn 0.8560 0.0040 -0.5169
vn 0.4252 -0.5092 0.7483
vn -0.8397 -0.0003 0.5431
vn -0.4026 0.5985 -0.6926
vn 0.8508 0.0204 -0.5252
vn 0.1754 -0.9759 -0.1299
vn -0.9833 -0.1797 -0.0278
vn -0.1772 0.9787 0.1037
vn 0.9833 0.1820 -0.0029
vn 0.1786 -0.9756 -0.1276
vn -0.9839 -0.1773 -0.0226
vn -0.1788 0.9783 0.1048
vn 0.9837 0.1799 -0.0002
vn 0.1399 -0.9857 -0.0935
vn -0.9755 -0.2191 0.0181
vn -0.1264 0.9804 0.1509
vn 0.9718 0.2248 0.0709
vn 0.1526 -0.9877 -0.0330
vn -0.9561 -0.2089 0.2055
vn -0.1935 0.9765 -0.0953
vn 0.9488 0.1962 -0.2474
vn 0.1945 -0.9804 0.0318
vn -0.9587 -0.1833 0.2173
vn -0.1992 0.9785 -0.0531
vn 0.9540 0.1814 -0.2386
vn 0.1930 -0.9806 0.0336
vn -0.9575 -0.1851 0.2211
vn -0.1959 0.9793 -0.0515
vn 0.9545 0.1845 -0.2342
vn 0.4317 -0.6825 0.5898
vn -0.6197 0.0940 0.7792
vn -0.3629 0.7952 -0.4856
vn 0.7104 -0.0251 -0.7033
vn 0.5081 -0.6492 0.5660
vn -0.6017 0.1843 0.7772
vn -0.3663 0.8104 -0.4572
vn 0.7435 -0.0231 -0.6684
vn 0.5064 -0.6513 0.5652
vn -0.6050 0.1927 0.7725
vn -0.3564 0.8209 -0.4462
vn 0.7393 -0.0180 -0.6731
vn 0.5791 -0.5281 0.6211
vn -0.7276 0.0127 0.6859
vn -0.6337 0.4022 -0.6609
vn 0.6731 -0.1206 -0.7297
vn -0.7346 -0.2072 -0.6461
vn 0.6356 0.0920 -0.7665
vn 0.6911 0.3911 0.6078
vn -0.6791 0.0920 0.7283
vn 0.6356 0.0920 -0.7666
vn 0.6356 0.0919 -0.7665
vn -0.6791 0.0919 0.7283
vn 0.5699 -0.6956 0.4374
vn -0.5674 0.0455 0.8222
vn -0.4899 0.7865 -0.3760
vn 0.6474 0.0455 -0.7608
vn 0.6474 0.0454 -0.7608
vn -0.5674 0.0454 0.8222
vn -0.4900 0.7865 -0.3760
vn -0.0097 -0.9998 -0.0159
vn -0.7712 -0.0471 0.6349
vn 0.2236 0.9025 0.3681
vn 0.9188 -0.0471 -0.3919
vn -0.0104 -0.9998 -0.0169
vn -0.7916 -0.0031 0.6110
vn 0.1321 0.9658 0.2231
vn 0.9054 -0.0054 -0.4245
vn 0.0107 -0.9371 0.3489
vn -0.9952 0.0308 0.0934
vn 0.0032 0.9903 -0.1388
vn 0.9608 0.1545 0.2301
vn -0.0085 -0.9287 0.3708
vn 0.9899 0.0308 0.1387
vn -0.0014 -0.9299 0.3679
vn -0.9951 0.0308 0.0936
vn 0.0227 0.9914 -0.1289
vn 0.9847 0.0514 0.1663
vn 0.0598 -0.8543 0.5163
vn -0.8622 0.1849 0.4716
vn -0.0043 0.9283 -0.3717
vn 0.9277 -0.1307 -0.3497
vn 0.0789 -0.8541 0.5141
vn -0.8513 0.2035 0.4836
vn -0.0007 0.9269 -0.3754
vn 0.9295 -0.1307 -0.3449
vn -0.8513 0.2034 0.4836
vn 0.0699 -0.9899 0.1235
vn -0.9321 -0.0237 0.3614
vn -0.1915 0.9191 -0.3445
vn 0.8201 -0.0182 -0.5719
vn -0.0451 -0.9755 -0.2154
vn -0.9496 -0.0387 0.3110
vn 0.1470 0.9301 0.3367
vn 0.9856 0.0669 -0.1553
vn -0.9496 -0.0387 0.3109
vn 0.0901 0.8980 0.4306
vn 0.9947 -0.0387 -0.0957
vn 0.0901 0.8980 0.4307
vn 0.5332 -0.7716 0.3467
vn -0.5869 -0.0077 0.8096
vn -0.5178 0.7712 -0.3703
vn 0.5355 -0.0097 -0.8445
vn 0.5401 -0.7604 0.3608
vn -0.5490 -0.0125 0.8358
vn -0.5374 0.7632 -0.3588
vn 0.5336 0.0005 -0.8458
vn 0.2838 -0.9476 0.1470
vn -0.6223 -0.0725 0.7795
vn -0.1304 0.9914 -0.0041
vn 0.7769 0.1493 -0.6117
vn 0.2843 -0.9474 0.1472
vn -0.6241 -0.0825 0.7770
vn -0.1188 0.9925 0.0295
vn 0.7895 0.1276 -0.6003
vn 0.6484 -0.3162 0.6925
vn -0.7361 -0.0322 0.6761
vn -0.6615 0.2517 -0.7065
vn 0.7230 -0.0322 -0.6901
vn 0.6551 -0.2852 0.6997
vn -0.7401 -0.0305 0.6718
vn -0.6555 0.2834 -0.7000
vn 0.7190 -0.0305 -0.6943
vn 0.3904 -0.8208 0.4170
vn -0.7067 0.0318 0.7068
vn -0.3685 0.8422 -0.3936
vn 0.7517 0.0319 -0.6588
vn 0.4032 -0.8075 0.4306
vn -0.7036 0.0249 0.7102
vn -0.3519 0.8573 -0.3759
vn 0.7548 0.0249 -0.6554
vn -0.3519 0.8572 -0.3759
vn 0.3852 -0.8006 0.4590
vn -0.6421 0.0459 0.7653
vn -0.3441 0.8587 -0.3798
vn 0.7688 0.0550 -0.6371
vn 0.2893 -0.9490 0.1253
vn -0.9168 -0.3485 -0.1952
vn -0.2883 0.9520 -0.1033
vn 0.9325 0.3388 0.1251
vn 0.3052 -0.9429 0.1336
vn -0.9362 -0.3230 -0.1385
vn -0.3115 0.9450 -0.1000
vn 0.9299 0.3251 0.1720
vn 0.3052 -0.9429 0.1335
vn 0.2823 -0.9445 0.1678
vn -0.9321 -0.3387 -0.1281
vn -0.2947 0.9552 -0.0273
vn 0.9173 0.3538 0.1827
vn 0.6804 -0.0947 0.7267
vn -0.7234 0.0534 0.6883
vn -0.6695 0.2015 -0.7150
vn 0.7344 0.0534 -0.6766
vn -0.6695 0.2016 -0.7150
vn 0.1947 -0.5236 0.8294
vn -0.9708 -0.1257 0.2045
vn -0.1892 0.4821 -0.8555
vn 0.9716 0.1397 -0.1911
vn 0.2147 -0.4880 0.8460
vn -0.9766 -0.1039 0.1883
vn -0.2151 0.5204 -0.8264
vn 0.9762 0.1362 -0.1687
vn 0.2147 -0.4881 0.8460
vn 0.1999 -0.9621 0.1857
vn -0.6687 0.0042 0.7435
vn -0.1765 0.9705 -0.1640
vn 0.6921 0.0042 -0.7217
vn 0.1999 -0.9620 0.1857
vn -0.6688 0.0042 0.7435
vn -0.1766 0.9705 -0.1640
vn 0.2000 -0.9620 0.1857
vn 0.6922 0.0042 -0.7217
vn 0.2075 -0.6431 -0.7372
vn -0.9704 -0.0465 -0.2372
vn -0.2263 0.5500 0.8039
vn 0.9516 -0.0465 0.3039
vn -0.2037 0.5269 0.8252
vn 0.9608 -0.0421 0.2740
vn -0.4586 -0.8812 -0.1148
vn -0.2130 -0.0178 0.9769
vn 0.5178 0.8456 0.1296
vn 0.2722 -0.0178 -0.9621
vn 0.4844 -0.7724 -0.4107
vn 0.3997 -0.2058 0.8932
vn -0.3500 0.8650 0.3596
vn -0.2744 0.2748 -0.9215
vn 0.4945 -0.7744 -0.3947
vn 0.4052 -0.2049 0.8910
vn -0.3493 0.8627 0.3656
vn -0.2600 0.2932 -0.9200
vn -0.2600 0.2933 -0.9200
vn 0.2535 -0.9295 -0.2678
vn 0.6524 -0.0089 0.7578
vn -0.3257 0.9232 0.2042
vn -0.7608 -0.0241 -0.6486
vn 0.6895 -0.0241 0.7238
vn -0.3247 0.8814 0.3431
vn 0.2534 -0.9295 -0.2678
vn 0.2469 -0.9276 -0.2803
vn 0.6968 -0.0150 0.7171
vn -0.3264 0.8811 0.3423
vn -0.7443 -0.0208 -0.6675
vn 0.0668 -0.9849 0.1596
vn -0.9157 0.0027 0.4018
vn -0.0998 0.9950 -0.0098
vn 0.9144 0.0289 -0.4037
vn -0.0534 0.9904 -0.1277
vn 0.9291 0.0027 -0.3698
vn -0.0534 0.9904 -0.1276
vn 0.0667 -0.9849 0.1596
vn 0.0527 -0.7747 0.6301
vn -0.9938 0.0199 0.1093
vn -0.0663 0.8268 -0.5586
vn 0.9981 0.0103 0.0599
vn -0.9938 0.0200 0.1093
vn -0.0483 0.8146 -0.5780
vn 0.9982 0.0199 -0.0572
vn 0.9982 0.0200 -0.0572
vn 0.5799 -0.8057 0.1207
vn -0.2112 0.0184 0.9773
vn -0.5432 0.8319 -0.1137
vn 0.2217 0.0129 -0.9750
vn -0.1857 0.0129 0.9825
vn -0.5438 0.8315 -0.1132
vn -0.1856 0.0129 0.9825
vn 0.4872 -0.8697 0.0796
vn -0.0894 -0.0164 0.9959
vn -0.5717 0.8204 0.0063
vn 0.1666 0.0030 -0.9860
vn -0.1559 0.0030 0.9878
vn -0.4765 0.8757 -0.0779
vn -0.1560 0.0030 0.9878
vn -0.0337 -0.2746 -0.9610
vn 0.9989 0.0223 -0.0420
vn 0.0332 0.3192 0.9471
vn -0.9994 0.0223 0.0282
vn -0.9994 0.0222 0.0282
vn 0.0333 0.3192 0.9471
vn -0.9994 0.0223 0.0281
vn 0.0332 0.3191 0.9471
vn 0.0171 -0.9999 -0.0015
vn 0.1076 -0.0000 0.9942
vn 0.0191 0.9998 -0.0017
vn -0.0713 -0.0000 -0.9975
vn 0.0172 -0.9999 -0.0016
vn 0.0192 0.9998 -0.0017
vn 0.0172 -0.9999 -0.0015
vn -0.1015 -0.4288 0.8977
vn -0.9947 0.0809 -0.0639
vn 0.0605 0.6183 -0.7836
vn 0.9467 0.1317 0.2939
vn -0.0940 -0.4308 0.8975
vn -0.9945 0.0869 -0.0582
vn 0.1096 0.5954 -0.7959
vn 0.9765 0.1269 0.1743
vn -0.0808 -0.9816 -0.1731
vn 0.8713 0.0213 -0.4902
vn -0.0082 0.9998 -0.0161
vn -0.8809 -0.0364 0.4719
vn -0.0086 -0.9998 -0.0168
vn 0.8825 -0.0000 -0.4703
vn -0.8993 -0.0000 0.4374
vn -0.0108 -0.9996 -0.0277
vn 0.8822 -0.0018 -0.4708
vn -0.0214 0.9993 -0.0304
vn -0.9001 0.0064 0.4356
vn -0.2457 -0.8764 -0.4142
vn 0.7945 0.0435 -0.6056
vn 0.2078 0.9110 0.3563
vn -0.8468 -0.0115 0.5318
vn -0.2571 -0.8702 -0.4203
vn 0.7958 0.0536 -0.6032
vn 0.2066 0.9137 0.3499
vn -0.8462 -0.0101 0.5327
vn -0.2571 -0.8702 -0.4204
vn 0.2066 0.9137 0.3498
vn 0.3582 -0.2679 0.8944
vn 0.5906 -0.5231 -0.6144
vn -0.2473 0.4398 -0.8634
vn -0.3790 0.6404 0.6680
vn 0.3440 -0.4435 0.8276
vn 0.5565 -0.6136 -0.5601
vn -0.3453 0.4423 -0.8277
vn -0.5578 0.6125 0.5601
vn 0.1852 -0.8571 0.4807
vn 0.9516 -0.0369 -0.3051
vn -0.1250 0.9226 -0.3651
vn -0.9740 0.0158 0.2259
vn 0.1022 -0.9489 0.2985
vn 0.9341 -0.0132 -0.3569
vn -0.1249 0.9226 -0.3651
vn -0.9568 -0.0132 0.2903
vn 0.0704 -0.9547 0.2890
vn 0.9272 -0.0074 -0.3746
vn -0.1168 0.9192 -0.3760
vn -0.9621 -0.0496 0.2681
vn 0.3211 -0.7152 0.6208
vn 0.5750 -0.3394 -0.7444
vn -0.3801 0.6456 -0.6624
vn -0.6378 0.2923 0.7126
vn 0.3241 -0.7225 0.6107
vn 0.5684 -0.3708 -0.7345
vn -0.4073 0.6457 -0.6459
vn -0.6516 0.2939 0.6993
vn -0.4073 0.6456 -0.6459
vn 0.3240 -0.7225 0.6107
vn -0.6517 0.2939 0.6993
vn -0.4074 0.6456 -0.6459
vt 0.763951 0.605034
vt 0.767275 0.608174
vt 0.764848 0.610462
vt 0.761761 0.607546
vt 0.939180 0.401105
vt 0.943587 0.400703
vt 0.943317 0.403959
vt 0.939224 0.404333
vt 0.681246 0.711016
vt 0.676937 0.709509
vt 0.678143 0.706336
vt 0.682145 0.707736
vt 0.722707 0.635797
vt 0.737027 0.665284
vt 0.712244 0.666943
vt 0.053305 0.955678
vt 0.049127 0.956435
vt 0.048898 0.954617
vt 0.052930 0.954840
vt 0.764015 0.611126
vt 0.760753 0.608696
vt 0.943135 0.405475
vt 0.939333 0.406822
vt 0.679098 0.703867
vt 0.682755 0.705643
vt 0.050224 0.949648
vt 0.054932 0.951168
vt 0.762545 0.614815
vt 0.758140 0.612285
vt 0.698766 0.647432
vt 0.945909 0.408674
vt 0.941706 0.411525
vt 0.681751 0.698732
vt 0.686022 0.701477
vt 0.051603 0.944480
vt 0.057346 0.946334
vt 0.760442 0.619618
vt 0.755069 0.616532
vt 0.949104 0.412492
vt 0.943978 0.415971
vt 0.684243 0.693839
vt 0.689453 0.697187
vt 0.053208 0.938470
vt 0.060154 0.940713
vt 0.757996 0.625205
vt 0.751497 0.621472
vt 0.952819 0.416933
vt 0.946619 0.421140
vt 0.687142 0.688148
vt 0.693443 0.692199
vt 0.288463 0.967758
vt 0.286782 0.967972
vt 0.286225 0.964980
vt 0.288425 0.964700
vt 0.262149 0.304067
vt 0.258261 0.276575
vt 0.284799 0.272933
vt 0.787922 0.662447
vt 0.786874 0.663774
vt 0.784230 0.661927
vt 0.785602 0.660190
vt 0.591985 0.994829
vt 0.590287 0.994829
vt 0.589991 0.992037
vt 0.592214 0.992037
vt 0.093980 0.240826
vt 0.122786 0.203359
vt 0.120300 0.236018
vt 0.100051 0.192552
vt 0.739836 0.701215
vt 0.739136 0.702761
vt 0.736024 0.701658
vt 0.736940 0.699634
vt 0.451266 0.785013
vt 0.473197 0.797978
vt 0.449464 0.797032
vt 0.285638 0.961830
vt 0.288385 0.961480
vt 0.781446 0.659983
vt 0.783159 0.657814
vt 0.589680 0.989097
vt 0.592455 0.989097
vt 0.732748 0.700496
vt 0.733892 0.697970
vt 0.563886 0.911995
vt 0.558951 0.897494
vt 0.570275 0.898893
vt 0.285015 0.958488
vt 0.288342 0.958064
vt 0.778493 0.657921
vt 0.780568 0.655294
vt 0.006857 0.588786
vt 0.013764 0.607574
vt 0.000000 0.601755
vt 0.589350 0.985979
vt 0.592710 0.985979
vt 0.858347 0.004782
vt 0.853645 0.034184
vt 0.845331 0.000000
vt 0.729274 0.699264
vt 0.730658 0.696205
vt 0.284348 0.954909
vt 0.288296 0.954406
vt 0.775329 0.655712
vt 0.777792 0.652595
vt 0.588996 0.982638
vt 0.592984 0.982638
vt 0.725551 0.697945
vt 0.727194 0.694314
vt 0.283624 0.951020
vt 0.288247 0.950431
vt 0.771892 0.653312
vt 0.774776 0.649662
vt 0.588611 0.979009
vt 0.593281 0.979009
vt 0.721507 0.696511
vt 0.723431 0.692260
vt 0.282820 0.946704
vt 0.288192 0.946020
vt 0.768079 0.650649
vt 0.771430 0.646408
vt 0.588185 0.974982
vt 0.593611 0.974982
vt 0.717019 0.694920
vt 0.719255 0.689981
vt 0.281895 0.941740
vt 0.288128 0.940946
vt 0.763692 0.647585
vt 0.767580 0.642664
vt 0.587694 0.970349
vt 0.593991 0.970349
vt 0.880459 0.292924
vt 0.883216 0.292892
vt 0.883135 0.295541
vt 0.970631 0.229082
vt 0.969099 0.236146
vt 0.960940 0.225864
vt 0.711857 0.693090
vt 0.714451 0.687358
vt 0.280746 0.935571
vt 0.288050 0.934641
vt 0.021207 0.892327
vt 0.020829 0.886516
vt 0.027052 0.884368
vt 0.758240 0.643778
vt 0.762796 0.638012
vt 0.587085 0.964593
vt 0.594462 0.964593
vt 0.705442 0.690816
vt 0.708482 0.684100
vt 0.288890 0.919272
vt 0.279583 0.919370
vt 0.279762 0.912564
vt 0.288890 0.912468
vt 0.743694 0.627919
vt 0.744789 0.637174
vt 0.738102 0.637720
vt 0.737027 0.628643
vt 0.103657 0.927187
vt 0.098324 0.928114
vt 0.099591 0.918459
vt 0.774850 0.378668
vt 0.774850 0.369408
vt 0.781615 0.369231
vt 0.781615 0.378313
vt 0.982767 0.880769
vt 0.989443 0.882392
vt 0.990829 0.894624
vt 0.696873 0.673136
vt 0.688137 0.676442
vt 0.685829 0.670185
vt 0.694397 0.666943
vt 0.931978 0.470333
vt 0.937928 0.466984
vt 0.937928 0.473203
vt 0.797742 0.662036
vt 0.796527 0.662011
vt 0.795980 0.660496
vt 0.797316 0.660523
vt 0.943361 0.001031
vt 0.944774 0.001213
vt 0.944786 0.002496
vt 0.943231 0.002296
vt 0.979654 0.579694
vt 0.980990 0.579864
vt 0.980517 0.581244
vt 0.979047 0.581058
vt 0.132565 0.865218
vt 0.131177 0.865550
vt 0.130886 0.864357
vt 0.132414 0.863991
vt 0.795415 0.658934
vt 0.796878 0.658963
vt 0.944798 0.003819
vt 0.943097 0.003600
vt 0.980029 0.582667
vt 0.978420 0.582463
vt 0.130586 0.863126
vt 0.132258 0.862726
vt 0.794831 0.657317
vt 0.796424 0.657350
vt 0.944811 0.005188
vt 0.942959 0.004949
vt 0.979524 0.584139
vt 0.977772 0.583917
vt 0.130277 0.861853
vt 0.132097 0.861418
vt 0.018646 0.850041
vt 0.021188 0.851366
vt 0.017301 0.852414
vt 0.794224 0.655638
vt 0.795952 0.655673
vt 0.944824 0.006610
vt 0.942814 0.006351
vt 0.695925 0.987295
vt 0.698052 0.989566
vt 0.697133 0.994578
vt 0.927844 0.093555
vt 0.933548 0.082828
vt 0.941571 0.083842
vt 0.978999 0.585669
vt 0.977099 0.585428
vt 0.129954 0.860530
vt 0.131929 0.860058
vt 0.793591 0.653883
vt 0.795459 0.653921
vt 0.944838 0.008096
vt 0.942664 0.007816
vt 0.978451 0.587267
vt 0.976395 0.587007
vt 0.129618 0.859148
vt 0.131754 0.858637
vt 0.998555 0.480348
vt 0.995127 0.480405
vt 0.998555 0.471075
vt 0.792923 0.652037
vt 0.794941 0.652078
vt 0.944852 0.009660
vt 0.942505 0.009357
vt 0.977875 0.588950
vt 0.975655 0.588668
vt 0.129264 0.857694
vt 0.131570 0.857142
vt 0.792213 0.650073
vt 0.794389 0.650117
vt 0.944867 0.011323
vt 0.942337 0.010997
vt 0.933129 0.567849
vt 0.941701 0.569203
vt 0.941375 0.576102
vt 0.977261 0.590738
vt 0.974867 0.590435
vt 0.128887 0.856147
vt 0.131374 0.855552
vt 0.791447 0.647951
vt 0.793793 0.647999
vt 0.091902 0.932130
vt 0.087891 0.924311
vt 0.091901 0.917343
vt 0.944884 0.013120
vt 0.942155 0.012768
vt 0.976598 0.592671
vt 0.974017 0.592344
vt 0.128480 0.854476
vt 0.131162 0.853834
vt 0.790596 0.645597
vt 0.793132 0.645649
vt 0.944903 0.015113
vt 0.941953 0.014733
vt 0.975863 0.594815
vt 0.973073 0.594462
vt 0.128029 0.852621
vt 0.130927 0.851928
vt 0.789597 0.642832
vt 0.792355 0.642888
vt 0.944924 0.017455
vt 0.941716 0.017041
vt 0.974999 0.597334
vt 0.971964 0.596950
vt 0.127498 0.850443
vt 0.130651 0.849689
vt 0.787923 0.638063
vt 0.791161 0.638729
vt 0.944973 0.020976
vt 0.941346 0.020513
vt 0.973678 0.601146
vt 0.970095 0.601236
vt 0.126588 0.846652
vt 0.130154 0.845804
vt 0.788096 0.634228
vt 0.791593 0.635571
vt 0.944772 0.024814
vt 0.940856 0.024320
vt 0.974144 0.604235
vt 0.970252 0.604892
vt 0.125535 0.842362
vt 0.129385 0.841452
vt 0.788274 0.630590
vt 0.792035 0.632034
vt 0.944542 0.029060
vt 0.940331 0.028528
vt 0.974609 0.607665
vt 0.970424 0.608372
vt 0.124521 0.838278
vt 0.128661 0.837300
vt 0.946337 0.365510
vt 0.951276 0.366767
vt 0.945883 0.373000
vt 0.788458 0.626854
vt 0.792490 0.628402
vt 0.944305 0.033422
vt 0.939790 0.032852
vt 0.900746 0.858905
vt 0.893239 0.858857
vt 0.896321 0.852157
vt 0.909356 0.163353
vt 0.910107 0.157549
vt 0.919349 0.163535
vt 0.975088 0.611188
vt 0.970601 0.611946
vt 0.123478 0.834083
vt 0.127917 0.833035
vt 0.669458 0.753106
vt 0.673598 0.738918
vt 0.676398 0.749050
vt 0.709064 0.806401
vt 0.701847 0.794196
vt 0.711247 0.800238
vt 0.788646 0.623004
vt 0.792958 0.624660
vt 0.944062 0.037915
vt 0.939234 0.037305
vt 0.975581 0.614818
vt 0.970783 0.615628
vt 0.122405 0.829762
vt 0.127151 0.828641
vt 0.788842 0.619026
vt 0.793441 0.620792
vt 0.943810 0.042558
vt 0.938659 0.041908
vt 0.976090 0.618569
vt 0.970972 0.619433
vt 0.121295 0.825296
vt 0.126359 0.824099
vt 0.789044 0.614897
vt 0.793943 0.616779
vt 0.943548 0.047377
vt 0.938063 0.046685
vt 0.976619 0.622462
vt 0.971167 0.623383
vt 0.120144 0.820661
vt 0.125537 0.819387
vt 0.894657 0.911746
vt 0.894837 0.924007
vt 0.886975 0.910441
vt 0.789255 0.610590
vt 0.794467 0.612591
vt 0.943276 0.052405
vt 0.937440 0.051668
vt 0.044505 0.553689
vt 0.053682 0.552779
vt 0.035872 0.564854
vt 0.977171 0.626524
vt 0.971371 0.627503
vt 0.118942 0.815825
vt 0.124679 0.814469
vt 0.789478 0.606063
vt 0.795018 0.608190
vt 0.942989 0.057689
vt 0.936786 0.056906
vt 0.977751 0.630792
vt 0.971586 0.631833
vt 0.117680 0.810743
vt 0.123778 0.809302
vt 0.279938 0.629545
vt 0.270770 0.628747
vt 0.262002 0.617588
vt 0.789713 0.601258
vt 0.795602 0.603520
vt 0.952882 0.655083
vt 0.958548 0.639590
vt 0.968953 0.639500
vt 0.942685 0.063297
vt 0.936091 0.062465
vt 0.893779 0.980781
vt 0.891312 0.989507
vt 0.886830 0.986166
vt 0.976954 0.234588
vt 0.975142 0.237748
vt 0.970631 0.237438
vt 0.978366 0.635322
vt 0.971813 0.636429
vt 0.116340 0.805349
vt 0.122822 0.803818
vt 0.789967 0.596080
vt 0.796231 0.598485
vt 0.942357 0.069342
vt 0.935343 0.068456
vt 0.979029 0.640205
vt 0.972059 0.641382
vt 0.114895 0.799536
vt 0.121791 0.797906
vt 0.893779 0.994804
vt 0.790248 0.590352
vt 0.796928 0.592917
vt 0.941995 0.076028
vt 0.934515 0.075083
vt 0.979763 0.645606
vt 0.972330 0.646861
vt 0.113298 0.793105
vt 0.120651 0.791368
vt 0.790577 0.583658
vt 0.797742 0.586409
vt 0.980620 0.651918
vt 0.972647 0.653265
vt 0.111431 0.785590
vt 0.119318 0.783726
vt 0.946268 0.167867
vt 0.955261 0.168745
vt 0.955118 0.178011
vt 0.945711 0.177093
vt 0.982767 0.893832
vt 0.974281 0.896288
vt 0.973891 0.888570
vt 0.982767 0.886002
vt 0.969652 0.906835
vt 0.960714 0.907511
vt 0.960423 0.898280
vt 0.969771 0.897573
vt 0.117818 0.769633
vt 0.108665 0.767469
vt 0.110158 0.761564
vt 0.119732 0.763827
vt 0.954971 0.187490
vt 0.945142 0.186531
vt 0.973492 0.880675
vt 0.982767 0.877991
vt 0.960125 0.888837
vt 0.969894 0.888097
vt 0.988304 0.199004
vt 0.982729 0.199414
vt 0.990694 0.195739
vt 0.111686 0.755523
vt 0.121690 0.757888
vt 0.954821 0.197220
vt 0.944557 0.196218
vt 0.973082 0.872571
vt 0.982767 0.869769
vt 0.959819 0.879144
vt 0.970019 0.878371
vt 0.859322 0.210642
vt 0.857625 0.202625
vt 0.860460 0.206098
vt 0.113254 0.749322
vt 0.123700 0.751791
vt 0.954666 0.207250
vt 0.943955 0.206204
vt 0.972660 0.864217
vt 0.982767 0.861292
vt 0.959504 0.869151
vt 0.970149 0.868345
vt 0.220449 0.952786
vt 0.222539 0.953718
vt 0.223679 0.958256
vt 0.114870 0.742929
vt 0.125772 0.745507
vt 0.954505 0.217655
vt 0.943330 0.216564
vt 0.972222 0.855551
vt 0.982767 0.852500
vt 0.959177 0.858785
vt 0.970283 0.857944
vt 0.052833 0.534152
vt 0.056552 0.536711
vt 0.054477 0.547501
vt 0.116546 0.736298
vt 0.127921 0.738987
vt 0.954337 0.228549
vt 0.942675 0.227410
vt 0.283052 0.645778
vt 0.279337 0.648336
vt 0.280813 0.634879
vt 0.971763 0.846477
vt 0.982767 0.843293
vt 0.958835 0.847932
vt 0.970424 0.847054
vt 0.118302 0.729356
vt 0.130171 0.732161
vt 0.954158 0.240138
vt 0.941979 0.238949
vt 0.216234 0.976707
vt 0.216234 0.992108
vt 0.207097 0.983827
vt 0.999368 0.696643
vt 0.999368 0.714867
vt 0.995170 0.707211
vt 0.971275 0.836824
vt 0.982767 0.833499
vt 0.958470 0.836386
vt 0.970574 0.835469
vt 0.120169 0.721969
vt 0.132565 0.724900
vt 0.956692 0.254304
vt 0.941213 0.251645
vt 0.970739 0.826203
vt 0.982767 0.822723
vt 0.958070 0.823682
vt 0.970739 0.822723
vt 0.956692 0.253524
vt 0.959414 0.241900
vt 0.968393 0.240122
vt 0.968393 0.253249
vt 0.061874 0.966648
vt 0.063183 0.967034
vt 0.063183 0.968884
vt 0.061590 0.968415
vt 0.102626 0.967677
vt 0.104193 0.967568
vt 0.104390 0.969152
vt 0.102484 0.969284
vt 0.355728 0.936827
vt 0.356471 0.938119
vt 0.354893 0.938926
vt 0.353990 0.937355
vt 0.237890 0.996910
vt 0.236317 0.996910
vt 0.236071 0.995604
vt 0.237985 0.995604
vt 0.063183 0.970861
vt 0.061287 0.970303
vt 0.104600 0.970843
vt 0.102332 0.971000
vt 0.353208 0.939788
vt 0.352134 0.937918
vt 0.235809 0.994209
vt 0.238086 0.994209
vt 0.063183 0.973007
vt 0.060958 0.972352
vt 0.957952 0.805429
vt 0.972741 0.809818
vt 0.963968 0.822177
vt 0.104828 0.972679
vt 0.102166 0.972864
vt 0.351379 0.940724
vt 0.350118 0.938530
vt 0.235523 0.992694
vt 0.238195 0.992694
vt 0.063183 0.975405
vt 0.060591 0.974642
vt 0.105083 0.974731
vt 0.101982 0.974946
vt 0.271892 0.887190
vt 0.275580 0.895100
vt 0.258141 0.895248
vt 0.349334 0.941771
vt 0.347865 0.939213
vt 0.235205 0.991002
vt 0.238318 0.991002
vt 0.063183 0.978254
vt 0.060154 0.977362
vt 0.384512 0.923703
vt 0.370237 0.925138
vt 0.385333 0.914703
vt 0.105386 0.977169
vt 0.101762 0.977420
vt 0.944308 0.452103
vt 0.938803 0.442573
vt 0.957833 0.451304
vt 0.346906 0.943013
vt 0.345189 0.940025
vt 0.234826 0.988991
vt 0.238464 0.988991
vt 0.105153 0.931760
vt 0.100655 0.932543
vt 0.978646 0.577708
vt 0.977918 0.573786
vt 0.982482 0.574506
vt 0.982482 0.579589
vt 0.016489 0.890519
vt 0.016609 0.886286
vt 0.013792 0.893419
vt 0.018009 0.895765
vt 0.356471 0.963098
vt 0.355919 0.963409
vt 0.354986 0.962265
vt 0.355721 0.961852
vt 0.192760 0.947204
vt 0.193343 0.947424
vt 0.193343 0.948725
vt 0.192566 0.948431
vt 0.996258 0.498267
vt 0.995592 0.498278
vt 0.995555 0.496846
vt 0.996442 0.496831
vt 0.204122 0.963035
vt 0.207097 0.974690
vt 0.202043 0.975102
vt 0.000000 0.869955
vt 0.000432 0.869503
vt 0.001233 0.870544
vt 0.000658 0.871147
vt 0.354007 0.961067
vt 0.354935 0.960545
vt 0.193343 0.950089
vt 0.192363 0.949718
vt 0.995516 0.495345
vt 0.996635 0.495326
vt 0.002074 0.871635
vt 0.001349 0.872396
vt 0.352976 0.959802
vt 0.354107 0.959167
vt 0.193343 0.951528
vt 0.192148 0.951076
vt 0.995475 0.493762
vt 0.996838 0.493739
vt 0.208930 0.879862
vt 0.209979 0.875037
vt 0.213353 0.882832
vt 0.002961 0.872787
vt 0.002077 0.873713
vt 0.010306 0.946024
vt 0.006306 0.946482
vt 0.009955 0.933903
vt 0.351879 0.958459
vt 0.353226 0.957702
vt 0.193343 0.953057
vt 0.191920 0.952519
vt 0.995431 0.492079
vt 0.997055 0.492052
vt 0.003903 0.874010
vt 0.002850 0.875113
vt 0.350701 0.957016
vt 0.352280 0.956129
vt 0.193343 0.954699
vt 0.191676 0.954068
vt 0.888720 0.553904
vt 0.892080 0.547430
vt 0.890829 0.559265
vt 0.995384 0.490272
vt 0.997287 0.490241
vt 0.004915 0.875324
vt 0.003681 0.876617
vt 0.349418 0.955444
vt 0.351249 0.954415
vt 0.193343 0.956487
vt 0.191409 0.955756
vt 0.788365 0.950374
vt 0.789778 0.945577
vt 0.791515 0.957252
vt 0.995333 0.488304
vt 0.997540 0.488267
vt 0.006017 0.876755
vt 0.004586 0.878255
vt 0.885142 0.974573
vt 0.890117 0.976646
vt 0.888548 0.980781
vt 0.347990 0.953693
vt 0.350101 0.952507
vt 0.193343 0.958479
vt 0.191112 0.957635
vt 0.995276 0.486112
vt 0.997822 0.486069
vt 0.007245 0.878349
vt 0.005594 0.880079
vt 0.346338 0.951669
vt 0.348775 0.950301
vt 0.193343 0.960782
vt 0.190769 0.959808
vt 0.995210 0.483578
vt 0.998147 0.483529
vt 0.305111 0.993787
vt 0.311808 0.995171
vt 0.305693 0.996623
vt 0.519158 0.875736
vt 0.511232 0.909782
vt 0.502713 0.871889
vt 0.617907 0.751411
vt 0.612872 0.747791
vt 0.622519 0.748123
vt 0.008664 0.880192
vt 0.006760 0.882187
vt 0.344271 0.949136
vt 0.347114 0.947539
vt 0.193343 0.963664
vt 0.190340 0.962528
vt 0.094406 0.818965
vt 0.105187 0.818392
vt 0.099380 0.831386
vt 0.920192 0.943550
vt 0.923719 0.934566
vt 0.927708 0.935198
vt 0.891371 0.971609
vt 0.893779 0.977060
vt 0.010441 0.882498
vt 0.008219 0.884827
vt 0.030379 0.824926
vt 0.032128 0.825779
vt 0.031310 0.827691
vt 0.029450 0.826785
vt 0.444724 0.836092
vt 0.442779 0.836101
vt 0.442656 0.834052
vt 0.444724 0.834043
vt 0.974755 0.075380
vt 0.973013 0.076226
vt 0.972122 0.074371
vt 0.973974 0.073471
vt 0.034217 0.923946
vt 0.036168 0.923961
vt 0.036189 0.925989
vt 0.034114 0.925973
vt 0.030473 0.829648
vt 0.028500 0.828686
vt 0.442530 0.831956
vt 0.444724 0.831946
vt 0.971211 0.072472
vt 0.973176 0.071517
vt 0.036210 0.928064
vt 0.034009 0.928047
vt 0.029616 0.831654
vt 0.027526 0.830636
vt 0.673101 0.887896
vt 0.673974 0.897778
vt 0.661497 0.891345
vt 0.442401 0.829806
vt 0.444724 0.829795
vt 0.970277 0.070525
vt 0.972357 0.069514
vt 0.036232 0.930192
vt 0.033901 0.930174
vt 0.822035 0.366260
vt 0.834323 0.361180
vt 0.834373 0.378713
vt 0.028734 0.833717
vt 0.026525 0.832641
vt 0.442268 0.827596
vt 0.444724 0.827584
vt 0.969316 0.068524
vt 0.971515 0.067455
vt 0.684405 0.884211
vt 0.036255 0.932379
vt 0.033790 0.932361
vt 0.796373 0.976426
vt 0.790372 0.987569
vt 0.786829 0.970371
vt 0.105187 0.805497
vt 0.723705 0.980365
vt 0.731218 0.977139
vt 0.731218 0.994702
vt 0.671928 0.877778
vt 0.095420 0.806309
vt 0.844827 0.349411
vt 0.844827 0.378412
vt 0.027823 0.835846
vt 0.025491 0.834709
vt 0.442131 0.825315
vt 0.444724 0.825303
vt 0.968324 0.066458
vt 0.970647 0.065329
vt 0.036278 0.934637
vt 0.033675 0.934617
vt 0.026880 0.838053
vt 0.024420 0.836854
vt 0.441988 0.822950
vt 0.444724 0.822938
vt 0.967297 0.064317
vt 0.969746 0.063126
vt 0.036302 0.936977
vt 0.033557 0.936956
vt 0.025896 0.840354
vt 0.023302 0.839090
vt 0.441840 0.820485
vt 0.444724 0.820471
vt 0.585483 0.456898
vt 0.586660 0.481645
vt 0.575540 0.486802
vt 0.966225 0.062084
vt 0.968807 0.060829
vt 0.036327 0.939417
vt 0.033433 0.939395
vt 0.024861 0.842775
vt 0.022127 0.841442
vt 0.117244 0.613414
vt 0.105526 0.618260
vt 0.118829 0.601441
vt 0.441684 0.817891
vt 0.444724 0.817877
vt 0.965097 0.059735
vt 0.967819 0.058412
vt 0.036353 0.941984
vt 0.033303 0.941961
vt 0.023758 0.845353
vt 0.020875 0.843948
vt 0.441518 0.815128
vt 0.444725 0.815113
vt 0.777812 0.054461
vt 0.776461 0.047326
vt 0.778428 0.047932
vt 0.963896 0.057233
vt 0.966767 0.055838
vt 0.729719 0.327522
vt 0.730192 0.315123
vt 0.731922 0.326293
vt 0.036381 0.944719
vt 0.033164 0.944694
vt 0.022558 0.848162
vt 0.019512 0.846677
vt 0.441337 0.812119
vt 0.444725 0.812103
vt 0.962588 0.054508
vt 0.965621 0.053034
vt 0.036412 0.947697
vt 0.033013 0.947671
vt 0.943859 0.275346
vt 0.941974 0.279992
vt 0.942225 0.273994
vt 0.440935 0.809018
vt 0.444725 0.808669
vt 0.961096 0.051399
vt 0.964314 0.049835
vt 0.036447 0.951095
vt 0.032841 0.951067
vt 0.016370 0.859701
vt 0.020606 0.858850
vt 0.021721 0.863263
vt 0.017051 0.864201
vt 0.036447 0.959096
vt 0.040411 0.957381
vt 0.041875 0.960840
vt 0.037505 0.962730
vt 0.963463 0.041946
vt 0.959240 0.041083
vt 0.959965 0.036599
vt 0.964620 0.037551
vt 0.986636 0.862022
vt 0.990829 0.863041
vt 0.990589 0.866387
vt 0.985967 0.865264
vt 0.022893 0.867903
vt 0.017767 0.868934
vt 0.505454 0.945170
vt 0.508816 0.944777
vt 0.507124 0.946130
vt 0.043415 0.964477
vt 0.038618 0.966552
vt 0.960727 0.031884
vt 0.965837 0.032929
vt 0.990337 0.869907
vt 0.985264 0.868674
vt 0.024142 0.872847
vt 0.018530 0.873975
vt 0.063202 0.745095
vt 0.056982 0.741637
vt 0.061542 0.740448
vt 0.045056 0.968351
vt 0.039803 0.970623
vt 0.961538 0.026862
vt 0.967133 0.028006
vt 0.990069 0.873655
vt 0.984514 0.872305
vt 0.025501 0.878229
vt 0.019360 0.879463
vt 0.046842 0.972569
vt 0.041094 0.975056
vt 0.962422 0.021394
vt 0.968545 0.022646
vt 0.614183 0.901750
vt 0.617963 0.895380
vt 0.627753 0.899287
vt 0.816515 0.242415
vt 0.816300 0.236437
vt 0.824451 0.236861
vt 0.989777 0.877737
vt 0.983698 0.876260
vt 0.048898 0.978390
vt 0.042566 0.980111
vt 0.963430 0.015158
vt 0.970154 0.016533
vt 0.047556 0.927922
vt 0.048898 0.928740
vt 0.048379 0.930412
vt 0.046934 0.929531
vt 0.997178 0.119452
vt 0.998887 0.119614
vt 0.998911 0.121089
vt 0.997070 0.120914
vt 0.881536 0.270549
vt 0.883217 0.270407
vt 0.883217 0.272047
vt 0.881406 0.272200
vt 0.883461 0.338803
vt 0.881749 0.338962
vt 0.881616 0.337525
vt 0.883461 0.337354
vt 0.047847 0.932128
vt 0.046295 0.931182
vt 0.998935 0.122601
vt 0.996959 0.122414
vt 0.883216 0.273728
vt 0.881273 0.273893
vt 0.881481 0.336052
vt 0.883461 0.335867
vt 0.790534 0.987569
vt 0.790534 0.998152
vt 0.786829 0.992312
vt 0.047300 0.933893
vt 0.045639 0.932880
vt 0.181847 0.818647
vt 0.176705 0.810251
vt 0.186565 0.818306
vt 0.998961 0.124157
vt 0.996845 0.123957
vt 0.883217 0.275458
vt 0.881136 0.275634
vt 0.881341 0.334536
vt 0.883461 0.334339
vt 0.046736 0.935713
vt 0.044961 0.934632
vt 0.492572 0.957604
vt 0.494995 0.954830
vt 0.493712 0.962461
vt 0.998987 0.125762
vt 0.996727 0.125548
vt 0.834126 0.546059
vt 0.833065 0.536998
vt 0.839965 0.547247
vt 0.883217 0.277242
vt 0.880994 0.277430
vt 0.881197 0.332972
vt 0.883461 0.332762
vt 0.046151 0.937599
vt 0.044260 0.936446
vt 0.999014 0.127424
vt 0.996605 0.127196
vt 0.883216 0.279090
vt 0.880848 0.279291
vt 0.881048 0.331353
vt 0.883461 0.331129
vt 0.045543 0.939562
vt 0.043530 0.938335
vt 0.999042 0.129155
vt 0.996478 0.128912
vt 0.883216 0.281014
vt 0.880696 0.281227
vt 0.880893 0.329667
vt 0.883461 0.329428
vt 0.830878 0.865455
vt 0.833915 0.865566
vt 0.833898 0.873983
vt 0.044905 0.941619
vt 0.042764 0.940314
vt 0.444734 0.467577
vt 0.444070 0.466339
vt 0.444734 0.463848
vt 0.999071 0.130968
vt 0.996345 0.130710
vt 0.883216 0.283030
vt 0.880536 0.283257
vt 0.880730 0.327900
vt 0.883461 0.327646
vt 0.044230 0.943796
vt 0.041954 0.942408
vt 0.999102 0.132887
vt 0.996204 0.132613
vt 0.883216 0.285163
vt 0.880367 0.285405
vt 0.880558 0.326031
vt 0.883461 0.325761
vt 0.043506 0.946132
vt 0.041085 0.944656
vt 0.999136 0.134947
vt 0.996053 0.134655
vt 0.660868 0.798907
vt 0.649450 0.788683
vt 0.660868 0.772460
vt 0.883217 0.287453
vt 0.880185 0.287710
vt 0.880373 0.324024
vt 0.883461 0.323737
vt 0.042709 0.948703
vt 0.040129 0.947130
vt 0.999172 0.137213
vt 0.995887 0.136902
vt 0.883217 0.289973
vt 0.879986 0.290246
vt 0.880169 0.321817
vt 0.883461 0.321510
vt 0.041785 0.951681
vt 0.039020 0.949996
vt 0.999215 0.139839
vt 0.995694 0.139506
vt 0.176186 0.805268
vt 0.180762 0.799635
vt 0.187047 0.800033
vt 0.879986 0.318907
vt 0.883461 0.318930
vt 0.091902 0.916869
vt 0.091998 0.909201
vt 0.100116 0.910879
vt 0.791296 0.378713
vt 0.797903 0.383645
vt 0.794015 0.389792
vt 0.787041 0.384585
vt 0.959135 0.148959
vt 0.967354 0.148399
vt 0.967715 0.155720
vt 0.959039 0.156311
vt 0.256634 0.978828
vt 0.248396 0.979360
vt 0.247937 0.972131
vt 0.256634 0.971569
vt 0.351565 0.551503
vt 0.385839 0.557163
vt 0.373643 0.565744
vt 0.092097 0.901340
vt 0.100654 0.903109
vt 0.571021 0.067765
vt 0.579546 0.070587
vt 0.558951 0.078895
vt 0.790030 0.396094
vt 0.782679 0.390605
vt 0.968085 0.163226
vt 0.958940 0.163849
vt 0.549680 0.508782
vt 0.544034 0.507829
vt 0.548706 0.500533
vt 0.486945 0.447018
vt 0.491338 0.458357
vt 0.472890 0.441995
vt 0.247467 0.964720
vt 0.256634 0.964129
vt 0.092199 0.893256
vt 0.101207 0.895118
vt 0.879858 0.822907
vt 0.877867 0.818705
vt 0.879858 0.810471
vt 0.785932 0.402575
vt 0.778192 0.396796
vt 0.354575 0.535310
vt 0.968465 0.170945
vt 0.958838 0.171601
vt 0.246983 0.957099
vt 0.256634 0.956476
vt 0.092305 0.884908
vt 0.101778 0.886866
vt 0.781700 0.409266
vt 0.773560 0.403189
vt 0.968858 0.178915
vt 0.958732 0.179605
vt 0.246484 0.949231
vt 0.256634 0.948575
vt 0.092414 0.876243
vt 0.102371 0.878301
vt 0.777307 0.416213
vt 0.768752 0.409825
vt 0.969266 0.187189
vt 0.958623 0.187914
vt 0.245966 0.941062
vt 0.256634 0.940373
vt 0.092528 0.867179
vt 0.102991 0.869341
vt 0.772712 0.423479
vt 0.763722 0.416767
vt 0.969692 0.195843
vt 0.958509 0.196605
vt 0.245423 0.932517
vt 0.256634 0.931793
vt 0.444977 0.638002
vt 0.460187 0.652590
vt 0.453131 0.670991
vt 0.378903 0.980006
vt 0.385333 0.972850
vt 0.385333 0.997587
vt 0.092649 0.857588
vt 0.103648 0.859861
vt 0.767850 0.431168
vt 0.758399 0.424112
vt 0.970144 0.205000
vt 0.958388 0.205801
vt 0.244850 0.923476
vt 0.256634 0.922715
vt 0.092779 0.847239
vt 0.104356 0.849631
vt 0.762603 0.439464
vt 0.752657 0.432037
vt 0.970631 0.214881
vt 0.958258 0.215724
vt 0.244231 0.913720
vt 0.256634 0.912920
vt 0.092926 0.835600
vt 0.105153 0.838127
vt 0.858954 0.902674
vt 0.843572 0.907144
vt 0.837520 0.900604
vt 0.756703 0.448794
vt 0.743817 0.441096
vt 0.830359 0.696210
vt 0.827879 0.691119
vt 0.831011 0.691299
vt 0.244245 0.901559
vt 0.256634 0.901903
vt 0.217856 0.706145
vt 0.217074 0.706189
vt 0.216496 0.703332
vt 0.217548 0.703272
vt 0.866108 0.577808
vt 0.865321 0.577863
vt 0.864819 0.574792
vt 0.865877 0.574718
vt 0.908259 0.298080
vt 0.915590 0.301313
vt 0.911170 0.301913
vt 0.858167 0.583658
vt 0.858954 0.583711
vt 0.858693 0.586674
vt 0.857636 0.586601
vt 0.879120 0.583658
vt 0.879910 0.583724
vt 0.879690 0.586673
vt 0.878628 0.586584
vt 0.215906 0.700410
vt 0.217233 0.700335
vt 0.864305 0.571652
vt 0.865640 0.571559
vt 0.858427 0.589702
vt 0.857092 0.589612
vt 0.917994 0.352262
vt 0.913022 0.351587
vt 0.918740 0.344915
vt 0.879465 0.589688
vt 0.878124 0.589575
vt 0.215302 0.697420
vt 0.216911 0.697329
vt 0.863779 0.568438
vt 0.865398 0.568325
vt 0.338644 0.963631
vt 0.340047 0.969077
vt 0.336895 0.971201
vt 0.792011 0.666435
vt 0.787923 0.663194
vt 0.792011 0.662036
vt 0.833046 0.993303
vt 0.832438 0.997954
vt 0.830930 0.989308
vt 0.858154 0.592803
vt 0.856536 0.592693
vt 0.879234 0.592774
vt 0.877609 0.592637
vt 0.214682 0.694355
vt 0.216581 0.694247
vt 0.822258 0.925276
vt 0.824535 0.925863
vt 0.824390 0.929379
vt 0.863241 0.565144
vt 0.865150 0.565011
vt 0.822108 0.932424
vt 0.822216 0.930681
vt 0.824444 0.931831
vt 0.802780 0.996231
vt 0.804969 0.995104
vt 0.797903 0.992167
vt 0.804969 0.978036
vt 0.857874 0.595981
vt 0.855966 0.595851
vt 0.966730 0.517780
vt 0.966877 0.516669
vt 0.969011 0.517194
vt 0.817016 0.294709
vt 0.818071 0.291081
vt 0.817802 0.297073
vt 0.878997 0.595937
vt 0.877080 0.595776
vt 0.965961 0.514693
vt 0.444070 0.469000
vt 0.444773 0.467577
vt 0.444774 0.470985
vt 0.819525 0.294642
vt 0.820173 0.296649
vt 0.820524 0.291220
vt 0.000000 0.000000
vt 0.444774 0.474160
vt 0.444151 0.472996
vt 0.214047 0.691209
vt 0.216242 0.691085
vt 0.862688 0.561763
vt 0.864895 0.561609
vt 0.820177 0.926309
vt 0.819317 0.928316
vt 0.218037 0.564582
vt 0.219013 0.564151
vt 0.219013 0.566803
vt 0.857587 0.599242
vt 0.855381 0.599092
vt 0.878755 0.599183
vt 0.876538 0.598997
vt 0.213394 0.687976
vt 0.215893 0.687835
vt 0.862119 0.558289
vt 0.864634 0.558113
vt 0.857292 0.602594
vt 0.854780 0.602423
vt 0.878505 0.602520
vt 0.875981 0.602307
vt 0.212721 0.684647
vt 0.215534 0.684488
vt 0.990592 0.806803
vt 0.996763 0.803581
vt 0.996763 0.820913
vt 0.861534 0.554711
vt 0.864364 0.554513
vt 0.856988 0.606045
vt 0.854161 0.605852
vt 0.878249 0.605955
vt 0.875407 0.605716
vt 0.826172 0.990129
vt 0.826932 0.996220
vt 0.822137 0.991478
vt 0.212027 0.681213
vt 0.215164 0.681035
vt 0.860931 0.551020
vt 0.864086 0.550799
vt 0.856675 0.609606
vt 0.853522 0.609391
vt 0.877984 0.609500
vt 0.874816 0.609233
vt 0.211310 0.677662
vt 0.214781 0.677465
vt 0.860307 0.547203
vt 0.863799 0.546959
vt 0.856351 0.613287
vt 0.852861 0.613049
vt 0.977725 0.564974
vt 0.977725 0.576475
vt 0.974910 0.569213
vt 0.765696 0.888650
vt 0.763389 0.885072
vt 0.769268 0.889416
vt 0.842778 0.181083
vt 0.851921 0.177772
vt 0.849284 0.181871
vt 0.877710 0.613164
vt 0.874204 0.612869
vt 0.210566 0.673981
vt 0.214385 0.673765
vt 0.859660 0.543247
vt 0.863501 0.542979
vt 0.856015 0.617103
vt 0.852177 0.616842
vt 0.877426 0.616963
vt 0.873569 0.616638
vt 0.209793 0.670154
vt 0.213972 0.669918
vt 0.858987 0.539134
vt 0.863191 0.538841
vt 0.855666 0.621071
vt 0.851465 0.620785
vt 0.877131 0.620912
vt 0.872910 0.620557
vt 0.208986 0.666161
vt 0.213542 0.665903
vt 0.858285 0.534843
vt 0.862868 0.534522
vt 0.855302 0.625211
vt 0.850722 0.624899
vt 0.876823 0.625033
vt 0.872222 0.624646
vt 0.610656 0.997457
vt 0.605476 0.990339
vt 0.610656 0.984193
vt 0.595044 0.904034
vt 0.587046 0.902663
vt 0.586434 0.887274
vt 0.208140 0.661976
vt 0.213091 0.661696
vt 0.198405 0.838805
vt 0.202117 0.828590
vt 0.215602 0.830372
vt 0.857549 0.530345
vt 0.862529 0.529997
vt 0.854920 0.629549
vt 0.849944 0.629210
vt 0.876500 0.629351
vt 0.871500 0.628930
vt 0.207250 0.657569
vt 0.212616 0.657265
vt 0.908288 0.014699
vt 0.919141 0.000000
vt 0.927844 0.009864
vt 0.856775 0.525608
vt 0.862172 0.525231
vt 0.579852 0.906631
vt 0.854518 0.634119
vt 0.849124 0.633751
vt 0.876160 0.633900
vt 0.870741 0.633444
vt 0.206305 0.652895
vt 0.212112 0.652567
vt 0.855953 0.520585
vt 0.861794 0.520177
vt 0.854092 0.638964
vt 0.848255 0.638566
vt 0.875799 0.638723
vt 0.869935 0.638229
vt 0.762272 0.676061
vt 0.776296 0.680479
vt 0.768206 0.682806
vt 0.510033 0.719549
vt 0.506065 0.720963
vt 0.506721 0.718162
vt 0.205296 0.647898
vt 0.211573 0.647543
vt 0.855075 0.515215
vt 0.861389 0.514773
vt 0.863870 0.279619
vt 0.856279 0.279292
vt 0.853783 0.270902
vt 0.853636 0.644145
vt 0.847326 0.643715
vt 0.875414 0.643880
vt 0.869074 0.643346
vt 0.204204 0.642494
vt 0.210991 0.642110
vt 0.854125 0.509407
vt 0.860952 0.508930
vt 0.853143 0.649748
vt 0.846321 0.649283
vt 0.874997 0.649457
vt 0.868143 0.648880
vt 0.203004 0.636557
vt 0.210351 0.636141
vt 0.508131 0.731125
vt 0.502839 0.729978
vt 0.502412 0.723431
vt 0.219483 0.509089
vt 0.217971 0.505279
vt 0.219483 0.501549
vt 0.853081 0.503026
vt 0.860471 0.502509
vt 0.852601 0.655903
vt 0.845216 0.655400
vt 0.874539 0.655584
vt 0.867119 0.654959
vt 0.201654 0.629874
vt 0.209631 0.629423
vt 0.851907 0.495844
vt 0.859930 0.495283
vt 0.840007 0.310471
vt 0.844515 0.320665
vt 0.841195 0.321983
vt 0.851992 0.662831
vt 0.843973 0.662285
vt 0.874024 0.662480
vt 0.865968 0.661802
vt 0.051501 0.918816
vt 0.054856 0.914175
vt 0.061574 0.912519
vt 0.200071 0.622037
vt 0.208786 0.621544
vt 0.850529 0.487421
vt 0.859296 0.486808
vt 0.851277 0.670956
vt 0.842516 0.670359
vt 0.873419 0.670568
vt 0.864617 0.669827
vt 0.198043 0.612004
vt 0.207705 0.611458
vt 0.848766 0.476638
vt 0.858484 0.475959
vt 0.850362 0.681358
vt 0.840650 0.680696
vt 0.872645 0.680922
vt 0.862888 0.680100
vt 0.193428 0.588569
vt 0.205291 0.588962
vt 0.844827 0.452587
vt 0.856741 0.452725
vt 0.920271 0.107200
vt 0.914885 0.101793
vt 0.918758 0.098269
vt 0.848392 0.703635
vt 0.836472 0.703874
vt 0.870910 0.704139
vt 0.858954 0.704097
vt 0.194373 0.576739
vt 0.206394 0.578252
vt 0.024723 0.903667
vt 0.032116 0.904882
vt 0.030971 0.917911
vt 0.845615 0.441486
vt 0.857698 0.442641
vt 0.849469 0.713376
vt 0.837392 0.714722
vt 0.871859 0.715275
vt 0.859733 0.716242
vt 0.195288 0.565848
vt 0.207508 0.567386
vt 0.846413 0.430224
vt 0.858696 0.431399
vt 0.850594 0.724232
vt 0.838317 0.725600
vt 0.872815 0.726441
vt 0.860488 0.727424
vt 0.775886 0.985172
vt 0.782008 0.984353
vt 0.782008 0.994373
vt 0.196211 0.554852
vt 0.208633 0.556415
vt 0.750167 0.913295
vt 0.746971 0.909507
vt 0.753177 0.913761
vt 0.521239 0.993911
vt 0.525462 0.994897
vt 0.526007 0.998800
vt 0.847218 0.418854
vt 0.859703 0.420048
vt 0.187265 0.987934
vt 0.193227 0.988509
vt 0.191876 0.998080
vt 0.851731 0.735192
vt 0.839251 0.736583
vt 0.873779 0.737714
vt 0.861249 0.738713
vt 0.197145 0.543735
vt 0.209771 0.545324
vt 0.848032 0.407359
vt 0.860722 0.408573
vt 0.852880 0.746273
vt 0.840195 0.747687
vt 0.874755 0.749111
vt 0.862018 0.750127
vt 0.198091 0.532475
vt 0.210923 0.534089
vt 0.753406 0.934833
vt 0.754937 0.924932
vt 0.758071 0.934895
vt 0.848856 0.395716
vt 0.861754 0.396949
vt 0.047287 0.888688
vt 0.050208 0.884902
vt 0.055253 0.886262
vt 0.854043 0.757497
vt 0.841151 0.758934
vt 0.875742 0.760656
vt 0.862798 0.761688
vt 0.199051 0.521040
vt 0.212093 0.522681
vt 0.849693 0.383892
vt 0.862802 0.385145
vt 0.855225 0.768895
vt 0.842123 0.770355
vt 0.876745 0.772379
vt 0.863590 0.773429
vt 0.200030 0.509381
vt 0.213285 0.511049
vt 0.850547 0.371837
vt 0.863870 0.373111
vt 0.856430 0.780515
vt 0.843113 0.782000
vt 0.792011 0.664424
vt 0.796210 0.662036
vt 0.796210 0.666273
vt 0.877768 0.784332
vt 0.864397 0.785398
vt 0.201035 0.497416
vt 0.214510 0.499112
vt 0.851423 0.359465
vt 0.864967 0.360760
vt 0.857666 0.792442
vt 0.844129 0.793951
vt 0.878818 0.796599
vt 0.865225 0.797683
vt 0.202081 0.484961
vt 0.217856 0.486650
vt 0.333570 0.736161
vt 0.329816 0.736359
vt 0.332562 0.721137
vt 0.850632 0.344915
vt 0.866108 0.347903
vt 0.858954 0.804856
vt 0.845187 0.806390
vt 0.879910 0.809368
vt 0.866088 0.810471
vt 0.093703 0.692761
vt 0.079752 0.699683
vt 0.072013 0.685759
vt 0.087328 0.678161
vt 0.096483 0.766452
vt 0.100233 0.766784
vt 0.094406 0.771275
vt 0.742615 0.470231
vt 0.756842 0.464041
vt 0.763295 0.477946
vt 0.747678 0.484742
vt 0.304537 0.482795
vt 0.318529 0.489568
vt 0.312239 0.504217
vt 0.296880 0.496782
vt 0.838081 0.033850
vt 0.854168 0.049851
vt 0.837083 0.049484
vt 0.063752 0.670896
vt 0.080523 0.662576
vt 0.770183 0.492790
vt 0.753082 0.500231
vt 0.218801 0.768594
vt 0.208723 0.773379
vt 0.211778 0.769224
vt 0.207785 0.745377
vt 0.211024 0.743184
vt 0.214809 0.743259
vt 0.305525 0.519853
vt 0.288705 0.511711
vt 0.648856 0.295791
vt 0.653046 0.288114
vt 0.652477 0.300863
vt 0.854727 0.066575
vt 0.836018 0.066173
vt 0.054616 0.654457
vt 0.072997 0.645338
vt 0.777803 0.509208
vt 0.759059 0.517364
vt 0.298098 0.537149
vt 0.279664 0.528225
vt 0.855344 0.085073
vt 0.834839 0.084632
vt 0.043327 0.633934
vt 0.061142 0.619529
vt 0.789138 0.534223
vt 0.767587 0.541685
vt 0.287344 0.561551
vt 0.269434 0.547341
vt 0.856094 0.106335
vt 0.833235 0.107599
vt 0.957743 0.797897
vt 0.972741 0.800849
vt 0.327201 0.808173
vt 0.327201 0.792500
vt 0.336720 0.792246
vt 0.336720 0.808064
vt 0.766441 0.297874
vt 0.779608 0.290944
vt 0.781615 0.299208
vt 0.768326 0.306203
vt 0.648599 0.326142
vt 0.651389 0.316133
vt 0.652597 0.328231
vt 0.842652 0.160180
vt 0.854082 0.170918
vt 0.847810 0.177772
vt 0.834906 0.165731
vt 0.984942 0.043837
vt 0.977582 0.042815
vt 0.977055 0.038255
vt 0.984899 0.038018
vt 0.288890 0.882983
vt 0.281911 0.884797
vt 0.278645 0.880950
vt 0.285012 0.876358
vt 0.774202 0.322440
vt 0.781615 0.321909
vt 0.781123 0.330879
vt 0.773317 0.330110
vt 0.849281 0.951038
vt 0.856111 0.949479
vt 0.856182 0.955184
vt 0.848358 0.954572
vt 0.915620 0.515356
vt 0.925062 0.508680
vt 0.933129 0.518339
vt 0.976634 0.031321
vt 0.984907 0.031070
vt 0.834152 0.843281
vt 0.834557 0.812959
vt 0.844533 0.820572
vt 0.274997 0.876215
vt 0.281712 0.871373
vt 0.780657 0.337814
vt 0.772426 0.337003
vt 0.856077 0.960379
vt 0.847825 0.959735
vt 0.976200 0.024162
vt 0.984915 0.023897
vt 0.912282 0.499755
vt 0.908268 0.492974
vt 0.916605 0.489797
vt 0.191159 0.794923
vt 0.193099 0.777285
vt 0.193099 0.804417
vt 0.271231 0.871327
vt 0.278305 0.866227
vt 0.780178 0.344973
vt 0.771506 0.344118
vt 0.855968 0.965743
vt 0.847276 0.965063
vt 0.975749 0.016711
vt 0.984923 0.016433
vt 0.267312 0.866241
vt 0.274760 0.860871
vt 0.779678 0.352423
vt 0.770549 0.351524
vt 0.855855 0.971324
vt 0.846703 0.970609
vt 0.975272 0.008850
vt 0.984932 0.008557
vt 0.263177 0.860873
vt 0.271018 0.855219
vt 0.779151 0.360285
vt 0.769538 0.359337
vt 0.855735 0.977214
vt 0.846100 0.976461
vt 0.974755 0.000309
vt 0.984942 0.000000
vt 0.258684 0.855042
vt 0.268260 0.848070
vt 0.778910 0.369231
vt 0.766701 0.368183
vt 0.856182 0.985171
vt 0.845444 0.982819
vt 0.236425 0.398539
vt 0.219500 0.395719
vt 0.228803 0.374537
vt 0.243796 0.385140
vt 0.405288 0.596527
vt 0.420068 0.588009
vt 0.423386 0.602887
vt 0.407583 0.610172
vt 0.006856 0.131278
vt 0.023227 0.126167
vt 0.033458 0.136293
vt 0.021293 0.148176
vt 0.514432 0.400611
vt 0.497947 0.396367
vt 0.497018 0.374920
vt 0.514102 0.377708
vt 0.236827 0.357579
vt 0.252236 0.368476
vt 0.132565 0.971499
vt 0.136874 0.972096
vt 0.134997 0.985087
vt 0.427981 0.620964
vt 0.411741 0.628451
vt 0.046606 0.150494
vt 0.034104 0.162707
vt 0.219483 0.516258
vt 0.217980 0.511848
vt 0.495798 0.356317
vt 0.513356 0.359182
vt 0.245009 0.340289
vt 0.260841 0.351486
vt 0.432667 0.639395
vt 0.415979 0.647088
vt 0.060011 0.164974
vt 0.047165 0.177522
vt 0.494554 0.337349
vt 0.512595 0.340293
vt 0.253406 0.322542
vt 0.269674 0.334047
vt 0.437476 0.658313
vt 0.420330 0.666218
vt 0.073771 0.179836
vt 0.060572 0.192729
vt 0.493277 0.317880
vt 0.511815 0.320905
vt 0.280200 0.314975
vt 0.444070 0.678392
vt 0.424858 0.686132
vt 0.088095 0.195307
vt 0.074528 0.208560
vt 0.491948 0.297612
vt 0.511002 0.300722
vt 0.688188 0.629677
vt 0.714276 0.616999
vt 0.124275 0.253969
vt 0.095594 0.259208
vt 0.514337 0.274031
vt 0.491606 0.260116
vt 0.501684 0.242590
vt 0.526453 0.257753
vt 0.254437 0.257287
vt 0.283355 0.253319
vt 0.676742 0.610465
vt 0.705153 0.596658
vt 0.658959 0.920114
vt 0.655542 0.919990
vt 0.653685 0.914593
vt 0.128576 0.273393
vt 0.097342 0.279099
vt 0.512589 0.223626
vt 0.539564 0.240139
vt 0.250299 0.236417
vt 0.281793 0.232096
vt 0.661497 0.583522
vt 0.696146 0.578543
vt 0.132299 0.290636
vt 0.098842 0.301010
vt 0.990160 0.464457
vt 0.986769 0.462669
vt 0.992800 0.462482
vt 0.524924 0.202910
vt 0.558951 0.211113
vt 0.986939 0.468687
vt 0.244609 0.202687
vt 0.279625 0.202449
vt 0.666683 0.544660
vt 0.703291 0.551056
vt 0.145410 0.315514
vt 0.111658 0.331053
vt 0.130799 0.870032
vt 0.132565 0.865550
vt 0.132565 0.872342
vt 0.520729 0.170361
vt 0.557766 0.167368
vt 0.248165 0.160476
vt 0.285044 0.165042
vt 0.482995 0.989881
vt 0.480545 0.974709
vt 0.482995 0.972313
vt 0.671997 0.507846
vt 0.710775 0.514621
vt 0.161846 0.348736
vt 0.126093 0.365196
vt 0.125682 0.984922
vt 0.125682 0.993525
vt 0.121905 0.990994
vt 0.516663 0.133409
vt 0.555896 0.130239
vt 0.251391 0.124875
vt 0.290458 0.129712
vt 0.677547 0.469391
vt 0.718593 0.476562
vt 0.179015 0.383439
vt 0.141172 0.400861
vt 0.778063 0.970652
vt 0.779857 0.982842
vt 0.775886 0.981034
vt 0.512415 0.094811
vt 0.553943 0.091455
vt 0.254762 0.087689
vt 0.296113 0.092808
vt 0.683483 0.428262
vt 0.726954 0.435857
vt 0.197378 0.420555
vt 0.157299 0.439007
vt 0.507873 0.053528
vt 0.551854 0.049974
vt 0.258367 0.047916
vt 0.302161 0.053338
vt 0.690635 0.378713
vt 0.737027 0.386818
vt 0.219500 0.465269
vt 0.176727 0.484961
vt 0.391106 0.711290
vt 0.395971 0.686132
vt 0.407464 0.693458
vt 0.502400 0.003793
vt 0.549337 0.000000
vt 0.262710 0.000000
vt 0.309447 0.005786
vt 0.513583 0.928104
vt 0.502929 0.926990
vt 0.500423 0.918170
vt 0.512470 0.919429
vt 0.144966 0.899023
vt 0.142655 0.906998
vt 0.132565 0.908668
vt 0.823347 0.349890
vt 0.831577 0.340668
vt 0.837850 0.344808
vt 0.828544 0.355235
vt 0.683324 0.926661
vt 0.672932 0.929924
vt 0.671508 0.920842
vt 0.683258 0.917151
vt 0.320773 0.907255
vt 0.308500 0.908797
vt 0.306895 0.902937
vt 0.320773 0.901193
vt 0.497636 0.908361
vt 0.992989 0.223996
vt 0.990693 0.220696
vt 0.997993 0.224458
vt 0.797773 0.802020
vt 0.793912 0.801316
vt 0.797773 0.796104
vt 0.669924 0.910741
vt 0.683185 0.906576
vt 0.305111 0.896420
vt 0.320773 0.894452
vt 0.708475 0.924488
vt 0.709580 0.924402
vt 0.709677 0.925199
vt 0.708571 0.925285
vt 0.217899 0.680430
vt 0.217899 0.678827
vt 0.219363 0.678668
vt 0.219363 0.680271
vt 0.444977 0.509886
vt 0.444078 0.510040
vt 0.444078 0.508854
vt 0.444977 0.508700
vt 0.217934 0.683660
vt 0.217934 0.682042
vt 0.219500 0.682078
vt 0.219500 0.683697
vt 0.444114 0.483933
vt 0.444969 0.483667
vt 0.444969 0.484600
vt 0.444114 0.484866
vt 0.219169 0.600217
vt 0.218260 0.599819
vt 0.218260 0.598585
vt 0.219169 0.598983
vt 0.217976 0.574335
vt 0.217976 0.572933
vt 0.219299 0.572508
vt 0.219299 0.573910
vt 0.769454 0.871650
vt 0.771606 0.864092
vt 0.781151 0.865592
vt 0.762518 0.666226
vt 0.762518 0.663865
vt 0.764830 0.663863
vt 0.764830 0.666224
vt 0.764830 0.666170
vt 0.764830 0.663885
vt 0.767056 0.663863
vt 0.767056 0.666148
vt 0.219185 0.579245
vt 0.217941 0.579558
vt 0.217941 0.578066
vt 0.219185 0.577753
vt 0.909388 0.986992
vt 0.909388 0.993822
vt 0.906543 0.989134
vt 0.219389 0.678668
vt 0.217899 0.678495
vt 0.217899 0.676947
vt 0.219389 0.677119
vt 0.474207 0.986617
vt 0.473197 0.980166
vt 0.475989 0.974431
vt 0.444075 0.508636
vt 0.444075 0.507483
vt 0.444977 0.507547
vt 0.444977 0.508700
vt 0.218244 0.606787
vt 0.218244 0.605708
vt 0.219298 0.605716
vt 0.219298 0.606795
vt 0.877867 0.922529
vt 0.877004 0.922944
vt 0.876672 0.922315
vt 0.877535 0.921900
vt 0.218037 0.567263
vt 0.219342 0.566803
vt 0.219342 0.568313
vt 0.218037 0.568772
vt 0.219224 0.588583
vt 0.219224 0.589951
vt 0.217861 0.589966
vt 0.217861 0.588598
vt 0.217972 0.594399
vt 0.217972 0.593029
vt 0.219286 0.593061
vt 0.219286 0.594432
vt 0.217941 0.581186
vt 0.217941 0.579754
vt 0.219251 0.579558
vt 0.219251 0.580990
vt 0.444963 0.484866
vt 0.444963 0.485953
vt 0.444114 0.485992
vt 0.444114 0.484906
vt 0.219164 0.609068
vt 0.218244 0.609135
vt 0.218244 0.607998
vt 0.219164 0.607931
vt 0.701389 0.951420
vt 0.701323 0.950928
vt 0.701984 0.950866
vt 0.702050 0.951357
vt 0.218000 0.595845
vt 0.218000 0.594437
vt 0.219286 0.595840
vt 0.521218 0.871654
vt 0.519905 0.871889
vt 0.519606 0.870900
vt 0.520919 0.870665
vt 0.217904 0.588564
vt 0.217904 0.587141
vt 0.219224 0.587160
vt 0.954025 0.971110
vt 0.957554 0.971121
vt 0.958064 0.974082
vt 0.652410 0.968435
vt 0.656825 0.967831
vt 0.650615 0.972098
vt 0.698708 0.983357
vt 0.695925 0.976376
vt 0.699928 0.973444
vt 0.444114 0.488008
vt 0.444114 0.487139
vt 0.444960 0.487154
vt 0.444960 0.488022
vt 0.183222 0.995799
vt 0.182989 0.996880
vt 0.181544 0.996860
vt 0.181777 0.995779
vt 0.958064 0.958621
vt 0.956931 0.958533
vt 0.956930 0.957709
vt 0.958062 0.957798
vt 0.770934 0.666260
vt 0.770934 0.664130
vt 0.773061 0.664138
vt 0.773061 0.666268
vt 0.998217 0.284249
vt 0.995378 0.284021
vt 0.992426 0.282486
vt 0.219243 0.606795
vt 0.219243 0.607832
vt 0.218244 0.607931
vt 0.218244 0.606894
vt 0.908268 0.345579
vt 0.902451 0.346122
vt 0.900317 0.344915
vt 0.444309 0.481456
vt 0.444701 0.481567
vt 0.444701 0.482012
vt 0.444309 0.481901
vt 0.987879 0.699893
vt 0.988670 0.699935
vt 0.988661 0.700496
vt 0.987870 0.700454
vt 0.219274 0.604563
vt 0.219274 0.605618
vt 0.218244 0.605708
vt 0.218244 0.604653
vt 0.325970 0.950830
vt 0.330424 0.951498
vt 0.329253 0.960621
vt 0.219245 0.581229
vt 0.219245 0.582803
vt 0.217941 0.582760
vt 0.219224 0.591553
vt 0.218051 0.591352
vt 0.218051 0.589966
vt 0.219224 0.590166
vt 0.219169 0.601340
vt 0.218225 0.601718
vt 0.218225 0.600596
vt 0.444836 0.489792
vt 0.444836 0.490733
vt 0.444112 0.490682
vt 0.444112 0.489741
vt 0.444774 0.482793
vt 0.444074 0.482794
vt 0.444074 0.482095
vt 0.444774 0.482094
vt 0.444542 0.492706
vt 0.444542 0.492251
vt 0.444968 0.492265
vt 0.444968 0.492720
vt 0.755910 0.664151
vt 0.755910 0.666786
vt 0.753718 0.666667
vt 0.753718 0.664032
vt 0.777033 0.664130
vt 0.777033 0.666346
vt 0.775157 0.666414
vt 0.775157 0.664198
vt 0.525870 0.985280
vt 0.523575 0.984960
vt 0.523713 0.983251
vt 0.526007 0.983571
vt 0.780725 0.664491
vt 0.780725 0.666414
vt 0.778920 0.666412
vt 0.778920 0.664489
vt 0.219013 0.558345
vt 0.219013 0.561419
vt 0.218049 0.559503
vt 0.751446 0.666709
vt 0.751446 0.664032
vt 0.753718 0.664055
vt 0.753718 0.666733
vt 0.217899 0.682042
vt 0.217899 0.680433
vt 0.219500 0.680430
vt 0.219500 0.682039
vt 0.984009 0.300795
vt 0.981681 0.299956
vt 0.985292 0.299812
vt 0.656283 0.802313
vt 0.656283 0.799178
vt 0.659180 0.798907
vt 0.659180 0.802042
vt 0.444913 0.486979
vt 0.444114 0.486153
vt 0.444913 0.485992
vt 0.652857 0.801744
vt 0.651686 0.801162
vt 0.652857 0.798907
vt 0.650267 0.801755
vt 0.217976 0.570292
vt 0.217976 0.568772
vt 0.219342 0.569126
vt 0.219342 0.570645
vt 0.441983 0.993324
vt 0.439258 0.992830
vt 0.440522 0.986157
vt 0.219224 0.591553
vt 0.219224 0.592871
vt 0.217972 0.593029
vt 0.217972 0.591711
vt 0.218000 0.597227
vt 0.219169 0.595914
vt 0.219169 0.597296
vt 0.034540 0.876705
vt 0.036351 0.876514
vt 0.036447 0.877818
vt 0.034635 0.878009
vt 0.219221 0.585692
vt 0.219221 0.587028
vt 0.217904 0.587141
vt 0.217904 0.585806
vt 0.219245 0.584244
vt 0.217904 0.584275
vt 0.217904 0.582835
vt 0.650267 0.798918
vt 0.649450 0.802824
vt 0.651543 0.996164
vt 0.647227 0.990835
vt 0.651543 0.988929
vt 0.806707 0.954167
vt 0.810116 0.954156
vt 0.809401 0.963294
vt 0.444112 0.488892
vt 0.444960 0.488892
vt 0.444960 0.489741
vt 0.444112 0.489741
vt 0.217976 0.575866
vt 0.219498 0.574351
vt 0.219498 0.575883
vt 0.444879 0.490748
vt 0.444879 0.491522
vt 0.444112 0.491507
vt 0.444112 0.490733
vt 0.458994 0.977855
vt 0.456417 0.981063
vt 0.453272 0.976337
vt 0.444112 0.492724
vt 0.444112 0.492251
vt 0.444542 0.492267
vt 0.444542 0.492741
vt 0.219277 0.584282
vt 0.219277 0.585692
vt 0.217904 0.585686
vt 0.219169 0.603162
vt 0.219169 0.604235
vt 0.218244 0.604563
vt 0.218244 0.603490
vt 0.217925 0.597296
vt 0.219169 0.597313
vt 0.219169 0.598585
vt 0.217925 0.598568
vt 0.444701 0.481321
vt 0.444202 0.481456
vt 0.444202 0.480840
vt 0.444701 0.480705
vt 0.444112 0.491550
vt 0.444614 0.491522
vt 0.444614 0.492223
vt 0.217976 0.572508
vt 0.217976 0.570735
vt 0.219299 0.570645
vt 0.219299 0.572419
vt 0.218155 0.611199
vt 0.218155 0.610234
vt 0.219064 0.610205
vt 0.219064 0.611171
vt 0.775157 0.666231
vt 0.773061 0.666240
vt 0.773061 0.664139
vt 0.775157 0.664130
vt 0.965191 0.469677
vt 0.960632 0.466753
vt 0.960728 0.460358
vt 0.444701 0.480039
vt 0.444701 0.480705
vt 0.444151 0.480673
vt 0.444151 0.480007
vt 0.787923 0.666289
vt 0.785919 0.666881
vt 0.785919 0.664366
vt 0.787923 0.663774
vt 0.202520 0.859977
vt 0.200971 0.860952
vt 0.200275 0.859660
vt 0.201824 0.858685
vt 0.751446 0.664251
vt 0.751446 0.666733
vt 0.749109 0.666501
vt 0.749109 0.664019
vt 0.444960 0.488022
vt 0.444960 0.488875
vt 0.444129 0.488892
vt 0.444129 0.488040
vt 0.218155 0.610203
vt 0.218155 0.609135
vt 0.219164 0.609137
vt 0.219164 0.610205
vt 0.219071 0.611206
vt 0.219071 0.612122
vt 0.218155 0.612116
vt 0.746765 0.666809
vt 0.746765 0.664046
vt 0.749109 0.664019
vt 0.749109 0.666782
vt 0.760305 0.666425
vt 0.760305 0.663863
vt 0.762518 0.663950
vt 0.762518 0.666512
vt 0.768887 0.666245
vt 0.768887 0.663863
vt 0.770934 0.663886
vt 0.770934 0.666268
vt 0.917724 0.586585
vt 0.911275 0.587486
vt 0.913240 0.584970
vt 0.917064 0.579694
vt 0.746765 0.666507
vt 0.744334 0.666717
vt 0.744334 0.664229
vt 0.746765 0.664019
vt 0.744334 0.666717
vt 0.742044 0.666460
vt 0.742044 0.663774
vt 0.744334 0.664031
vt 0.218245 0.602858
vt 0.218246 0.601718
vt 0.219169 0.602022
vt 0.218008 0.685574
vt 0.219500 0.686060
vt 0.219500 0.687818
vt 0.218008 0.687333
vt 0.219500 0.685574
vt 0.218020 0.685303
vt 0.218020 0.683697
vt 0.219500 0.683969
vt 0.909586 0.629796
vt 0.916892 0.636734
vt 0.910612 0.639106
vt 0.943575 0.000000
vt 0.944987 0.000182
vt 0.217976 0.575883
vt 0.219185 0.576408
vt 0.219185 0.577753
vt 0.217976 0.577228
vt 0.444151 0.479983
vt 0.444151 0.479305
vt 0.444729 0.479329
vt 0.444729 0.480007
vt 0.777033 0.664472
vt 0.778920 0.664416
vt 0.778920 0.666357
vt 0.777033 0.666414
vt 0.997386 0.118308
vt 0.999095 0.118470
vt 0.898819 0.989260
vt 0.899999 0.993661
vt 0.894659 0.993661
vt 0.893779 0.989286
vt 0.218088 0.549392
vt 0.219096 0.545086
vt 0.219096 0.552179
vt 0.920192 0.816897
vt 0.911877 0.815620
vt 0.909254 0.805454
vt 0.867649 0.979027
vt 0.863042 0.976276
vt 0.865222 0.974341
vt 0.858954 0.980484
vt 0.860995 0.974542
vt 0.957382 0.822012
vt 0.954874 0.820270
vt 0.953330 0.813117
vt 0.957382 0.807584
vt 0.288890 0.975625
vt 0.296757 0.971475
vt 0.295080 0.975597
vt 0.645343 0.996056
vt 0.640822 0.996056
vt 0.641415 0.988929
vt 0.913798 0.679489
vt 0.909873 0.679765
vt 0.912471 0.667255
vt 0.015578 0.737650
vt 0.011261 0.739783
vt 0.000000 0.744105
vt 0.909438 0.757686
vt 0.908732 0.770767
vt 0.906002 0.759173
vt 0.369000 0.987331
vt 0.369000 0.997510
vt 0.365051 0.991943
vt 0.270000 0.994224
vt 0.264265 0.992825
vt 0.270000 0.984400
vt 0.530337 1.000000
vt 0.526007 0.990733
vt 0.530337 0.983251
vt 0.801475 0.308986
vt 0.805206 0.333768
vt 0.788499 0.307553
vt 0.699672 0.815054
vt 0.698083 0.826075
vt 0.691883 0.817954
vt 0.723230 0.942627
vt 0.724521 0.934174
vt 0.726520 0.943597
vt 0.904611 0.495207
vt 0.908268 0.502249
vt 0.897281 0.496476
vt 0.890091 0.494882
vt 0.731861 0.964998
vt 0.733267 0.962752
vt 0.739419 0.960668
vt 0.737713 0.964196
vt 0.862438 0.936250
vt 0.865813 0.935529
vt 0.862279 0.945155
vt 0.806972 0.583582
vt 0.802798 0.583582
vt 0.803391 0.578099
vt 0.723328 0.922839
vt 0.720455 0.918741
vt 0.730761 0.921814
vt 0.795258 0.877021
vt 0.796725 0.880974
vt 0.789660 0.877344
vt 0.739507 0.666641
vt 0.739507 0.663805
vt 0.742044 0.663774
vt 0.740898 0.664376
vt 0.858954 0.956899
vt 0.866711 0.958357
vt 0.863948 0.969818
vt 0.218094 0.692129
vt 0.217904 0.693110
vt 0.219500 0.695373
vt 0.218131 0.694745
vt 0.218010 0.563191
vt 0.219013 0.561419
vt 0.132544 0.934804
vt 0.132544 0.943734
vt 0.129877 0.940714
vt 0.089110 0.987718
vt 0.093577 0.985944
vt 0.094532 0.995043
vt 0.089006 0.995043
vt 0.659030 0.884801
vt 0.661333 0.879356
vt 0.661333 0.889978
vt 0.974540 0.340260
vt 0.971738 0.338141
vt 0.974540 0.333310
vt 0.842945 0.579500
vt 0.845093 0.577868
vt 0.845093 0.583457
vt 0.842767 0.581678
vt 0.219095 0.545086
vt 0.218088 0.542941
vt 0.219095 0.537259
vt 0.986769 0.501173
vt 0.986769 0.518011
vt 0.977918 0.502286
vt 0.042919 0.980111
vt 0.042919 0.996461
vt 0.036447 0.992569
vt 0.946767 0.989954
vt 0.952782 0.981165
vt 0.952782 0.995352
vt 0.119486 0.984463
vt 0.122288 0.987491
vt 0.879459 0.986646
vt 0.879674 0.988495
vt 0.879674 0.994515
vt 0.873833 0.987707
vt 0.873641 0.994533
vt 0.876335 0.992632
vt 0.341259 0.989875
vt 0.347076 0.988723
vt 0.347076 0.994807
vt 0.460394 0.737209
vt 0.451323 0.734178
vt 0.467481 0.730723
vt 0.759381 0.371157
vt 0.762046 0.369592
vt 0.762046 0.378689
vt 0.739836 0.993576
vt 0.743567 0.989344
vt 0.743567 0.995336
vt 0.423026 0.871979
vt 0.425558 0.867888
vt 0.429754 0.864793
vt 0.132544 0.951153
vt 0.130010 0.945696
vt 0.132544 0.943734
vt 0.995170 0.667338
vt 0.991878 0.671420
vt 0.987761 0.673999
vt 0.618120 0.833941
vt 0.621867 0.835043
vt 0.614171 0.840690
vt 0.995170 0.674261
vt 0.993079 0.674277
vt 0.430027 0.880598
vt 0.434838 0.865392
vt 0.435436 0.879235
vt 0.439190 0.912401
vt 0.436565 0.908841
vt 0.439190 0.904366
vt 0.802798 0.583582
vt 0.797903 0.583582
vt 0.800417 0.577863
vt 0.175319 0.970571
vt 0.186973 0.969193
vt 0.184445 0.982663
vt 0.186973 0.988941
vt 0.489580 0.972313
vt 0.479915 0.971648
vt 0.479915 0.954864
vt 0.489580 0.954830
vt 0.907425 0.555590
vt 0.905562 0.562869
vt 0.907425 0.578347
vt 0.899139 0.572647
vt 0.693475 0.851785
vt 0.700855 0.853739
vt 0.699336 0.857977
vt 0.994907 0.700496
vt 0.994907 0.717065
vt 0.987761 0.709169
vt 0.636146 0.993799
vt 0.628594 0.993799
vt 0.635834 0.979578
vt 0.097709 0.835447
vt 0.094406 0.835447
vt 0.094462 0.831386
vt 0.660554 0.980968
vt 0.661466 0.984639
vt 0.658217 0.984045
vt 0.656826 0.980681
vt 0.462321 0.767054
vt 0.455536 0.768865
vt 0.449351 0.767479
vt 0.684341 0.985965
vt 0.684341 0.993127
vt 0.681210 0.990145
vt 0.836993 0.582344
vt 0.833848 0.579642
vt 0.836993 0.577868
vt 0.385731 0.368621
vt 0.380453 0.351612
vt 0.389377 0.352997
vt 0.842767 0.582709
vt 0.840021 0.580347
vt 0.842767 0.577868
vt 0.169052 0.118179
vt 0.175211 0.109008
vt 0.177498 0.129866
vt 0.232486 0.993601
vt 0.234826 0.996966
vt 0.230625 0.995901
vt 0.229028 0.992928
vt 0.230003 0.999877
vt 0.923821 0.016858
vt 0.775543 0.998439
vt 0.769403 0.984284
vt 0.775543 0.979293
vt 0.760305 0.663863
vt 0.760221 0.666394
vt 0.758222 0.666394
vt 0.757953 0.664521
vt 0.378782 0.874689
vt 0.378735 0.881090
vt 0.375349 0.882396
vt 0.757953 0.663863
vt 0.757953 0.666786
vt 0.755910 0.665313
vt 0.444209 0.463848
vt 0.444969 0.463051
vt 0.444070 0.462679
vt 0.444969 0.460690
vt 0.879810 0.835169
vt 0.877867 0.826879
vt 0.879810 0.822907
vt 0.835292 0.772561
vt 0.836472 0.777059
vt 0.828025 0.773234
vt 0.958064 0.974082
vt 0.958064 0.980076
vt 0.954213 0.978050
vt 0.444640 0.805062
vt 0.444926 0.802390
vt 0.444926 0.808669
vt 0.625256 0.989072
vt 0.628505 0.985657
vt 0.628505 0.992765
vt 0.773293 0.282031
vt 0.782075 0.290944
vt 0.769644 0.290318
vt 0.762044 0.286440
vt 0.797639 0.925796
vt 0.794555 0.918536
vt 0.797639 0.907269
vt 0.739507 0.666843
vt 0.737027 0.666843
vt 0.739284 0.663774
vt 0.622818 0.843773
vt 0.619128 0.845284
vt 0.616838 0.843266
vt 0.444149 0.909200
vt 0.439258 0.909366
vt 0.441047 0.904366
vt 0.219500 0.691679
vt 0.218039 0.689632
vt 0.987306 0.416208
vt 0.982361 0.416781
vt 0.989745 0.408652
vt 0.654360 0.798907
vt 0.654128 0.801424
vt 0.652857 0.802350
vt 0.432767 0.993037
vt 0.424376 0.977646
vt 0.432767 0.976852
vt 0.541948 0.973031
vt 0.540731 0.977793
vt 0.541948 0.994865
vt 0.534731 0.988060
vt 0.923634 0.472560
vt 0.931978 0.466984
vt 0.931978 0.477701
vt 0.924330 0.488081
vt 0.296758 0.983405
vt 0.304520 0.971475
vt 0.304520 0.996863
vt 0.656283 0.802350
vt 0.244257 0.836367
vt 0.246179 0.836475
vt 0.242990 0.839513
vt 0.796373 0.959995
vt 0.444974 0.475622
vt 0.444774 0.471781
vt 0.444974 0.467577
vt 0.827354 0.583104
vt 0.823570 0.583107
vt 0.823570 0.579275
vt 0.827354 0.578965
vt 0.444969 0.483667
vt 0.444774 0.479462
vt 0.444969 0.475622
vt 0.994918 0.072569
vt 0.997823 0.072136
vt 0.995635 0.075891
vt 0.999618 0.956223
vt 0.995511 0.946012
vt 0.999618 0.938322
vt 0.292173 0.863298
vt 0.288890 0.863035
vt 0.293921 0.861124
vt 0.436148 0.968647
vt 0.439133 0.976852
vt 0.424494 0.968754
vt 0.661432 0.899076
vt 0.659030 0.894750
vt 0.661432 0.889978
vt 0.521226 0.993295
vt 0.521226 0.998686
vt 0.519053 0.994545
vt 0.516942 0.992363
vt 0.514926 0.997261
vt 0.244092 0.841331
vt 0.247076 0.837924
vt 0.247515 0.839787
vt 0.929044 0.147617
vt 0.934542 0.146584
vt 0.934542 0.154246
vt 0.931054 0.153085
vt 0.927844 0.156574
vt 0.315811 0.876822
vt 0.313987 0.877276
vt 0.316126 0.874643
vt 0.989959 0.185424
vt 0.994950 0.184800
vt 0.994950 0.194798
vt 0.770866 0.369413
vt 0.774498 0.378689
vt 0.768655 0.378689
vt 0.806111 0.371202
vt 0.807453 0.365774
vt 0.807453 0.376855
vt 0.767543 0.666631
vt 0.767055 0.665118
vt 0.768887 0.665817
vt 0.927844 0.121478
vt 0.928901 0.119233
vt 0.931254 0.124721
vt 0.739462 0.900565
vt 0.710193 0.883818
vt 0.722578 0.861780
vt 0.738284 0.862485
vt 0.833486 0.777059
vt 0.835693 0.778100
vt 0.830878 0.778655
vt 0.980990 0.665001
vt 0.976633 0.657370
vt 0.968953 0.660406
vt 0.932245 0.118566
vt 0.933813 0.119426
vt 0.516818 0.948856
vt 0.518845 0.945416
vt 0.518515 0.948377
vt 0.299833 0.297177
vt 0.688865 0.999225
vt 0.684405 0.990959
vt 0.688865 0.983440
vt 0.887761 0.491405
vt 0.887761 0.502797
vt 0.880956 0.498987
vt 0.461679 0.993059
vt 0.466532 0.984217
vt 0.466531 0.997552
vt 0.946767 0.981165
vt 0.946767 0.997074
vt 0.941298 0.993011
vt 0.982361 0.462484
vt 0.986696 0.457489
vt 0.986696 0.472777
vt 0.094532 0.992254
vt 0.098503 0.985944
vt 0.098503 0.998227
vt 0.405106 0.874166
vt 0.407464 0.875911
vt 0.404246 0.881152
vt 0.747919 0.378555
vt 0.740237 0.370723
vt 0.747919 0.369923
vt 0.605062 0.840192
vt 0.605062 0.887274
vt 0.558951 0.886988
vt 0.558951 0.839906
vt 0.217980 0.520506
vt 0.219466 0.516258
vt 0.219466 0.523355
vt 0.625732 0.018441
vt 0.649693 0.000000
vt 0.661497 0.012189
vt 0.635609 0.033559
vt 0.377102 0.526296
vt 0.389049 0.536323
vt 0.575031 0.447742
vt 0.558951 0.473343
vt 0.576110 0.756047
vt 0.558951 0.763401
vt 0.566721 0.723455
vt 0.579532 0.732570
vt 0.826831 0.013111
vt 0.638149 0.210675
vt 0.653811 0.208316
vt 0.656817 0.241302
vt 0.643392 0.243495
vt 0.482944 0.471467
vt 0.464922 0.470354
vt 0.240849 0.573326
vt 0.251089 0.589571
vt 0.241911 0.604207
vt 0.219500 0.589883
vt 0.495504 0.877747
vt 0.523110 0.571423
vt 0.538336 0.576237
vt 0.534756 0.600134
vt 0.521239 0.600502
vt 0.852190 0.842832
vt 0.858954 0.826702
vt 0.879975 0.396804
vt 0.879896 0.424242
vt 0.866336 0.428647
vt 0.866108 0.393181
vt 0.412802 0.912586
vt 0.424376 0.917064
vt 0.423211 0.942566
vt 0.407464 0.939986
vt 0.312063 0.988655
vt 0.316022 0.991697
vt 0.316022 0.997232
vt 0.311808 0.994505
vt 0.078847 0.964169
vt 0.066213 0.963823
vt 0.063889 0.940771
vt 0.080725 0.941232
vt 0.957833 0.427494
vt 0.942845 0.432618
vt 0.858954 0.949479
vt 0.833952 0.938503
vt 0.844212 0.928908
vt 0.858879 0.928523
vt 0.377688 0.706275
vt 0.374029 0.697230
vt 0.323941 0.460690
vt 0.332271 0.471759
vt 0.581035 0.078439
vt 0.568750 0.092593
vt 0.921710 0.755563
vt 0.920192 0.730636
vt 0.937432 0.734682
vt 0.937136 0.753715
vt 0.797270 0.337877
vt 0.782075 0.329788
vt 0.158813 0.895739
vt 0.160975 0.918918
vt 0.933129 0.490970
vt 0.898167 0.211932
vt 0.883560 0.213382
vt 0.887123 0.189391
vt 0.901941 0.184183
vt 0.258141 0.982287
vt 0.261133 0.964665
vt 0.270203 0.962320
vt 0.270203 0.984400
vt 0.486809 0.809831
vt 0.473197 0.808831
vt 0.486488 0.785013
vt 0.494407 0.794617
vt 0.973852 0.138215
vt 0.960338 0.145480
vt 0.959240 0.123619
vt 0.974323 0.127556
vt 0.202287 0.854065
vt 0.212245 0.858685
vt 0.918534 0.243166
vt 0.918937 0.267122
vt 0.905899 0.266885
vt 0.907095 0.242958
vt 0.187323 0.107014
vt 0.193272 0.126509
vt 0.841079 0.146862
vt 0.858347 0.144565
vt 0.687808 0.105602
vt 0.675652 0.104292
vt 0.680617 0.080164
vt 0.692899 0.086655
vt 0.737027 0.449297
vt 0.750309 0.448886
vt 0.105526 0.701304
vt 0.098557 0.710855
vt 0.241371 0.460690
vt 0.226167 0.458636
vt 0.225490 0.448426
vt 0.240606 0.443984
vt 0.771784 0.881985
vt 0.785766 0.884642
vt 0.024554 0.592076
vt 0.015905 0.578396
vt 0.269581 0.606973
vt 0.287196 0.623332
vt 0.061008 0.558905
vt 0.043544 0.575400
vt 0.125924 0.627138
vt 0.114752 0.635356
vt 0.684405 0.943855
vt 0.677014 0.949353
vt 0.936149 0.104279
vt 0.944987 0.101154
vt 0.452911 0.716061
vt 0.463767 0.716251
vt 0.870872 0.896600
vt 0.862824 0.900467
vt 0.858954 0.878296
vt 0.872048 0.880103
vt 0.319471 0.921596
vt 0.309557 0.922625
vt 0.961026 0.662583
vt 0.968953 0.661735
vt 0.373570 0.370712
vt 0.365211 0.362383
vt 0.374954 0.795946
vt 0.384460 0.797712
vt 0.383780 0.814158
vt 0.370237 0.808218
vt 0.219394 0.537259
vt 0.218088 0.534069
vt 0.219394 0.530098
vt 0.981111 0.989328
vt 0.970739 0.983609
vt 0.972672 0.966700
vt 0.981111 0.970823
vt 0.458172 0.751012
vt 0.450871 0.751953
vt 0.920192 0.856148
vt 0.932271 0.858604
vt 0.930786 0.874579
vt 0.922535 0.878804
vt 0.616205 0.912153
vt 0.626510 0.912153
vt 0.129490 0.607496
vt 0.217856 0.495938
vt 0.219483 0.494487
vt 0.875438 0.148129
vt 0.865951 0.148929
vt 0.862415 0.132752
vt 0.872115 0.131358
vt 0.573106 0.938238
vt 0.569321 0.951168
vt 0.559264 0.949314
vt 0.560279 0.935872
vt 0.950584 0.148399
vt 0.956692 0.153167
vt 0.336895 0.685625
vt 0.334695 0.695373
vt 0.317196 0.681565
vt 0.326605 0.677122
vt 0.876486 0.475795
vt 0.870487 0.457830
vt 0.884876 0.462004
vt 0.886721 0.475575
vt 0.578248 0.887274
vt 0.578248 0.914643
vt 0.509053 0.944777
vt 0.519158 0.943447
vt 0.569304 0.054908
vt 0.559563 0.056074
vt 0.907001 0.946664
vt 0.902449 0.935455
vt 0.907062 0.928819
vt 0.920192 0.927480
vt 0.105526 0.493664
vt 0.099980 0.504716
vt 0.090528 0.500364
vt 0.098849 0.484961
vt 0.022574 0.918308
vt 0.016564 0.910416
vt 0.630775 0.227643
vt 0.634221 0.212223
vt 0.990541 0.254098
vt 0.982051 0.248832
vt 0.981630 0.238797
vt 0.990541 0.238644
vt 0.794993 0.845594
vt 0.785766 0.845682
vt 0.787708 0.831030
vt 0.796333 0.835108
vt 0.073181 0.966481
vt 0.072294 0.981194
vt 0.063303 0.981636
vt 0.064978 0.964169
vt 0.027211 0.903667
vt 0.032128 0.898532
vt 0.458915 0.893449
vt 0.473197 0.891256
vt 0.472744 0.901225
vt 0.460559 0.903233
vt 0.727572 0.906381
vt 0.732707 0.908832
vt 0.288890 0.905190
vt 0.279964 0.912468
vt 0.285906 0.896338
vt 0.768915 0.311973
vt 0.756131 0.312461
vt 0.759149 0.298407
vt 0.438078 0.460690
vt 0.444070 0.467114
vt 0.432613 0.478652
vt 0.425964 0.473071
vt 0.837498 0.413127
vt 0.837695 0.425631
vt 0.827714 0.426280
vt 0.824188 0.422072
vt 0.913483 0.798403
vt 0.919427 0.798448
vt 0.844891 0.806390
vt 0.851498 0.814151
vt 0.540192 0.740172
vt 0.540492 0.747498
vt 0.526054 0.748177
vt 0.534730 0.731697
vt 0.908947 0.176569
vt 0.919349 0.176758
vt 0.062833 0.926186
vt 0.056904 0.927922
vt 0.889434 0.926159
vt 0.879910 0.923496
vt 0.244231 0.993759
vt 0.244666 0.979773
vt 0.252509 0.979359
vt 0.252509 0.993632
vt 0.895061 0.320094
vt 0.891728 0.309744
vt 0.901941 0.307769
vt 0.901539 0.323737
vt 0.003724 0.751856
vt 0.014985 0.747534
vt 0.017605 0.759459
vt 0.004411 0.760005
vt 0.201608 0.989198
vt 0.195578 0.992486
vt 0.193428 0.980922
vt 0.201608 0.975102
vt 0.197572 0.910592
vt 0.204269 0.908369
vt 0.210308 0.916640
vt 0.201945 0.920772
vt 0.369661 0.348783
vt 0.377542 0.345643
vt 0.661497 0.745246
vt 0.666675 0.736497
vt 0.695100 0.798140
vt 0.697516 0.809822
vt 0.973529 0.802853
vt 0.981132 0.803282
vt 0.983180 0.817517
vt 0.976299 0.820913
vt 0.525870 0.864030
vt 0.533428 0.847926
vt 0.539494 0.851619
vt 0.533230 0.865999
vt 0.536031 0.642760
vt 0.537052 0.657461
vt 0.530467 0.658625
vt 0.527938 0.642980
vt 0.219344 0.783609
vt 0.211270 0.782542
vt 0.899139 0.545673
vt 0.899139 0.558552
vt 0.661083 0.286800
vt 0.659960 0.302280
vt 0.023010 0.742350
vt 0.862247 0.263639
vt 0.870423 0.265682
vt 0.964993 0.254304
vt 0.972843 0.258429
vt 0.969807 0.269056
vt 0.961130 0.269056
vt 0.617181 0.737680
vt 0.620961 0.734448
vt 0.942211 0.701091
vt 0.951623 0.701064
vt 0.950981 0.710951
vt 0.942982 0.713796
vt 0.790461 0.368799
vt 0.799041 0.365774
vt 0.799041 0.377135
vt 0.790586 0.376493
vt 0.799041 0.366063
vt 0.766954 0.667486
vt 0.772999 0.666943
vt 0.769403 0.993877
vt 0.761528 0.994784
vt 0.763453 0.982416
vt 0.769403 0.979293
vt 0.793912 0.735102
vt 0.786737 0.733289
vt 0.786345 0.720326
vt 0.793912 0.716865
vt 0.797352 0.946660
vt 0.797382 0.959995
vt 0.521239 0.882087
vt 0.529639 0.883847
vt 0.534033 0.891854
vt 0.526757 0.899962
vt 0.491511 0.913139
vt 0.477438 0.912248
vt 0.481968 0.905139
vt 0.495362 0.902685
vt 0.551925 0.978323
vt 0.550413 0.964173
vt 0.558662 0.964913
vt 0.558626 0.976455
vt 0.558951 0.989450
vt 0.561151 0.979219
vt 0.566475 0.979460
vt 0.566475 0.991906
vt 0.906797 0.533283
vt 0.907522 0.548557
vt 0.900121 0.547275
vt 0.902279 0.531475
vt 0.698522 0.840187
vt 0.705724 0.842695
vt 0.889331 0.396286
vt 0.889709 0.380650
vt 0.897935 0.385319
vt 0.899560 0.397481
vt 0.111289 0.777754
vt 0.295221 0.961574
vt 0.302480 0.962587
vt 0.305111 0.971475
vt 0.288890 0.971475
vt 0.457299 0.455510
vt 0.465101 0.433603
vt 0.980156 0.670459
vt 0.987511 0.671543
vt 0.987276 0.687336
vt 0.981385 0.687919
vt 0.911209 0.623392
vt 0.920117 0.622148
vt 0.354492 0.815010
vt 0.350633 0.818182
vt 0.343441 0.801558
vt 0.349560 0.799961
vt 0.710193 0.817210
vt 0.707654 0.825308
vt 0.155598 0.757677
vt 0.160341 0.757904
vt 0.159960 0.773977
vt 0.153645 0.774440
vt 0.715790 0.916393
vt 0.719234 0.905627
vt 0.958793 0.240122
vt 0.956692 0.219990
vt 0.639147 0.687763
vt 0.641880 0.669874
vt 0.649450 0.683928
vt 0.646155 0.692165
vt 0.336895 0.476785
vt 0.336025 0.464108
vt 0.123994 0.934804
vt 0.129877 0.941816
vt 0.129076 0.949651
vt 0.119486 0.950612
vt 0.944014 0.509107
vt 0.936208 0.508740
vt 0.941341 0.494128
vt 0.946707 0.494577
vt 0.521239 0.959316
vt 0.527670 0.960201
vt 0.528866 0.971216
vt 0.522922 0.977986
vt 0.142733 0.973876
vt 0.142733 0.986343
vt 0.870804 0.956146
vt 0.872176 0.969212
vt 0.705824 0.984713
vt 0.705824 0.972889
vt 0.046151 0.535538
vt 0.045813 0.546827
vt 0.272629 0.646982
vt 0.272161 0.635639
vt 0.053198 0.927922
vt 0.060122 0.928766
vt 0.959646 0.422554
vt 0.951925 0.427494
vt 0.393276 0.809974
vt 0.389352 0.814254
vt 0.146128 0.769612
vt 0.146714 0.764629
vt 0.780543 0.309470
vt 0.668707 0.949353
vt 0.672963 0.965311
vt 0.662074 0.965312
vt 0.663560 0.958174
vt 0.027920 0.968644
vt 0.021493 0.972240
vt 0.023671 0.956544
vt 0.032116 0.956145
vt 0.985209 0.139721
vt 0.980551 0.145545
vt 0.974323 0.128258
vt 0.983022 0.130591
vt 0.920118 0.618399
vt 0.922618 0.603613
vt 0.928558 0.606359
vt 0.927869 0.617509
vt 0.927160 0.108428
vt 0.926638 0.095435
vt 0.879898 0.835169
vt 0.879898 0.843950
vt 0.877867 0.838734
vt 0.444729 0.477227
vt 0.444151 0.475213
vt 0.444729 0.474160
vt 0.958416 0.111721
vt 0.953085 0.120397
vt 0.944987 0.121383
vt 0.949981 0.112554
vt 0.748916 0.990576
vt 0.749753 0.982121
vt 0.756317 0.982121
vt 0.757603 0.990576
vt 0.991718 0.211890
vt 0.997993 0.212545
vt 0.732420 0.375662
vt 0.731922 0.369390
vt 0.740237 0.369231
vt 0.740237 0.378555
vt 0.965936 0.561457
vt 0.965083 0.566942
vt 0.965936 0.576898
vt 0.962232 0.571793
vt 0.626887 0.738288
vt 0.627255 0.747562
vt 0.840051 0.534585
vt 0.844827 0.542713
vt 0.418155 0.969730
vt 0.424149 0.969213
vt 0.424149 0.981170
vt 0.417955 0.981853
vt 0.960651 0.009699
vt 0.963196 0.000000
vt 0.968245 0.004975
vt 0.992974 0.580616
vt 0.998735 0.579694
vt 0.998735 0.591424
vt 0.992786 0.592365
vt 0.751069 0.900642
vt 0.756249 0.902952
vt 0.935157 0.676451
vt 0.937905 0.688225
vt 0.931243 0.686646
vt 0.927182 0.677367
vt 0.827472 0.410713
vt 0.822426 0.414110
vt 0.974755 0.001733
vt 0.209985 0.754791
vt 0.215345 0.753798
vt 0.085730 0.888542
vt 0.081358 0.885109
vt 0.090959 0.873612
vt 0.090805 0.887960
vt 0.780090 0.822533
vt 0.785766 0.825025
vt 0.783797 0.833379
vt 0.777301 0.832358
vt 0.970739 0.912438
vt 0.967391 0.920881
vt 0.927504 0.991049
vt 0.920192 0.990983
vt 0.922963 0.979357
vt 0.926828 0.981132
vt 0.377648 0.986322
vt 0.370824 0.987332
vt 0.372841 0.973216
vt 0.378079 0.972850
vt 0.901941 0.164584
vt 0.278724 0.979863
vt 0.279396 0.990562
vt 0.274283 0.990404
vt 0.273093 0.980106
vt 0.541275 0.945609
vt 0.543685 0.953438
vt 0.535823 0.955755
vt 0.534731 0.944305
vt 0.900513 0.986570
vt 0.755976 0.793720
vt 0.761910 0.792288
vt 0.758662 0.808576
vt 0.753826 0.804751
vt 0.980219 0.246012
vt 0.971213 0.246013
vt 0.929752 0.948666
vt 0.925673 0.949432
vt 0.814354 0.822192
vt 0.814797 0.812035
vt 0.819266 0.813993
vt 0.818785 0.824061
vt 0.784730 0.971638
vt 0.786829 0.984353
vt 0.968785 0.460823
vt 0.970223 0.468855
vt 0.362753 0.973369
vt 0.367086 0.973369
vt 0.369160 0.982843
vt 0.360471 0.982843
vt 0.180319 0.854249
vt 0.182970 0.858501
vt 0.175622 0.866277
vt 0.175925 0.853782
vt 0.053583 0.751051
vt 0.060624 0.753332
vt 0.656772 0.316968
vt 0.657075 0.328029
vt 0.980156 0.680128
vt 0.974501 0.678619
vt 0.973444 0.668041
vt 0.978166 0.667338
vt 0.095861 0.931707
vt 0.000000 0.938189
vt 0.005955 0.932787
vt 0.258141 0.925943
vt 0.265777 0.925609
vt 0.264911 0.932473
vt 0.259991 0.936511
vt 0.516947 0.868607
vt 0.508063 0.871889
vt 0.510705 0.862411
vt 0.518493 0.861771
vt 0.982767 0.834138
vt 0.989335 0.835587
vt 0.988865 0.845557
vt 0.984173 0.847089
vt 0.116375 0.962650
vt 0.109988 0.964832
vt 0.111979 0.951309
vt 0.116637 0.952137
vt 0.906891 0.357188
vt 0.901293 0.354011
vt 0.924112 0.683999
vt 0.928352 0.692087
vt 0.057767 0.896153
vt 0.052319 0.898036
vt 0.198784 0.963785
vt 0.196548 0.969192
vt 0.876235 0.009155
vt 0.877259 0.000000
vt 0.883560 0.000347
vt 0.883403 0.010640
vt 0.801644 0.958638
vt 0.801459 0.964142
vt 0.980294 0.949943
vt 0.975064 0.951416
vt 0.973753 0.941088
vt 0.981148 0.939228
vt 0.105526 0.770632
vt 0.336895 0.941641
vt 0.338143 0.938185
vt 0.539158 0.686263
vt 0.534191 0.674743
vt 0.539550 0.673796
vt 0.543298 0.685161
vt 0.557121 0.510040
vt 0.558951 0.507365
vt 0.407391 0.317678
vt 0.399381 0.325272
vt 0.393117 0.325744
vt 0.405734 0.313072
vt 0.782075 0.374821
vt 0.782705 0.365774
vt 0.789200 0.365846
vt 0.789481 0.374496
vt 0.226244 0.984410
vt 0.226255 0.995012
vt 0.222007 0.996153
vt 0.219500 0.984180
vt 0.762857 0.370419
vt 0.768655 0.369522
vt 0.768655 0.374967
vt 0.793957 0.116027
vt 0.786945 0.118428
vt 0.785870 0.107542
vt 0.791133 0.105920
vt 0.075312 0.996757
vt 0.073181 0.984657
vt 0.078526 0.983965
vt 0.080319 0.995947
vt 0.078861 0.880976
vt 0.085468 0.872347
vt 0.052696 0.873742
vt 0.055856 0.861722
vt 0.059338 0.864014
vt 0.058028 0.875296
vt 0.214236 0.872359
vt 0.218667 0.873236
vt 0.180687 0.868982
vt 0.187557 0.855744
vt 0.148971 0.989255
vt 0.153789 0.989710
vt 0.153789 0.999417
vt 0.147854 0.996320
vt 0.992038 0.922570
vt 0.991247 0.913998
vt 0.996563 0.912332
vt 0.996623 0.921224
vt 0.085859 0.958922
vt 0.080725 0.959845
vt 0.081848 0.946446
vt 0.085913 0.946874
vt 0.991711 0.273334
vt 0.996600 0.274059
vt 0.047611 0.517995
vt 0.051233 0.529247
vt 0.045405 0.530463
vt 0.043604 0.519038
vt 0.274275 0.664574
vt 0.270263 0.663572
vt 0.271937 0.652081
vt 0.277770 0.653238
vt 0.990411 0.980385
vt 0.990278 0.971808
vt 0.994886 0.972262
vt 0.995511 0.982345
vt 0.993270 0.143359
vt 0.987722 0.147735
vt 0.985541 0.132598
vt 0.991121 0.134418
vt 0.750707 0.967814
vt 0.754845 0.967814
vt 0.755930 0.977745
vt 0.749980 0.977745
vt 0.938803 0.373646
vt 0.943972 0.360518
vt 0.989959 0.148399
vt 0.989681 0.164697
vt 0.985238 0.166350
vt 0.982403 0.158824
vt 0.992846 0.091641
vt 0.992037 0.080447
vt 0.997670 0.080632
vt 0.997670 0.091473
vt 0.913156 0.292445
vt 0.917713 0.294994
vt 0.759089 0.912866
vt 0.760296 0.903384
vt 0.834055 0.318904
vt 0.834735 0.311708
vt 0.101107 0.780232
vt 0.096483 0.779963
vt 0.324882 0.962798
vt 0.322010 0.953665
vt 0.453272 0.991132
vt 0.444977 0.985511
vt 0.448570 0.980960
vt 0.452896 0.981046
vt 0.105526 0.953737
vt 0.111136 0.948828
vt 0.906407 0.678278
vt 0.907595 0.666781
vt 0.913239 0.758025
vt 0.913123 0.770028
vt 0.995852 0.779456
vt 0.996629 0.789822
vt 0.992274 0.787704
vt 0.991938 0.778504
vt 0.327201 0.732095
vt 0.327926 0.721359
vt 0.720910 0.955291
vt 0.727772 0.955564
vt 0.728523 0.962042
vt 0.720304 0.962042
vt 0.851233 0.992586
vt 0.843863 0.991932
vt 0.847015 0.985239
vt 0.851233 0.985171
vt 0.326963 0.909048
vt 0.327302 0.903771
vt 0.334695 0.902628
vt 0.336302 0.908613
vt 0.417955 0.971999
vt 0.417081 0.980086
vt 0.411027 0.972974
vt 0.412077 0.969213
vt 0.935175 0.913151
vt 0.936074 0.906699
vt 0.941298 0.905452
vt 0.939430 0.914172
vt 0.461654 0.948457
vt 0.468807 0.947358
vt 0.465571 0.953277
vt 0.455981 0.953734
vt 0.964150 0.373822
vt 0.965243 0.387324
vt 0.961490 0.387755
vt 0.959646 0.372718
vt 0.873444 0.218979
vt 0.877089 0.213421
vt 0.879986 0.226073
vt 0.871857 0.224042
vt 0.706087 0.856651
vt 0.444086 0.918658
vt 0.439592 0.919410
vt 0.981630 0.234853
vt 0.852867 0.211866
vt 0.851921 0.207705
vt 0.786267 0.738350
vt 0.781392 0.733378
vt 0.760422 0.924101
vt 0.761528 0.933185
vt 0.729438 0.933109
vt 0.729904 0.941632
vt 0.869128 0.937706
vt 0.867209 0.946545
vt 0.923634 0.476850
vt 0.922242 0.489797
vt 0.917973 0.482417
vt 0.916284 0.477789
vt 0.110248 0.984119
vt 0.105526 0.980761
vt 0.113619 0.974833
vt 0.113619 0.983692
vt 0.867649 0.991141
vt 0.864576 0.984302
vt 0.599532 0.964046
vt 0.595044 0.965544
vt 0.595605 0.953040
vt 0.601036 0.954266
vt 0.966111 0.984836
vt 0.966384 0.977289
vt 0.969260 0.978561
vt 0.970434 0.986748
vt 0.954627 0.000000
vt 0.959240 0.005064
vt 0.956711 0.011445
vt 0.951292 0.010240
vt 0.681380 0.975349
vt 0.684405 0.983473
vt 0.681448 0.985965
vt 0.676669 0.976007
vt 0.992371 0.476372
vt 0.995202 0.469310
vt 0.996438 0.627040
vt 0.999292 0.636602
vt 0.994777 0.635141
vt 0.994005 0.626141
vt 0.629780 0.774906
vt 0.632963 0.772393
vt 0.639527 0.781189
vt 0.635870 0.783158
vt 0.808801 0.825580
vt 0.804497 0.814993
vt 0.807851 0.817049
vt 0.401181 0.872808
vt 0.399554 0.884222
vt 0.897892 0.138098
vt 0.893107 0.128050
vt 0.898313 0.126570
vt 0.901538 0.137744
vt 0.995517 0.423487
vt 0.994355 0.414712
vt 0.999019 0.413961
vt 0.998580 0.422994
vt 0.192504 0.977851
vt 0.186973 0.977318
vt 0.188886 0.969193
vt 0.193227 0.969195
vt 0.726282 0.326412
vt 0.726133 0.317464
vt 0.954878 0.138434
vt 0.951692 0.140473
vt 0.947290 0.131567
vt 0.953272 0.130839
vt 0.985725 0.719457
vt 0.990644 0.718472
vt 0.988862 0.727633
vt 0.984156 0.727721
vt 0.886222 0.510286
vt 0.880923 0.512839
vt 0.881354 0.504127
vt 0.885708 0.503294
vt 0.617533 0.956586
vt 0.613428 0.956312
vt 0.610671 0.953470
vt 0.618743 0.947244
vt 0.649687 0.922458
vt 0.648077 0.915570
vt 0.437639 0.990736
vt 0.438712 0.998714
vt 0.433334 0.994282
vt 0.432767 0.989550
vt 0.466532 0.987616
vt 0.472839 0.984217
vt 0.472839 0.994445
vt 0.755132 0.369734
vt 0.967282 0.568036
vt 0.972590 0.569015
vt 0.969823 0.574946
vt 0.965961 0.578906
vt 0.806099 0.419881
vt 0.813330 0.417354
vt 0.814632 0.423237
vt 0.806675 0.423619
vt 0.977964 0.746004
vt 0.973529 0.746905
vt 0.974495 0.736566
vt 0.979219 0.736896
vt 0.849312 0.344915
vt 0.847076 0.342278
vt 0.849312 0.339849
vt 0.375210 0.873057
vt 0.370237 0.877245
vt 0.411060 0.979967
vt 0.407464 0.973217
vt 0.810116 0.989653
vt 0.814988 0.986140
vt 0.814988 0.994852
vt 0.810318 0.996002
vt 0.988715 0.763475
vt 0.991553 0.765165
vt 0.990696 0.773529
vt 0.985902 0.773669
vt 0.667331 0.987126
vt 0.667331 0.994821
vt 0.662361 0.991397
vt 0.661497 0.985580
vt 0.812297 0.812682
vt 0.424292 0.708678
vt 0.430111 0.708377
vt 0.427486 0.717304
vt 0.425126 0.717727
vt 0.974797 0.564974
vt 0.974910 0.578906
vt 0.827470 0.997112
vt 0.826932 0.988835
vt 0.191230 0.909909
vt 0.192468 0.917262
vt 0.187993 0.918779
vt 0.187557 0.909752
vt 0.219095 0.552179
vt 0.219095 0.558345
vt 0.218049 0.555049
vt 0.269093 0.927739
vt 0.268548 0.934840
vt 0.937574 0.705192
vt 0.942553 0.700393
vt 0.461679 0.984298
vt 0.458325 0.989314
vt 0.880879 0.996387
vt 0.882096 0.990147
vt 0.885737 0.990147
vt 0.886830 0.996387
vt 0.990213 0.377392
vt 0.995637 0.377322
vt 0.994186 0.382951
vt 0.989857 0.382746
vt 0.999215 0.146888
vt 0.993270 0.140016
vt 0.825006 0.786785
vt 0.827452 0.777059
vt 0.830878 0.778805
vt 0.828632 0.788373
vt 0.277441 0.826290
vt 0.274860 0.827873
vt 0.270942 0.819245
vt 0.274165 0.817239
vt 0.782042 0.055860
vt 0.782075 0.046666
vt 0.847076 0.344915
vt 0.844827 0.343581
vt 0.844834 0.339715
vt 0.847076 0.341332
vt 0.771446 0.884753
vt 0.772337 0.887304
vt 0.036447 0.957841
vt 0.032165 0.957147
vt 0.765796 0.921142
vt 0.769196 0.923217
vt 0.763041 0.925561
vt 0.761528 0.920227
vt 0.708817 0.995412
vt 0.705824 0.990008
vt 0.708817 0.989395
vt 0.421768 0.715780
vt 0.422208 0.708747
vt 0.241428 0.950985
vt 0.243809 0.952519
vt 0.243404 0.957900
vt 0.239445 0.956969
vt 0.257981 0.822608
vt 0.257853 0.827679
vt 0.253862 0.827713
vt 0.254479 0.820037
vt 0.163569 0.988492
vt 0.162590 0.985073
vt 0.169062 0.976613
vt 0.168024 0.986805
vt 0.700923 0.988540
vt 0.700923 0.996168
vt 0.217856 0.487772
vt 0.219277 0.484961
vt 0.219277 0.491086
vt 0.218669 0.494487
vt 0.994661 0.436561
vt 0.999484 0.436407
vt 0.999484 0.441916
vt 0.994355 0.441738
vt 0.981385 0.538570
vt 0.977954 0.537871
vt 0.977918 0.530019
vt 0.981408 0.531271
vt 0.982437 0.648885
vt 0.980990 0.646532
vt 0.987036 0.641151
vt 0.986454 0.647962
vt 0.994638 0.507815
vt 0.997450 0.508421
vt 0.997899 0.515884
vt 0.992371 0.510703
vt 0.956858 0.947167
vt 0.954025 0.947780
vt 0.954153 0.942526
vt 0.958037 0.940732
vt 0.980694 0.293596
vt 0.983811 0.293034
vt 0.219500 0.850593
vt 0.223451 0.851125
vt 0.223027 0.856268
vt 0.219799 0.857977
vt 0.443719 0.985904
vt 0.444933 0.992294
vt 0.913352 0.400965
vt 0.908268 0.401615
vt 0.911514 0.393924
vt 0.914619 0.398288
vt 0.744156 0.978380
vt 0.745968 0.982334
vt 0.743150 0.984279
vt 0.739836 0.977346
vt 0.367414 0.909905
vt 0.366479 0.904487
vt 0.370237 0.904132
vt 0.370124 0.910485
vt 0.835608 0.696303
vt 0.833064 0.686734
vt 0.279510 0.660153
vt 0.277004 0.662795
vt 0.050347 0.519764
vt 0.052877 0.522383
vt 0.290637 0.855645
vt 0.293854 0.857255
vt 0.992800 0.469310
vt 0.887641 0.971765
vt 0.933219 0.123121
vt 0.403184 0.969063
vt 0.399328 0.970005
vt 0.400625 0.962270
vt 0.403357 0.964323
vt 0.489711 0.955129
vt 0.489580 0.963198
vt 0.989790 0.387432
vt 0.993012 0.385537
vt 0.996499 0.382951
vt 0.994324 0.386691
vt 0.028646 0.979102
vt 0.033586 0.972240
vt 0.035189 0.975325
vt 0.033284 0.978963
vt 0.769289 0.926909
vt 0.765263 0.927789
vt 0.172891 0.929170
vt 0.175319 0.929360
vt 0.174536 0.936142
vt 0.171337 0.935404
vt 0.578248 0.981519
vt 0.577258 0.983909
vt 0.572526 0.984634
vt 0.573229 0.980068
vt 0.220844 0.961722
vt 0.219500 0.956851
vt 0.060510 0.862135
vt 0.062833 0.866599
vt 0.655358 0.924960
vt 0.952882 0.701993
vt 0.957378 0.703272
vt 0.957112 0.707065
vt 0.954883 0.710303
vt 0.661442 0.907318
vt 0.659030 0.906073
vt 0.661442 0.899076
vt 0.608659 0.767475
vt 0.610765 0.772753
vt 0.607320 0.774608
vt 0.605476 0.764683
vt 0.939646 0.280609
vt 0.939133 0.274386
vt 0.834386 0.781960
vt 0.831725 0.781908
vt 0.101909 0.981968
vt 0.105386 0.982317
vt 0.222307 0.914911
vt 0.224395 0.918232
vt 0.222462 0.921809
vt 0.219500 0.924730
vt 0.986469 0.340867
vt 0.984249 0.342520
vt 0.982257 0.337043
vt 0.985544 0.336267
vt 0.766065 0.939404
vt 0.761528 0.940535
vt 0.764820 0.933399
vt 0.766962 0.936722
vt 0.827354 0.583107
vt 0.827356 0.579443
vt 0.830941 0.578752
vt 0.830941 0.582771
vt 0.444087 0.482794
vt 0.444774 0.482900
vt 0.444774 0.483667
vt 0.444087 0.483560
vt 0.458132 0.993711
vt 0.459296 0.989314
vt 0.461679 0.989945
vt 0.461679 0.997248
vt 0.968045 0.921915
vt 0.970709 0.925709
vt 0.965461 0.925292
vt 0.964078 0.920881
vt 0.320401 0.988655
vt 0.320401 0.996888
vt 0.317436 0.995936
vt 0.316022 0.992556
vt 0.934038 0.945211
vt 0.933694 0.938940
vt 0.936341 0.939315
vt 0.936508 0.944936
vt 0.023001 0.994072
vt 0.019254 0.992187
vt 0.020509 0.989590
vt 0.021392 0.986869
vt 0.995286 0.832173
vt 0.995057 0.836343
vt 0.991340 0.836459
vt 0.992431 0.831678
vt 0.941298 0.884001
vt 0.943620 0.884491
vt 0.944676 0.890628
vt 0.942828 0.891494
vt 0.967603 0.511071
vt 0.969956 0.511598
vt 0.920022 0.314546
vt 0.922352 0.315158
vt 0.921493 0.319768
vt 0.919349 0.319860
vt 0.994793 0.556460
vt 0.998422 0.556460
vt 0.998755 0.559561
vt 0.994630 0.559561
vt 0.442788 0.686132
vt 0.444794 0.686243
vt 0.443451 0.690705
vt 0.441046 0.690733
vt 0.224972 0.853633
vt 0.224626 0.857481
vt 0.440935 0.802390
vt 0.440935 0.805320
vt 0.016564 0.994072
vt 0.017146 0.989863
vt 0.175300 0.998218
vt 0.169062 0.987165
vt 0.175300 0.976613
vt 0.274488 0.827803
vt 0.270936 0.827392
vt 0.794953 0.796104
vt 0.793912 0.792520
vt 0.796267 0.792399
vt 0.796976 0.795606
vt 0.779528 0.045307
vt 0.520978 0.944777
vt 0.520337 0.948599
vt 0.833360 0.839962
vt 0.834015 0.842780
vt 0.831609 0.842768
vt 0.830878 0.839880
vt 0.312390 0.875048
vt 0.313466 0.873217
vt 0.994368 0.051403
vt 0.992263 0.051717
vt 0.993077 0.048208
vt 0.994824 0.048576
vt 0.742044 0.666609
vt 0.659861 0.924960
vt 0.659021 0.917426
vt 0.661466 0.913132
vt 0.661466 0.922230
vt 0.915147 0.971641
vt 0.914426 0.967843
vt 0.916428 0.968331
vt 0.917038 0.971390
vt 0.425958 0.707306
vt 0.427459 0.706897
vt 0.923480 0.319708
vt 0.921748 0.321180
vt 0.054025 0.958430
vt 0.049527 0.959246
vt 0.680087 0.715246
vt 0.675381 0.713600
vt 0.939123 0.396943
vt 0.943935 0.396504
vt 0.766775 0.601793
vt 0.770405 0.605222
vt 0.054955 0.961980
vt 0.050042 0.962870
vt 0.678717 0.720241
vt 0.673544 0.718432
vt 0.939056 0.392027
vt 0.944346 0.391544
vt 0.770111 0.597966
vt 0.774102 0.601736
vt 0.056052 0.966172
vt 0.050651 0.967151
vt 0.677167 0.725896
vt 0.671464 0.723901
vt 0.938979 0.386461
vt 0.944812 0.385929
vt 0.773887 0.593634
vt 0.778286 0.597790
vt 0.057294 0.970918
vt 0.051340 0.971997
vt 0.675456 0.732140
vt 0.669168 0.729940
vt 0.938895 0.380317
vt 0.945325 0.379730
vt 0.778056 0.588851
vt 0.782906 0.593433
vt 0.058665 0.976157
vt 0.052101 0.977346
vt 0.782582 0.583658
vt 0.787922 0.588702
vt 0.060154 0.981846
vt 0.052927 0.983155
vt 0.952775 0.351750
vt 0.955276 0.352674
vt 0.952897 0.358039
vt 0.950315 0.355502
vt 0.957741 0.353866
vt 0.956302 0.359254
vt 0.009011 0.980480
vt 0.011917 0.981571
vt 0.011235 0.985602
vt 0.007318 0.985661
vt 0.014308 0.981219
vt 0.014334 0.985527
vt 0.954447 0.349137
vt 0.956473 0.349885
vt 0.958469 0.350851
vt 0.010027 0.977628
vt 0.012382 0.978512
vt 0.014318 0.978227
vt 0.955868 0.346916
vt 0.957490 0.347515
vt 0.959089 0.348287
vt 0.010891 0.975204
vt 0.012776 0.975912
vt 0.014327 0.975683
vt 0.957148 0.344915
vt 0.958406 0.345380
vt 0.959646 0.345979
vt 0.011670 0.973021
vt 0.013132 0.973570
vt 0.014334 0.973393
vt 0.679640 0.754801
vt 0.672724 0.758843
vt 0.933522 0.560320
vt 0.941523 0.560695
vt 0.900316 0.866766
vt 0.892441 0.865428
vt 0.926282 0.669855
vt 0.934228 0.668943
vt 0.682852 0.760499
vt 0.675961 0.764527
vt 0.933910 0.552859
vt 0.941883 0.553232
vt 0.899497 0.873273
vt 0.891651 0.871939
vt 0.925390 0.662412
vt 0.933308 0.661503
vt 0.686046 0.766164
vt 0.679178 0.770178
vt 0.934296 0.545442
vt 0.942242 0.545814
vt 0.898684 0.879741
vt 0.890865 0.878412
vt 0.924504 0.655013
vt 0.932394 0.654107
vt 0.689225 0.771804
vt 0.682382 0.775804
vt 0.934681 0.538057
vt 0.942598 0.538429
vt 0.897874 0.886180
vt 0.890082 0.884856
vt 0.923621 0.647646
vt 0.931484 0.646743
vt 0.692393 0.777425
vt 0.685574 0.781410
vt 0.935064 0.530699
vt 0.942954 0.531069
vt 0.897066 0.892597
vt 0.889302 0.891277
vt 0.922742 0.640305
vt 0.930577 0.639405
vt 0.695552 0.783029
vt 0.688757 0.787000
vt 0.935447 0.523362
vt 0.943308 0.523730
vt 0.896261 0.898996
vt 0.888525 0.897681
vt 0.921865 0.632986
vt 0.929672 0.632089
vt 0.698703 0.788619
vt 0.691932 0.792576
vt 0.935828 0.516043
vt 0.943661 0.516411
vt 0.895459 0.905378
vt 0.887749 0.904067
vt 0.920990 0.625684
vt 0.928770 0.624791
vt 0.043545 0.993576
vt 0.048393 0.993576
vt 0.048898 0.997191
vt 0.043077 0.997191
vt 0.943049 0.489751
vt 0.947519 0.490125
vt 0.896087 0.928144
vt 0.891587 0.929937
vt 0.719620 0.992331
vt 0.723705 0.994017
vt 0.723705 0.998433
vt 0.718801 0.996409
vt 0.043919 0.990683
vt 0.047990 0.990683
vt 0.944416 0.486248
vt 0.948169 0.486562
vt 0.897088 0.931455
vt 0.893310 0.932960
vt 0.720275 0.989066
vt 0.723705 0.990482
vt 0.044243 0.988177
vt 0.047640 0.988177
vt 0.945600 0.483213
vt 0.948732 0.483475
vt 0.897955 0.934323
vt 0.894802 0.935579
vt 0.720843 0.986239
vt 0.723705 0.987420
vt 0.044534 0.985924
vt 0.047325 0.985924
vt 0.946664 0.480486
vt 0.949238 0.480701
vt 0.898735 0.936901
vt 0.896144 0.937933
vt 0.721353 0.983697
vt 0.723705 0.984668
vt 0.044802 0.983855
vt 0.047037 0.983855
vt 0.947642 0.477980
vt 0.949703 0.478153
vt 0.899451 0.939269
vt 0.897376 0.940096
vt 0.721822 0.981363
vt 0.723705 0.982140
vt 0.045051 0.981926
vt 0.046768 0.981926
vt 0.948553 0.475646
vt 0.950136 0.475778
vt 0.900118 0.941476
vt 0.898524 0.942111
vt 0.722258 0.979187
vt 0.723705 0.979784
vt 0.045285 0.980111
vt 0.046514 0.980111
vt 0.949411 0.473448
vt 0.950544 0.473542
vt 0.900746 0.943554
vt 0.899605 0.944008
vt 0.722669 0.977139
vt 0.723705 0.977567
vt 0.716802 0.802618
vt 0.714867 0.808083
vt 0.488916 0.977198
vt 0.483126 0.977198
vt 0.482995 0.972313
vt 0.489525 0.972313
vt 0.991213 0.887068
vt 0.996992 0.887068
vt 0.997347 0.893110
vt 0.990829 0.893110
vt 0.925108 0.598965
vt 0.930375 0.601399
vt 0.721483 0.804623
vt 0.719756 0.809500
vt 0.488403 0.981314
vt 0.483237 0.981314
vt 0.991536 0.881979
vt 0.996693 0.881979
vt 0.927206 0.595049
vt 0.931905 0.597221
vt 0.725673 0.806419
vt 0.724132 0.810768
vt 0.487944 0.984998
vt 0.483336 0.984998
vt 0.991825 0.877423
vt 0.996425 0.877423
vt 0.929083 0.591544
vt 0.933275 0.593481
vt 0.729532 0.808072
vt 0.728163 0.811936
vt 0.487521 0.988391
vt 0.483427 0.988391
vt 0.992092 0.873227
vt 0.996178 0.873227
vt 0.930813 0.588315
vt 0.934536 0.590036
vt 0.733146 0.809620
vt 0.731938 0.813030
vt 0.487124 0.991570
vt 0.483512 0.991570
vt 0.992342 0.869296
vt 0.995947 0.869296
vt 0.932432 0.585291
vt 0.935718 0.586810
vt 0.736569 0.811087
vt 0.735514 0.814065
vt 0.486749 0.994579
vt 0.483593 0.994579
vt 0.992578 0.865575
vt 0.995728 0.865575
vt 0.933966 0.582428
vt 0.936837 0.583755
vt 0.739836 0.812486
vt 0.738926 0.815054
vt 0.486391 0.997452
vt 0.483670 0.997452
vt 0.992804 0.862022
vt 0.995520 0.862022
vt 0.935430 0.579694
vt 0.937905 0.580838
vt 0.837331 0.127686
vt 0.857148 0.125050
vt 0.255384 0.560015
vt 0.267927 0.575502
vt 0.775433 0.563388
vt 0.794708 0.558340
vt 0.797903 0.578763
vt 0.782746 0.583658
vt 0.040622 0.604836
vt 0.028174 0.620474
vt 0.905349 0.278419
vt 0.919146 0.278670
vt 0.919240 0.292445
vt 0.903316 0.291952
vt 0.260251 0.599846
vt 0.252230 0.611080
vt 0.575607 0.926762
vt 0.562033 0.924259
vt 0.026160 0.571440
vt 0.034279 0.582601
vt 0.968563 0.588854
vt 0.957807 0.588947
vt 0.957664 0.579788
vt 0.968498 0.579694
vt 0.059222 0.544597
vt 0.067065 0.551957
vt 0.907607 0.233743
vt 0.918360 0.233939
vt 0.293318 0.630235
vt 0.285542 0.637668
vt 0.968330 0.597190
vt 0.958205 0.597277
vt 0.065254 0.538638
vt 0.072637 0.545566
vt 0.908078 0.225266
vt 0.918200 0.225450
vt 0.298950 0.636586
vt 0.291630 0.643582
vt 0.968109 0.605086
vt 0.958582 0.605169
vt 0.070969 0.532992
vt 0.077916 0.539511
vt 0.908525 0.217235
vt 0.918049 0.217408
vt 0.304286 0.642602
vt 0.297397 0.649185
vt 0.967897 0.612672
vt 0.958944 0.612749
vt 0.076458 0.527569
vt 0.082987 0.533695
vt 0.908954 0.209521
vt 0.917904 0.209684
vt 0.309411 0.648381
vt 0.302938 0.654568
vt 0.967685 0.619375
vt 0.959288 0.619447
vt 0.081354 0.522844
vt 0.088319 0.527534
vt 0.909382 0.201375
vt 0.917776 0.201528
vt 0.314800 0.654502
vt 0.307878 0.659257
vt 0.968031 0.624521
vt 0.959078 0.624598
vt 0.083659 0.517035
vt 0.091792 0.520780
vt 0.909272 0.194018
vt 0.918223 0.194181
vt 0.318316 0.661198
vt 0.310220 0.665021
vt 0.968472 0.631684
vt 0.958824 0.631767
vt 0.086944 0.509063
vt 0.095707 0.513098
vt 0.909116 0.185674
vt 0.918762 0.185849
vt 0.322280 0.668813
vt 0.313556 0.672932
vt 0.927573 0.457823
vt 0.938387 0.458763
vt 0.938804 0.466984
vt 0.927876 0.466035
vt 0.890902 0.841453
vt 0.901347 0.839295
vt 0.903709 0.849976
vt 0.893155 0.852157
vt 0.952566 0.588172
vt 0.941740 0.589097
vt 0.941944 0.580629
vt 0.952882 0.579694
vt 0.901562 0.596693
vt 0.890877 0.594269
vt 0.893140 0.583658
vt 0.903936 0.586107
vt 0.927275 0.449760
vt 0.937979 0.450690
vt 0.888690 0.830945
vt 0.899029 0.828809
vt 0.952255 0.596495
vt 0.941540 0.597411
vt 0.899231 0.607086
vt 0.888655 0.604687
vt 0.926980 0.441793
vt 0.937575 0.442713
vt 0.886505 0.820560
vt 0.896738 0.818446
vt 0.951948 0.604720
vt 0.941342 0.605626
vt 0.896927 0.617357
vt 0.886460 0.614982
vt 0.926688 0.433896
vt 0.937175 0.434806
vt 0.884338 0.810267
vt 0.894467 0.808175
vt 0.951644 0.612872
vt 0.941146 0.613769
vt 0.894644 0.627537
vt 0.884284 0.625187
vt 0.926398 0.426054
vt 0.936777 0.426955
vt 0.882188 0.800046
vt 0.892212 0.797975
vt 0.951342 0.620968
vt 0.940952 0.621855
vt 0.892377 0.637646
vt 0.882123 0.635320
vt 0.926058 0.417557
vt 0.936263 0.417556
vt 0.879910 0.787973
vt 0.890031 0.788677
vt 0.951085 0.628293
vt 0.940858 0.628252
vt 0.890268 0.645815
vt 0.879910 0.646220
vt 0.925986 0.370919
vt 0.930312 0.372650
vt 0.928637 0.377704
vt 0.923634 0.376973
vt 0.897343 0.745826
vt 0.901767 0.746776
vt 0.901420 0.752347
vt 0.896617 0.750988
vt 0.944606 0.670555
vt 0.940284 0.672287
vt 0.937905 0.665952
vt 0.942914 0.665237
vt 0.901159 0.689023
vt 0.896605 0.689794
vt 0.895472 0.683136
vt 0.900408 0.681961
vt 0.927526 0.367084
vt 0.931565 0.368700
vt 0.897924 0.741792
vt 0.902053 0.742679
vt 0.945827 0.674478
vt 0.941792 0.676094
vt 0.901569 0.693304
vt 0.897317 0.694023
vt 0.928876 0.363722
vt 0.932662 0.365237
vt 0.898433 0.738256
vt 0.902304 0.739088
vt 0.946897 0.677917
vt 0.943114 0.679433
vt 0.901928 0.697056
vt 0.897942 0.697731
vt 0.930116 0.360635
vt 0.933670 0.362057
vt 0.898901 0.735009
vt 0.902535 0.735789
vt 0.947879 0.681075
vt 0.944328 0.682498
vt 0.902257 0.700502
vt 0.898516 0.701136
vt 0.931280 0.357737
vt 0.934617 0.359072
vt 0.899339 0.731960
vt 0.902751 0.732693
vt 0.948802 0.684040
vt 0.945468 0.685376
vt 0.902567 0.703737
vt 0.899054 0.704332
vt 0.932387 0.354982
vt 0.935517 0.356234
vt 0.899757 0.729061
vt 0.902957 0.729748
vt 0.949679 0.686859
vt 0.946552 0.688112
vt 0.902861 0.706813
vt 0.899566 0.707371
vt 0.933448 0.352339
vt 0.936379 0.353512
vt 0.900157 0.726281
vt 0.903154 0.726925
vt 0.950520 0.689563
vt 0.947591 0.690736
vt 0.903143 0.709763
vt 0.900057 0.710285
vt 0.934472 0.349789
vt 0.937212 0.350886
vt 0.900543 0.723599
vt 0.903345 0.724201
vt 0.951331 0.692171
vt 0.948594 0.693268
vt 0.903416 0.712609
vt 0.900531 0.713097
vt 0.935464 0.347319
vt 0.938019 0.348341
vt 0.900917 0.721000
vt 0.903529 0.721561
vt 0.952117 0.694699
vt 0.949565 0.695722
vt 0.903679 0.715367
vt 0.900990 0.715822
vt 0.936429 0.344915
vt 0.938804 0.345866
vt 0.901281 0.718472
vt 0.903709 0.718994
vt 0.952882 0.697157
vt 0.950510 0.698108
vt 0.903936 0.718049
vt 0.901436 0.718472
vt 0.975555 0.121451
vt 0.985209 0.124041
vt 0.073181 0.989260
vt 0.063202 0.989751
vt 0.534731 0.975739
vt 0.528135 0.983251
vt 0.980703 0.254098
vt 0.970708 0.254098
vt 0.767520 0.973132
vt 0.774325 0.971437
vt 0.775886 0.977492
vt 0.768653 0.979294
vt 0.983209 0.931641
vt 0.990224 0.931641
vt 0.990547 0.938322
vt 0.983091 0.938322
vt 0.966580 0.671372
vt 0.959838 0.669455
vt 0.959994 0.662583
vt 0.968319 0.665343
vt 0.901184 0.950866
vt 0.894293 0.950763
vt 0.893779 0.944008
vt 0.901607 0.944482
vt 0.766516 0.967669
vt 0.772941 0.966069
vt 0.983315 0.925715
vt 0.989937 0.925715
vt 0.965037 0.676719
vt 0.958673 0.674908
vt 0.901255 0.956850
vt 0.894748 0.956752
vt 0.765587 0.962615
vt 0.771660 0.961102
vt 0.983412 0.920234
vt 0.989672 0.920234
vt 0.963611 0.681665
vt 0.957594 0.679953
vt 0.901321 0.962386
vt 0.895170 0.962294
vt 0.764710 0.957844
vt 0.770451 0.956414
vt 0.983504 0.915060
vt 0.989422 0.915060
vt 0.962264 0.686333
vt 0.956576 0.684716
vt 0.901383 0.967611
vt 0.895568 0.967525
vt 0.763872 0.953288
vt 0.769297 0.951936
vt 0.983591 0.910118
vt 0.989183 0.910118
vt 0.960978 0.690792
vt 0.955604 0.689263
vt 0.901442 0.972602
vt 0.895948 0.972520
vt 0.763066 0.948903
vt 0.768186 0.947627
vt 0.983676 0.905363
vt 0.988953 0.905363
vt 0.959740 0.695083
vt 0.954668 0.693640
vt 0.901499 0.977405
vt 0.896313 0.977327
vt 0.762286 0.944659
vt 0.767110 0.943457
vt 0.983757 0.900760
vt 0.988731 0.900760
vt 0.958542 0.699236
vt 0.953762 0.697877
vt 0.901554 0.982053
vt 0.896667 0.981980
vt 0.983837 0.896288
vt 0.988514 0.896288
vt 0.901607 0.986570
vt 0.897011 0.986502
vt 0.660522 0.987316
vt 0.656895 0.987316
vt 0.656826 0.984639
vt 0.660774 0.984639
vt 0.225955 0.961610
vt 0.223330 0.964109
vt 0.959385 0.708606
vt 0.957335 0.711584
vt 0.860115 0.200245
vt 0.862741 0.202749
vt 0.660321 0.989590
vt 0.656975 0.989590
vt 0.227956 0.963920
vt 0.225534 0.966225
vt 0.961400 0.709973
vt 0.959508 0.712720
vt 0.862323 0.198136
vt 0.864746 0.200446
vt 0.660135 0.991693
vt 0.657048 0.991693
vt 0.229807 0.966056
vt 0.227573 0.968183
vt 0.963264 0.711237
vt 0.961519 0.713771
vt 0.864366 0.196184
vt 0.866600 0.198315
vt 0.659959 0.993678
vt 0.657118 0.993678
vt 0.231553 0.968072
vt 0.229497 0.970030
vt 0.965023 0.712430
vt 0.963417 0.714763
vt 0.866293 0.194343
vt 0.868350 0.196304
vt 0.659791 0.995573
vt 0.657184 0.995573
vt 0.233221 0.969998
vt 0.231334 0.971794
vt 0.966702 0.713569
vt 0.965229 0.715710
vt 0.868134 0.192585
vt 0.870021 0.194384
vt 0.659629 0.997397
vt 0.657248 0.997397
vt 0.234826 0.971851
vt 0.233103 0.973491
vt 0.968319 0.714665
vt 0.966973 0.716621
vt 0.869905 0.190892
vt 0.871629 0.192536
vt 0.992916 0.306542
vt 0.986630 0.306542
vt 0.986469 0.300795
vt 0.993414 0.300795
vt 0.989454 0.351884
vt 0.983286 0.351883
vt 0.982977 0.344915
vt 0.989790 0.344916
vt 0.988663 0.204895
vt 0.982403 0.205506
vt 0.522565 0.952065
vt 0.528730 0.953310
vt 0.992501 0.311342
vt 0.986764 0.311342
vt 0.989173 0.357703
vt 0.983544 0.357703
vt 0.988963 0.209815
vt 0.983250 0.210373
vt 0.523989 0.946418
vt 0.529616 0.947554
vt 0.992132 0.315615
vt 0.986884 0.315615
vt 0.988923 0.362883
vt 0.983774 0.362883
vt 0.989230 0.214195
vt 0.984004 0.214705
vt 0.525258 0.941392
vt 0.530405 0.942431
vt 0.991792 0.319534
vt 0.986993 0.319534
vt 0.988694 0.367635
vt 0.983985 0.367635
vt 0.989474 0.218212
vt 0.984696 0.218678
vt 0.526421 0.936782
vt 0.531128 0.937732
vt 0.991476 0.323192
vt 0.987095 0.323192
vt 0.988480 0.372070
vt 0.984182 0.372070
vt 0.989703 0.221962
vt 0.985341 0.222387
vt 0.527507 0.932478
vt 0.531803 0.933346
vt 0.991177 0.326647
vt 0.987192 0.326647
vt 0.988278 0.376259
vt 0.984368 0.376259
vt 0.989919 0.225503
vt 0.985951 0.225890
vt 0.528532 0.928414
vt 0.532441 0.929203
vt 0.990892 0.329937
vt 0.987284 0.329937
vt 0.988085 0.380248
vt 0.984545 0.380248
vt 0.990124 0.228875
vt 0.986531 0.229226
vt 0.529509 0.924544
vt 0.533048 0.925258
vt 0.990620 0.333089
vt 0.987372 0.333089
vt 0.987901 0.384070
vt 0.984715 0.384070
vt 0.990321 0.232106
vt 0.987087 0.232422
vt 0.530445 0.920836
vt 0.533630 0.921479
vt 0.990357 0.336123
vt 0.987457 0.336123
vt 0.987723 0.387749
vt 0.984878 0.387749
vt 0.990510 0.235217
vt 0.987623 0.235499
vt 0.531345 0.917266
vt 0.534190 0.917840
vt 0.990104 0.339056
vt 0.987539 0.339056
vt 0.987552 0.391304
vt 0.985036 0.391304
vt 0.990694 0.238223
vt 0.988140 0.238472
vt 0.532216 0.913816
vt 0.534731 0.914324
vt 0.767500 0.931828
vt 0.769461 0.934871
vt 0.225761 0.952952
vt 0.226786 0.956421
vt 0.702217 0.994994
vt 0.705824 0.994965
vt 0.705824 0.997843
vt 0.701889 0.997875
vt 0.863574 0.207946
vt 0.862550 0.211420
vt 0.769930 0.930403
vt 0.771727 0.933192
vt 0.228683 0.952258
vt 0.229623 0.955437
vt 0.702458 0.992286
vt 0.705764 0.992259
vt 0.866416 0.208943
vt 0.865477 0.212126
vt 0.772212 0.929066
vt 0.773855 0.931615
vt 0.231426 0.951607
vt 0.232285 0.954513
vt 0.702684 0.989743
vt 0.705707 0.989719
vt 0.869084 0.209878
vt 0.868226 0.212788
vt 0.774389 0.927789
vt 0.775886 0.930111
vt 0.234044 0.950985
vt 0.234826 0.953632
vt 0.702900 0.987317
vt 0.705653 0.987295
vt 0.871629 0.210770
vt 0.870848 0.213421
vt 0.925353 0.406435
vt 0.934094 0.405552
vt 0.884650 0.776683
vt 0.892926 0.779633
vt 0.949005 0.637512
vt 0.940238 0.636581
vt 0.892591 0.653763
vt 0.884082 0.656383
vt 0.924941 0.399438
vt 0.932773 0.398647
vt 0.887591 0.770301
vt 0.895006 0.772945
vt 0.947534 0.644309
vt 0.939678 0.643475
vt 0.894421 0.660383
vt 0.886797 0.662730
vt 0.924581 0.393315
vt 0.931617 0.392604
vt 0.890165 0.764717
vt 0.896827 0.767092
vt 0.946246 0.650258
vt 0.939189 0.649508
vt 0.896023 0.666175
vt 0.889173 0.668284
vt 0.924250 0.387699
vt 0.930557 0.387062
vt 0.892527 0.759594
vt 0.898498 0.761723
vt 0.945065 0.655714
vt 0.938740 0.655043
vt 0.897492 0.671489
vt 0.891353 0.673379
vt 0.923940 0.382432
vt 0.929562 0.381863
vt 0.894741 0.754790
vt 0.900064 0.756687
vt 0.943958 0.660832
vt 0.938319 0.660233
vt 0.898870 0.676472
vt 0.893397 0.678157
vt 0.567707 0.955869
vt 0.559161 0.954294
vt 0.370177 0.987331
vt 0.359345 0.987331
vt 0.458073 0.989314
vt 0.458073 0.995246
vt 0.453272 0.994835
vt 0.453272 0.989404
vt 0.715373 0.995194
vt 0.718144 0.995194
vt 0.718580 0.998194
vt 0.714938 0.998194
vt 0.052786 0.518023
vt 0.054712 0.520016
vt 0.882535 0.987153
vt 0.885306 0.987153
vt 0.281378 0.662527
vt 0.279470 0.664538
vt 0.715722 0.992785
vt 0.717794 0.992785
vt 0.054745 0.516625
vt 0.056185 0.518115
vt 0.882887 0.984748
vt 0.884959 0.984748
vt 0.282878 0.664434
vt 0.281452 0.665938
vt 0.716025 0.990694
vt 0.717490 0.990694
vt 0.056446 0.515410
vt 0.057464 0.516464
vt 0.883193 0.982661
vt 0.884659 0.982661
vt 0.284181 0.666090
vt 0.283172 0.667153
vt 0.716298 0.988810
vt 0.717217 0.988810
vt 0.057977 0.514317
vt 0.058616 0.514979
vt 0.883469 0.980781
vt 0.884388 0.980781
vt 0.285353 0.667580
vt 0.284721 0.668247
vt 0.750972 0.964742
vt 0.754472 0.964742
vt 0.043020 0.515528
vt 0.046408 0.514646
vt 0.998334 0.562918
vt 0.994845 0.562918
vt 0.273113 0.667953
vt 0.269719 0.667105
vt 0.751187 0.962256
vt 0.754170 0.962256
vt 0.042547 0.512688
vt 0.045435 0.511936
vt 0.997993 0.565634
vt 0.995020 0.565634
vt 0.272172 0.670687
vt 0.269279 0.669965
vt 0.751374 0.960087
vt 0.753907 0.960087
vt 0.042135 0.510210
vt 0.044587 0.509572
vt 0.997696 0.568004
vt 0.995172 0.568004
vt 0.271351 0.673072
vt 0.268896 0.672459
vt 0.751543 0.958128
vt 0.753669 0.958128
vt 0.041762 0.507972
vt 0.043820 0.507436
vt 0.997428 0.570144
vt 0.995309 0.570144
vt 0.270609 0.675227
vt 0.268549 0.674712
vt 0.751699 0.956321
vt 0.753449 0.956321
vt 0.041418 0.505907
vt 0.043113 0.505466
vt 0.997181 0.572119
vt 0.995436 0.572119
vt 0.269926 0.677214
vt 0.268229 0.676790
vt 0.751845 0.954632
vt 0.753244 0.954632
vt 0.041097 0.503976
vt 0.042451 0.503624
vt 0.996949 0.573965
vt 0.995555 0.573965
vt 0.269286 0.679073
vt 0.267930 0.678734
vt 0.751983 0.953037
vt 0.753050 0.953037
vt 0.040793 0.502154
vt 0.041827 0.501885
vt 0.996731 0.575708
vt 0.995666 0.575708
vt 0.268682 0.680827
vt 0.267647 0.680568
vt 0.024260 0.991786
vt 0.027187 0.991786
vt 0.028451 0.995366
vt 0.023001 0.995366
vt 0.055630 0.531913
vt 0.057969 0.533672
vt 0.363474 0.970146
vt 0.366401 0.970146
vt 0.284518 0.648845
vt 0.282194 0.650625
vt 0.024815 0.989143
vt 0.026628 0.989143
vt 0.057642 0.530177
vt 0.059091 0.531266
vt 0.364045 0.967595
vt 0.365858 0.967595
vt 0.285678 0.651273
vt 0.284239 0.652376
vt 0.025292 0.986869
vt 0.026147 0.986869
vt 0.059373 0.528683
vt 0.060057 0.529197
vt 0.364536 0.965400
vt 0.365391 0.965400
vt 0.286676 0.653361
vt 0.285997 0.653881
vt 0.879000 0.484428
vt 0.886668 0.484263
vt 0.886706 0.489492
vt 0.880119 0.486850
vt 0.772338 0.318408
vt 0.781048 0.316533
vt 0.287632 0.888666
vt 0.279896 0.887738
vt 0.874829 0.487989
vt 0.876740 0.490911
vt 0.277134 0.881813
vt 0.873566 0.447686
vt 0.887122 0.451618
vt 0.744618 0.311314
vt 0.746463 0.297496
vt 0.478160 0.943659
vt 0.490108 0.936228
vt 0.495362 0.945120
vt 0.482870 0.954830
vt 0.845135 0.916924
vt 0.858954 0.916561
vt 0.876433 0.440167
vt 0.889331 0.440083
vt 0.731922 0.310212
vt 0.733032 0.297204
vt 0.473197 0.932553
vt 0.485542 0.929293
vt 0.845808 0.907144
vt 0.858736 0.907432
vt 0.872344 0.436122
vt 0.884735 0.432097
vt 0.567966 0.966761
vt 0.578113 0.968747
vt 0.578248 0.980068
vt 0.568821 0.977551
vt 0.475263 0.922119
vt 0.488123 0.922933
vt 0.943713 0.462669
vt 0.956072 0.461939
vt 0.955153 0.468379
vt 0.943609 0.469677
vt 0.567144 0.955869
vt 0.578248 0.958044
vt 0.204045 0.939696
vt 0.199409 0.934904
vt 0.202123 0.932008
vt 0.207097 0.937317
vt 0.892444 0.542283
vt 0.898767 0.540954
vt 0.196144 0.906620
vt 0.202459 0.904524
vt 0.965563 0.339923
vt 0.959761 0.338608
vt 0.958958 0.333310
vt 0.965563 0.334890
vt 0.200968 0.942136
vt 0.196598 0.937619
vt 0.892455 0.537746
vt 0.898416 0.536494
vt 0.194795 0.902867
vt 0.200749 0.900890
vt 0.965563 0.344681
vt 0.960093 0.343441
vt 0.198747 0.943168
vt 0.193428 0.941050
vt 0.892276 0.532299
vt 0.897772 0.530452
vt 0.193428 0.897798
vt 0.199140 0.898282
vt 0.745679 0.995889
vt 0.746051 0.990579
vt 0.748916 0.989344
vt 0.748916 0.994670
vt 0.991031 0.759787
vt 0.995477 0.759787
vt 0.995714 0.763359
vt 0.990644 0.763359
vt 0.994644 0.986356
vt 0.990351 0.986356
vt 0.990278 0.982345
vt 0.995175 0.982345
vt 0.049183 0.994576
vt 0.053632 0.994576
vt 0.053972 0.998332
vt 0.048898 0.998332
vt 0.996488 0.288307
vt 0.992040 0.288307
vt 0.991711 0.284249
vt 0.996784 0.284249
vt 0.991363 0.756721
vt 0.995273 0.756721
vt 0.994188 0.989798
vt 0.990413 0.989798
vt 0.049429 0.991352
vt 0.053341 0.991352
vt 0.996234 0.291791
vt 0.992323 0.291791
vt 0.991664 0.753943
vt 0.995088 0.753943
vt 0.993775 0.992917
vt 0.990469 0.992917
vt 0.049651 0.988431
vt 0.053077 0.988431
vt 0.996004 0.294948
vt 0.992578 0.294948
vt 0.991944 0.751361
vt 0.994916 0.751361
vt 0.993392 0.995816
vt 0.990521 0.995816
vt 0.049857 0.985716
vt 0.052831 0.985716
vt 0.995790 0.297882
vt 0.992816 0.297882
vt 0.992207 0.748926
vt 0.994754 0.748926
vt 0.993030 0.998551
vt 0.990571 0.998551
vt 0.050052 0.983155
vt 0.052600 0.983155
vt 0.995588 0.300649
vt 0.993041 0.300649
vt 0.200036 0.946728
vt 0.194768 0.947469
vt 0.889131 0.526704
vt 0.894360 0.524184
vt 0.197881 0.892247
vt 0.202247 0.895178
vt 0.079789 0.968181
vt 0.074514 0.968864
vt 0.075140 0.965560
vt 0.080319 0.964169
vt 0.201391 0.952136
vt 0.196100 0.952880
vt 0.886409 0.522106
vt 0.891661 0.519575
vt 0.201545 0.888140
vt 0.205930 0.891083
vt 0.079370 0.973415
vt 0.074072 0.974101
vt 0.202754 0.957575
vt 0.197439 0.958322
vt 0.883671 0.517482
vt 0.888947 0.514939
vt 0.205231 0.884009
vt 0.209634 0.886965
vt 0.078949 0.978680
vt 0.073627 0.979369
vt 0.058539 0.985848
vt 0.054071 0.985848
vt 0.053972 0.983155
vt 0.059014 0.983155
vt 0.257956 0.879943
vt 0.254329 0.881138
vt 0.253862 0.877002
vt 0.257956 0.875653
vt 0.208365 0.872514
vt 0.212137 0.870140
vt 0.517230 0.988094
vt 0.521026 0.988920
vt 0.058143 0.988090
vt 0.054153 0.988090
vt 0.257956 0.883512
vt 0.254717 0.884579
vt 0.207022 0.870414
vt 0.210390 0.868294
vt 0.517469 0.984542
vt 0.520859 0.985279
vt 0.057792 0.990080
vt 0.054226 0.990080
vt 0.257956 0.886682
vt 0.255062 0.887636
vt 0.205829 0.868549
vt 0.208839 0.866655
vt 0.517682 0.981387
vt 0.520711 0.982046
vt 0.057470 0.991902
vt 0.054293 0.991902
vt 0.257956 0.889585
vt 0.255378 0.890434
vt 0.204737 0.866841
vt 0.207418 0.865154
vt 0.517877 0.978499
vt 0.520575 0.979086
vt 0.057170 0.993600
vt 0.054356 0.993601
vt 0.257956 0.892290
vt 0.255672 0.893043
vt 0.203719 0.865250
vt 0.206094 0.863755
vt 0.518058 0.975806
vt 0.520449 0.976326
vt 0.056887 0.995203
vt 0.054415 0.995203
vt 0.257956 0.894842
vt 0.255949 0.895504
vt 0.202759 0.863748
vt 0.204846 0.862435
vt 0.518230 0.973266
vt 0.520330 0.973723
vt 0.056618 0.996727
vt 0.054471 0.996727
vt 0.257956 0.897270
vt 0.256213 0.897845
vt 0.201845 0.862320
vt 0.203657 0.861179
vt 0.518393 0.970850
vt 0.520216 0.971246
vt 0.056360 0.998186
vt 0.054525 0.998186
vt 0.257956 0.899594
vt 0.256466 0.900086
vt 0.518548 0.968537
vt 0.520108 0.968876
vt 0.788179 0.937340
vt 0.781752 0.942089
vt 0.775886 0.934250
vt 0.786324 0.927789
vt 0.888476 0.566759
vt 0.898555 0.565893
vt 0.897877 0.574406
vt 0.886042 0.577863
vt 0.204035 0.925975
vt 0.214178 0.920963
vt 0.218666 0.925977
vt 0.206458 0.932008
vt 0.797366 0.938654
vt 0.797382 0.929371
vt 0.784479 0.949491
vt 0.326252 0.897690
vt 0.333589 0.896555
vt 0.883038 0.552759
vt 0.886021 0.546681
vt 0.639632 0.898492
vt 0.632342 0.897170
vt 0.633699 0.890733
vt 0.640822 0.892136
vt 0.987404 0.574047
vt 0.994630 0.572993
vt 0.994630 0.578247
vt 0.987048 0.579694
vt 0.325214 0.891670
vt 0.332493 0.890543
vt 0.877411 0.551626
vt 0.880372 0.545594
vt 0.638312 0.904559
vt 0.631078 0.903248
vt 0.987460 0.568837
vt 0.994630 0.567791
vt 0.324181 0.885688
vt 0.331405 0.884570
vt 0.871822 0.550500
vt 0.874759 0.544514
vt 0.637000 0.910587
vt 0.629822 0.909286
vt 0.987515 0.563661
vt 0.994630 0.562623
vt 0.323044 0.878373
vt 0.330306 0.878438
vt 0.866108 0.549338
vt 0.870269 0.543737
vt 0.635850 0.915211
vt 0.628594 0.915105
vt 0.987587 0.558651
vt 0.994508 0.556460
vt 0.325194 0.868189
vt 0.331479 0.869320
vt 0.153268 0.970656
vt 0.159376 0.968814
vt 0.161288 0.974851
vt 0.154850 0.978153
vt 0.636721 0.922768
vt 0.630416 0.923753
vt 0.396838 0.925075
vt 0.390644 0.923521
vt 0.392573 0.914703
vt 0.399127 0.917678
vt 0.326515 0.862449
vt 0.332234 0.863479
vt 0.152273 0.965845
vt 0.157831 0.964168
vt 0.637356 0.928646
vt 0.631618 0.929542
vt 0.395301 0.930012
vt 0.389663 0.928598
vt 0.327658 0.857480
vt 0.332889 0.858421
vt 0.151411 0.961679
vt 0.156494 0.960145
vt 0.637906 0.933735
vt 0.632658 0.934555
vt 0.393970 0.934287
vt 0.388814 0.932994
vt 0.328699 0.852952
vt 0.333484 0.853814
vt 0.150626 0.957883
vt 0.155276 0.956480
vt 0.638406 0.938372
vt 0.633606 0.939122
vt 0.392757 0.938182
vt 0.388041 0.936999
vt 0.329671 0.848728
vt 0.334041 0.849514
vt 0.149893 0.954341
vt 0.154139 0.953061
vt 0.638874 0.942699
vt 0.634490 0.943383
vt 0.391626 0.941816
vt 0.387320 0.940736
vt 0.330591 0.844730
vt 0.334567 0.845445
vt 0.149200 0.950990
vt 0.153063 0.949824
vt 0.639316 0.946793
vt 0.635327 0.947416
vt 0.390555 0.945256
vt 0.386637 0.944273
vt 0.331470 0.840911
vt 0.335070 0.841558
vt 0.148537 0.947788
vt 0.152036 0.946733
vt 0.639738 0.950704
vt 0.636127 0.951269
vt 0.389532 0.948541
vt 0.385984 0.947652
vt 0.332366 0.836893
vt 0.335632 0.837286
vt 0.147854 0.944246
vt 0.151077 0.944059
vt 0.640099 0.954122
vt 0.636825 0.954440
vt 0.388586 0.951242
vt 0.385333 0.951196
vt 0.332533 0.833611
vt 0.335742 0.833824
vt 0.149199 0.940957
vt 0.152180 0.941506
vt 0.640160 0.956734
vt 0.636944 0.956878
vt 0.389684 0.953589
vt 0.386688 0.954257
vt 0.332657 0.831021
vt 0.335805 0.831230
vt 0.150279 0.938481
vt 0.153203 0.939019
vt 0.640234 0.959287
vt 0.637080 0.959429
vt 0.390745 0.956026
vt 0.387807 0.956681
vt 0.332776 0.828555
vt 0.335865 0.828761
vt 0.151308 0.936124
vt 0.154177 0.936652
vt 0.640305 0.961717
vt 0.637209 0.961856
vt 0.391754 0.958346
vt 0.388871 0.958988
vt 0.332891 0.826168
vt 0.335923 0.826370
vt 0.152304 0.933842
vt 0.155120 0.934360
vt 0.640374 0.964071
vt 0.637335 0.964207
vt 0.392732 0.960592
vt 0.389902 0.961223
vt 0.333003 0.823837
vt 0.335980 0.824035
vt 0.153276 0.931613
vt 0.156041 0.932122
vt 0.640441 0.966369
vt 0.637457 0.966502
vt 0.393687 0.962785
vt 0.390909 0.963405
vt 0.333113 0.821549
vt 0.336035 0.821744
vt 0.154231 0.929427
vt 0.156945 0.929926
vt 0.640507 0.968623
vt 0.637578 0.968755
vt 0.394624 0.964938
vt 0.391896 0.965545
vt 0.333221 0.819298
vt 0.336090 0.819489
vt 0.155170 0.927274
vt 0.157835 0.927765
vt 0.640571 0.970843
vt 0.637696 0.970972
vt 0.395546 0.967056
vt 0.392869 0.967653
vt 0.333327 0.817077
vt 0.336144 0.817264
vt 0.156097 0.925151
vt 0.158713 0.925632
vt 0.640635 0.973032
vt 0.637813 0.973159
vt 0.396456 0.969146
vt 0.393828 0.969732
vt 0.333433 0.814881
vt 0.336197 0.815065
vt 0.157012 0.923052
vt 0.159580 0.923524
vt 0.640698 0.975196
vt 0.637928 0.975321
vt 0.397355 0.971212
vt 0.394776 0.971786
vt 0.333537 0.812709
vt 0.336250 0.812890
vt 0.157919 0.920975
vt 0.160438 0.921439
vt 0.640761 0.977338
vt 0.638042 0.977460
vt 0.398245 0.973255
vt 0.395713 0.973820
vt 0.333641 0.810557
vt 0.336302 0.810734
vt 0.158816 0.918918
vt 0.161288 0.919373
vt 0.640822 0.979459
vt 0.638155 0.979578
vt 0.399127 0.975280
vt 0.396643 0.975834
vt 0.869847 0.382348
vt 0.882019 0.385527
vt 0.961188 0.113753
vt 0.973725 0.114828
vt 0.424376 0.955723
vt 0.436817 0.957288
vt 0.384682 0.934448
vt 0.372153 0.935708
vt 0.873010 0.373183
vt 0.883748 0.375988
vt 0.962836 0.105408
vt 0.973896 0.106356
vt 0.426408 0.946299
vt 0.437383 0.947679
vt 0.384826 0.943537
vt 0.373773 0.944649
vt 0.875849 0.364958
vt 0.885299 0.367427
vt 0.964315 0.097918
vt 0.974049 0.098753
vt 0.428231 0.937840
vt 0.437891 0.939055
vt 0.384956 0.951695
vt 0.375228 0.952673
vt 0.878469 0.357368
vt 0.886731 0.359526
vt 0.965680 0.091006
vt 0.974190 0.091736
vt 0.429914 0.930035
vt 0.438359 0.931097
vt 0.385075 0.959223
vt 0.376570 0.960078
vt 0.880926 0.350247
vt 0.888075 0.352115
vt 0.966960 0.084522
vt 0.974323 0.085153
vt 0.431492 0.922712
vt 0.438799 0.923631
vt 0.385187 0.966285
vt 0.377829 0.967025
vt 0.883612 0.347033
vt 0.889331 0.344915
vt 0.968138 0.078244
vt 0.973706 0.076226
vt 0.434684 0.912586
vt 0.439133 0.916707
vt 0.385333 0.972850
vt 0.379845 0.970915
vt 0.319541 0.930526
vt 0.309717 0.930341
vt 0.819643 0.871668
vt 0.827113 0.867110
vt 0.830878 0.875801
vt 0.821572 0.879867
vt 0.360365 0.956288
vt 0.370177 0.956735
vt 0.370177 0.964904
vt 0.361347 0.965400
vt 0.643245 0.699131
vt 0.635272 0.693966
vt 0.319278 0.937543
vt 0.309862 0.937365
vt 0.817887 0.864203
vt 0.825046 0.859835
vt 0.360773 0.948869
vt 0.370177 0.949298
vt 0.640596 0.705473
vt 0.632954 0.700523
vt 0.319030 0.944146
vt 0.309999 0.943976
vt 0.816235 0.857179
vt 0.823102 0.852989
vt 0.361157 0.941888
vt 0.370177 0.942299
vt 0.638103 0.711442
vt 0.630773 0.706693
vt 0.318794 0.950458
vt 0.310130 0.950294
vt 0.814655 0.850464
vt 0.821243 0.846444
vt 0.361524 0.935215
vt 0.370177 0.935610
vt 0.635719 0.717146
vt 0.628688 0.712591
vt 0.318566 0.956546
vt 0.310256 0.956390
vt 0.813131 0.843987
vt 0.819450 0.840131
vt 0.361878 0.928778
vt 0.370177 0.929156
vt 0.633420 0.722650
vt 0.626676 0.718280
vt 0.318344 0.962456
vt 0.310379 0.962306
vt 0.811652 0.837700
vt 0.817709 0.834004
vt 0.362221 0.922530
vt 0.370177 0.922893
vt 0.631189 0.727991
vt 0.624724 0.723802
vt 0.318128 0.968216
vt 0.310498 0.968072
vt 0.810211 0.831572
vt 0.816013 0.828032
vt 0.362556 0.916440
vt 0.370177 0.916788
vt 0.629014 0.733197
vt 0.622821 0.729185
vt 0.317917 0.973849
vt 0.310615 0.973711
vt 0.362883 0.910485
vt 0.370177 0.910818
vt 0.028797 0.992729
vt 0.034653 0.992554
vt 0.035189 0.997876
vt 0.028857 0.998065
vt 0.805052 0.812957
vt 0.809163 0.808919
vt 0.305693 0.988176
vt 0.311537 0.988376
vt 0.614810 0.756069
vt 0.610791 0.752544
vt 0.028744 0.987910
vt 0.034169 0.987747
vt 0.802523 0.809262
vt 0.806332 0.805521
vt 0.306219 0.983109
vt 0.311633 0.983294
vt 0.612635 0.760103
vt 0.608911 0.756837
vt 0.028694 0.983398
vt 0.033716 0.983248
vt 0.800156 0.805802
vt 0.803682 0.802339
vt 0.306711 0.978365
vt 0.311723 0.978537
vt 0.610599 0.763879
vt 0.607151 0.760856
vt 0.797903 0.802509
vt 0.801159 0.799310
vt 0.307180 0.973849
vt 0.311808 0.974007
vt 0.624822 0.753475
vt 0.621062 0.756443
vt 0.812974 0.804987
vt 0.817048 0.806467
vt 0.809745 0.810558
vt 0.821332 0.808343
vt 0.010459 0.967169
vt 0.015184 0.966628
vt 0.016564 0.972457
vt 0.011634 0.973021
vt 0.626973 0.758474
vt 0.623366 0.761322
vt 0.932112 0.920278
vt 0.927592 0.919561
vt 0.928983 0.914172
vt 0.933694 0.914919
vt 0.819151 0.801266
vt 0.823261 0.803066
vt 0.009361 0.961703
vt 0.013895 0.961184
vt 0.629031 0.763256
vt 0.625570 0.765989
vt 0.930599 0.925405
vt 0.926261 0.924717
vt 0.821163 0.796290
vt 0.825106 0.798018
vt 0.008311 0.956473
vt 0.012662 0.955975
vt 0.631023 0.767884
vt 0.627702 0.770506
vt 0.929135 0.930366
vt 0.924974 0.929706
vt 0.823109 0.791475
vt 0.826892 0.793132
vt 0.007295 0.951412
vt 0.011468 0.950934
vt 0.640909 0.784163
vt 0.637681 0.785901
vt 0.930302 0.952926
vt 0.926700 0.953602
vt 0.143958 0.993912
vt 0.147626 0.993912
vt 0.147854 0.997541
vt 0.143700 0.997541
vt 0.007344 0.928730
vt 0.010876 0.929715
vt 0.642008 0.786524
vt 0.639119 0.788080
vt 0.930738 0.956309
vt 0.927515 0.956914
vt 0.144163 0.991029
vt 0.147445 0.991029
vt 0.008447 0.925506
vt 0.011608 0.926388
vt 0.642955 0.788560
vt 0.640358 0.789958
vt 0.931114 0.959226
vt 0.928218 0.959769
vt 0.144340 0.988545
vt 0.147289 0.988545
vt 0.009398 0.922728
vt 0.012238 0.923520
vt 0.643803 0.790383
vt 0.641468 0.791640
vt 0.931451 0.961838
vt 0.928847 0.962326
vt 0.144498 0.986319
vt 0.147150 0.986319
vt 0.010249 0.920240
vt 0.012803 0.920952
vt 0.644579 0.792053
vt 0.642485 0.793181
vt 0.931759 0.964230
vt 0.929423 0.964668
vt 0.144643 0.984281
vt 0.147022 0.984281
vt 0.011029 0.917961
vt 0.013320 0.918600
vt 0.645301 0.793606
vt 0.643430 0.794613
vt 0.932046 0.966454
vt 0.929959 0.966846
vt 0.144778 0.982387
vt 0.146903 0.982387
vt 0.011754 0.915842
vt 0.013801 0.916413
vt 0.645979 0.795064
vt 0.644318 0.795959
vt 0.932315 0.968543
vt 0.930462 0.968891
vt 0.144905 0.980606
vt 0.146791 0.980606
vt 0.012435 0.913852
vt 0.014253 0.914359
vt 0.646622 0.796445
vt 0.645159 0.797233
vt 0.932571 0.970522
vt 0.930939 0.970828
vt 0.145024 0.978921
vt 0.146686 0.978921
vt 0.013080 0.911967
vt 0.014680 0.912413
vt 0.647234 0.797761
vt 0.645960 0.798446
vt 0.932814 0.972406
vt 0.931393 0.972673
vt 0.145139 0.977315
vt 0.146585 0.977315
vt 0.013695 0.910172
vt 0.015088 0.910560
vt 0.647819 0.799020
vt 0.646727 0.799608
vt 0.933046 0.974210
vt 0.931828 0.974439
vt 0.145248 0.975778
vt 0.146489 0.975778
vt 0.014283 0.908453
vt 0.015478 0.908786
vt 0.648382 0.800231
vt 0.647464 0.800725
vt 0.933270 0.975944
vt 0.932246 0.976137
vt 0.145353 0.974301
vt 0.146396 0.974301
vt 0.014848 0.906801
vt 0.015853 0.907081
vt 0.648925 0.801398
vt 0.648175 0.801802
vt 0.933486 0.977617
vt 0.932648 0.977774
vt 0.145454 0.972876
vt 0.146306 0.972876
vt 0.015393 0.905208
vt 0.016214 0.905437
vt 0.649450 0.802527
vt 0.648862 0.802843
vt 0.933694 0.979234
vt 0.933038 0.979357
vt 0.145552 0.971499
vt 0.146220 0.971499
vt 0.015921 0.903667
vt 0.016564 0.903847
vt 0.612410 0.776043
vt 0.609182 0.777782
vt 0.617698 0.960316
vt 0.614042 0.960597
vt 0.706480 0.901465
vt 0.710144 0.901594
vt 0.710193 0.905921
vt 0.706540 0.905817
vt 0.888058 0.967453
vt 0.891698 0.967892
vt 0.613850 0.778922
vt 0.610811 0.780558
vt 0.617842 0.963579
vt 0.614400 0.963844
vt 0.706701 0.898206
vt 0.710151 0.898327
vt 0.888558 0.964227
vt 0.891984 0.964640
vt 0.615169 0.781561
vt 0.612304 0.783104
vt 0.617974 0.966572
vt 0.614729 0.966821
vt 0.706905 0.895217
vt 0.710157 0.895331
vt 0.889016 0.961269
vt 0.892247 0.961658
vt 0.616407 0.784037
vt 0.613705 0.785492
vt 0.618097 0.969378
vt 0.615037 0.969613
vt 0.707095 0.892414
vt 0.710163 0.892522
vt 0.889446 0.958494
vt 0.892493 0.958862
vt 0.617583 0.786389
vt 0.615035 0.787761
vt 0.618215 0.972044
vt 0.615330 0.972266
vt 0.707277 0.889751
vt 0.710169 0.889852
vt 0.889855 0.955858
vt 0.892727 0.956205
vt 0.618710 0.788643
vt 0.616310 0.789935
vt 0.618327 0.974600
vt 0.615610 0.974808
vt 0.707450 0.887198
vt 0.710174 0.887294
vt 0.890246 0.953332
vt 0.892951 0.953659
vt 0.619796 0.790816
vt 0.617540 0.792031
vt 0.618436 0.977063
vt 0.615881 0.977260
vt 0.707618 0.884737
vt 0.710179 0.884827
vt 0.890624 0.950897
vt 0.893168 0.951203
vt 0.620849 0.792921
vt 0.618731 0.794061
vt 0.618541 0.979450
vt 0.616143 0.979634
vt 0.707780 0.882354
vt 0.710184 0.882438
vt 0.890989 0.948537
vt 0.893377 0.948825
vt 0.621872 0.794967
vt 0.619889 0.796035
vt 0.618644 0.981770
vt 0.616398 0.981943
vt 0.707937 0.880037
vt 0.710189 0.880116
vt 0.891344 0.946244
vt 0.893581 0.946514
vt 0.622869 0.796962
vt 0.621017 0.797960
vt 0.618743 0.984032
vt 0.616646 0.984193
vt 0.708091 0.877778
vt 0.710193 0.877851
vt 0.891691 0.944008
vt 0.893779 0.944260
vt 0.783313 0.994479
vt 0.786485 0.994479
vt 0.786829 0.997574
vt 0.782984 0.997574
vt 0.761186 0.972883
vt 0.758015 0.972883
vt 0.757683 0.969612
vt 0.761528 0.969612
vt 0.993916 0.664032
vt 0.997087 0.664032
vt 0.997406 0.667178
vt 0.993561 0.667178
vt 0.036112 0.961131
vt 0.032940 0.961131
vt 0.032602 0.957841
vt 0.036447 0.957842
vt 0.783579 0.991983
vt 0.786207 0.991983
vt 0.760911 0.975521
vt 0.758282 0.975521
vt 0.994202 0.661494
vt 0.996830 0.661494
vt 0.035841 0.963786
vt 0.033213 0.963786
vt 0.783810 0.989809
vt 0.785966 0.989809
vt 0.760671 0.977818
vt 0.758515 0.977818
vt 0.994451 0.659285
vt 0.996606 0.659285
vt 0.035606 0.966097
vt 0.033450 0.966097
vt 0.784018 0.987848
vt 0.785748 0.987848
vt 0.760454 0.979891
vt 0.758725 0.979891
vt 0.994676 0.657291
vt 0.996405 0.657291
vt 0.035394 0.968181
vt 0.033664 0.968181
vt 0.784210 0.986041
vt 0.785547 0.986041
vt 0.760255 0.981801
vt 0.758918 0.981800
vt 0.994883 0.655454
vt 0.996219 0.655454
vt 0.035198 0.970102
vt 0.033862 0.970102
vt 0.784390 0.984353
vt 0.785359 0.984353
vt 0.760068 0.983584
vt 0.759099 0.983584
vt 0.995076 0.653738
vt 0.996045 0.653738
vt 0.035015 0.971897
vt 0.034046 0.971897
vt 0.706880 0.947986
vt 0.709772 0.947753
vt 0.709772 0.949784
vt 0.706387 0.950056
vt 0.883582 0.972252
vt 0.885849 0.970386
vt 0.659530 0.802564
vt 0.659180 0.799622
vt 0.661419 0.798907
vt 0.661419 0.802568
vt 0.611303 0.957684
vt 0.609122 0.955746
vt 0.707302 0.946210
vt 0.709772 0.946012
vt 0.882245 0.970263
vt 0.884181 0.968669
vt 0.833848 0.579862
vt 0.831366 0.579746
vt 0.830941 0.577868
vt 0.833848 0.578003
vt 0.609656 0.959352
vt 0.607794 0.957697
vt 0.707685 0.944603
vt 0.709772 0.944436
vt 0.881034 0.968462
vt 0.882670 0.967115
vt 0.833848 0.581544
vt 0.831750 0.581447
vt 0.608166 0.960862
vt 0.606592 0.959463
vt 0.708041 0.943111
vt 0.709772 0.942972
vt 0.879910 0.966789
vt 0.881267 0.965672
vt 0.833848 0.583107
vt 0.832108 0.583026
vt 0.606781 0.962264
vt 0.605476 0.961104
vt 0.089006 0.985551
vt 0.089006 0.967568
vt 0.101762 0.968179
vt 0.101762 0.985944
vt 0.336895 0.546542
vt 0.339942 0.530150
vt 0.921895 0.718472
vt 0.939346 0.722569
vt 0.452694 0.479407
vt 0.444977 0.464381
vt 0.649650 0.387576
vt 0.636837 0.376350
vt 0.647194 0.364386
vt 0.660403 0.375958
vt 0.476629 0.888131
vt 0.493317 0.889358
vt 0.494407 0.902685
vt 0.477204 0.901421
vt 0.170042 0.709538
vt 0.183739 0.699462
vt 0.193428 0.711582
vt 0.179308 0.721969
vt 0.726321 0.019464
vt 0.711263 0.011506
vt 0.716399 0.000000
vt 0.731922 0.008204
vt 0.639604 0.398429
vt 0.627161 0.387528
vt 0.476092 0.875716
vt 0.492298 0.876907
vt 0.161386 0.697924
vt 0.174688 0.688139
vt 0.721089 0.029983
vt 0.706465 0.022255
vt 0.629991 0.408814
vt 0.617901 0.398223
vt 0.475577 0.863836
vt 0.491323 0.864993
vt 0.153102 0.686810
vt 0.166026 0.677304
vt 0.716082 0.040050
vt 0.701874 0.032541
vt 0.620687 0.418865
vt 0.608940 0.408574
vt 0.475080 0.852338
vt 0.490379 0.853463
vt 0.145086 0.676055
vt 0.157644 0.666818
vt 0.711236 0.049791
vt 0.697431 0.042496
vt 0.611624 0.428657
vt 0.600210 0.418658
vt 0.474595 0.841137
vt 0.489460 0.842229
vt 0.137276 0.665577
vt 0.149477 0.656602
vt 0.706515 0.059282
vt 0.693102 0.052194
vt 0.602755 0.438239
vt 0.591667 0.428526
vt 0.474121 0.830176
vt 0.488561 0.831237
vt 0.129634 0.655324
vt 0.141486 0.646605
vt 0.701895 0.068570
vt 0.688866 0.061684
vt 0.594049 0.447644
vt 0.583282 0.438212
vt 0.473655 0.819417
vt 0.487678 0.820447
vt 0.122132 0.645259
vt 0.133642 0.636792
vt 0.697361 0.077686
vt 0.684708 0.070999
vt 0.591981 0.493834
vt 0.581533 0.498680
vt 0.759078 0.274811
vt 0.769648 0.270668
vt 0.125810 0.589866
vt 0.135827 0.595556
vt 0.685673 0.117295
vt 0.674251 0.116063
vt 0.596466 0.504110
vt 0.586584 0.508693
vt 0.756578 0.265008
vt 0.766575 0.261090
vt 0.131694 0.580109
vt 0.141168 0.585490
vt 0.683873 0.127151
vt 0.673071 0.125986
vt 0.600482 0.513311
vt 0.591108 0.517659
vt 0.754339 0.256230
vt 0.763823 0.252513
vt 0.136963 0.571372
vt 0.145952 0.576477
vt 0.682262 0.135976
vt 0.672014 0.134871
vt 0.604183 0.521788
vt 0.595275 0.525919
vt 0.752276 0.248143
vt 0.761288 0.244611
vt 0.141818 0.563322
vt 0.150358 0.568173
vt 0.680777 0.144108
vt 0.671040 0.143058
vt 0.607649 0.529729
vt 0.599179 0.533657
vt 0.750344 0.240567
vt 0.758913 0.237209
vt 0.146366 0.555782
vt 0.154487 0.560394
vt 0.679386 0.151725
vt 0.670127 0.150726
vt 0.610932 0.537251
vt 0.602877 0.540986
vt 0.748514 0.233392
vt 0.756663 0.230198
vt 0.150673 0.548639
vt 0.158397 0.553026
vt 0.678069 0.158939
vt 0.669263 0.157990
vt 0.614066 0.544431
vt 0.606407 0.547983
vt 0.746767 0.226542
vt 0.754516 0.223505
vt 0.154785 0.541821
vt 0.162129 0.545992
vt 0.676811 0.165827
vt 0.668438 0.164924
vt 0.617076 0.551325
vt 0.609796 0.554701
vt 0.745089 0.219964
vt 0.752454 0.217078
vt 0.158734 0.535275
vt 0.165713 0.539239
vt 0.675604 0.172440
vt 0.667646 0.171582
vt 0.619979 0.557975
vt 0.613066 0.561181
vt 0.743471 0.213620
vt 0.750465 0.210879
vt 0.162542 0.528960
vt 0.169170 0.532724
vt 0.674439 0.178819
vt 0.666882 0.178004
vt 0.622789 0.564413
vt 0.616231 0.567454
vt 0.741905 0.207478
vt 0.748540 0.204878
vt 0.166229 0.522847
vt 0.172517 0.526418
vt 0.673312 0.184994
vt 0.666142 0.184221
vt 0.625517 0.570663
vt 0.619304 0.573545
vt 0.740384 0.201515
vt 0.746670 0.199052
vt 0.169809 0.516911
vt 0.175766 0.520295
vt 0.672217 0.190989
vt 0.665424 0.190257
vt 0.628173 0.576747
vt 0.622295 0.579474
vt 0.738904 0.195711
vt 0.744851 0.193380
vt 0.173293 0.511134
vt 0.178929 0.514335
vt 0.671152 0.196825
vt 0.664725 0.196132
vt 0.630763 0.582682
vt 0.625212 0.585256
vt 0.737460 0.190050
vt 0.743076 0.187849
vt 0.176691 0.505499
vt 0.182014 0.508522
vt 0.670112 0.202517
vt 0.664044 0.201863
vt 0.633294 0.588480
vt 0.628063 0.590906
vt 0.736049 0.184518
vt 0.741342 0.182444
vt 0.180012 0.499993
vt 0.185028 0.502842
vt 0.669097 0.208079
vt 0.663377 0.207462
vt 0.635771 0.594154
vt 0.630852 0.596435
vt 0.734669 0.179105
vt 0.739645 0.177155
vt 0.183261 0.494605
vt 0.187978 0.497284
vt 0.668103 0.213521
vt 0.662725 0.212942
vt 0.638199 0.599714
vt 0.633586 0.601854
vt 0.733316 0.173800
vt 0.737982 0.171971
vt 0.186446 0.489325
vt 0.190868 0.491837
vt 0.667129 0.218855
vt 0.662087 0.218311
vt 0.640937 0.606001
vt 0.636502 0.607715
vt 0.731922 0.168017
vt 0.736452 0.167770
vt 0.189148 0.484961
vt 0.193428 0.487028
vt 0.666149 0.223537
vt 0.661497 0.224421
vt 0.641495 0.607686
vt 0.636881 0.609188
vt 0.732494 0.165972
vt 0.736805 0.167278
vt 0.554297 0.904903
vt 0.558542 0.903453
vt 0.558601 0.904258
vt 0.554479 0.905442
vt 0.666747 0.224157
vt 0.662593 0.226433
vt 0.642183 0.609782
vt 0.637361 0.611352
vt 0.733457 0.162889
vt 0.737962 0.164254
vt 0.554120 0.902287
vt 0.558557 0.900771
vt 0.668524 0.226622
vt 0.664182 0.229001
vt 0.643144 0.612713
vt 0.638031 0.614377
vt 0.734802 0.158579
vt 0.739579 0.160026
vt 0.553872 0.898629
vt 0.558576 0.897022
vt 0.671007 0.230070
vt 0.666404 0.232592
vt 0.644342 0.616364
vt 0.638866 0.618146
vt 0.736478 0.153209
vt 0.741593 0.154759
vt 0.553563 0.894072
vt 0.558601 0.892351
vt 0.674101 0.234364
vt 0.669171 0.237066
vt 0.645752 0.620665
vt 0.639850 0.622587
vt 0.738453 0.146883
vt 0.743967 0.148554
vt 0.553199 0.888704
vt 0.558630 0.886849
vt 0.677745 0.239424
vt 0.672431 0.242336
vt 0.647360 0.625567
vt 0.640971 0.627647
vt 0.740703 0.139674
vt 0.746672 0.141483
vt 0.552785 0.882586
vt 0.558663 0.880578
vt 0.681899 0.245190
vt 0.676147 0.248342
vt 0.649153 0.631032
vt 0.642221 0.633289
vt 0.743212 0.131636
vt 0.749687 0.133598
vt 0.552323 0.875764
vt 0.558700 0.873586
vt 0.686530 0.251619
vt 0.680290 0.255039
vt 0.651120 0.637031
vt 0.643593 0.639482
vt 0.745966 0.122813
vt 0.752997 0.124944
vt 0.551815 0.868277
vt 0.558741 0.865912
vt 0.691613 0.258675
vt 0.684837 0.262389
vt 0.653255 0.643540
vt 0.645082 0.646201
vt 0.748953 0.113241
vt 0.756589 0.115555
vt 0.551265 0.860154
vt 0.558785 0.857585
vt 0.697128 0.266331
vt 0.689770 0.270364
vt 0.655550 0.650537
vt 0.646682 0.653424
vt 0.752165 0.102950
vt 0.760450 0.105460
vt 0.550673 0.851421
vt 0.558832 0.848634
vt 0.703058 0.274562
vt 0.695074 0.278937
vt 0.657999 0.658005
vt 0.648390 0.661134
vt 0.755594 0.091967
vt 0.764571 0.094687
vt 0.550041 0.842099
vt 0.558883 0.839080
vt 0.709386 0.283347
vt 0.700735 0.288088
vt 0.660403 0.665448
vt 0.650430 0.669875
vt 0.759573 0.079465
vt 0.769236 0.082529
vt 0.549417 0.831552
vt 0.558883 0.829710
vt 0.715613 0.291966
vt 0.706323 0.297195
vt 0.711664 0.974894
vt 0.718580 0.977604
vt 0.718580 0.988810
vt 0.710193 0.984005
vt 0.765908 0.070611
vt 0.773724 0.073195
vt 0.683428 0.958374
vt 0.674722 0.959590
vt 0.673804 0.952025
vt 0.684405 0.949353
vt 0.720144 0.299266
vt 0.712643 0.303593
vt 0.712587 0.968966
vt 0.718543 0.971299
vt 0.769508 0.065726
vt 0.776240 0.067952
vt 0.682809 0.963508
vt 0.675311 0.964555
vt 0.723183 0.304062
vt 0.716723 0.307788
vt 0.713367 0.963949
vt 0.718511 0.965965
vt 0.772554 0.061594
vt 0.778368 0.063516
vt 0.682285 0.967852
vt 0.675809 0.968756
vt 0.725754 0.308119
vt 0.720175 0.311338
vt 0.714068 0.959447
vt 0.718483 0.961177
vt 0.775288 0.057884
vt 0.780279 0.059534
vt 0.681814 0.971750
vt 0.676256 0.972527
vt 0.728062 0.311761
vt 0.723273 0.314524
vt 0.714714 0.955291
vt 0.718457 0.956758
vt 0.954147 0.335769
vt 0.957786 0.334805
vt 0.958958 0.338868
vt 0.955222 0.339859
vt 0.440942 0.749217
vt 0.444702 0.749173
vt 0.444794 0.753508
vt 0.440935 0.753553
vt 0.937975 0.259419
vt 0.934332 0.258462
vt 0.935393 0.254304
vt 0.939133 0.255286
vt 0.957072 0.827718
vt 0.953442 0.826952
vt 0.954342 0.822723
vt 0.958070 0.823509
vt 0.953183 0.332100
vt 0.956734 0.331159
vt 0.440949 0.745327
vt 0.444618 0.745284
vt 0.936936 0.263126
vt 0.933380 0.262192
vt 0.956178 0.831494
vt 0.952634 0.830747
vt 0.952284 0.328680
vt 0.955754 0.327760
vt 0.440956 0.741701
vt 0.444541 0.741659
vt 0.935967 0.266582
vt 0.932493 0.265670
vt 0.955344 0.835014
vt 0.951881 0.834284
vt 0.951430 0.325434
vt 0.954824 0.324535
vt 0.440962 0.738259
vt 0.444467 0.738218
vt 0.935048 0.269862
vt 0.931651 0.268970
vt 0.954552 0.838355
vt 0.951166 0.837641
vt 0.950612 0.322320
vt 0.953931 0.321440
vt 0.440967 0.734957
vt 0.444397 0.734918
vt 0.934166 0.273009
vt 0.930843 0.272137
vt 0.953793 0.841560
vt 0.950481 0.840862
vt 0.949821 0.319312
vt 0.953068 0.318451
vt 0.440973 0.731768
vt 0.444328 0.731729
vt 0.933314 0.276049
vt 0.930063 0.275195
vt 0.953059 0.844657
vt 0.949818 0.843973
vt 0.949053 0.316391
vt 0.952231 0.315549
vt 0.440979 0.728671
vt 0.444262 0.728633
vt 0.932487 0.279000
vt 0.929305 0.278165
vt 0.952347 0.847663
vt 0.949175 0.846994
vt 0.948305 0.313545
vt 0.951416 0.312720
vt 0.440984 0.725654
vt 0.444198 0.725616
vt 0.931681 0.281876
vt 0.928567 0.281058
vt 0.951653 0.850592
vt 0.948549 0.849937
vt 0.947573 0.310764
vt 0.950618 0.309957
vt 0.440989 0.722705
vt 0.444135 0.722668
vt 0.930893 0.284687
vt 0.927845 0.283886
vt 0.950974 0.853455
vt 0.947936 0.852814
vt 0.946857 0.308039
vt 0.949837 0.307249
vt 0.440994 0.719816
vt 0.444073 0.719780
vt 0.930121 0.287440
vt 0.927138 0.286657
vt 0.950310 0.856259
vt 0.947337 0.855632
vt 0.946154 0.305365
vt 0.949071 0.304592
vt 0.440999 0.716981
vt 0.444012 0.716946
vt 0.929364 0.290142
vt 0.926445 0.289375
vt 0.949658 0.859011
vt 0.946748 0.858397
vt 0.945463 0.302737
vt 0.948317 0.301981
vt 0.441004 0.714195
vt 0.443953 0.714160
vt 0.928620 0.292798
vt 0.925763 0.292047
vt 0.949017 0.861716
vt 0.946169 0.861115
vt 0.944783 0.300150
vt 0.947576 0.299410
vt 0.441009 0.711452
vt 0.443894 0.711419
vt 0.927887 0.295412
vt 0.925092 0.294677
vt 0.948386 0.864378
vt 0.945600 0.863791
vt 0.944113 0.297601
vt 0.946845 0.296877
vt 0.441014 0.708750
vt 0.443836 0.708717
vt 0.927165 0.297987
vt 0.924430 0.297269
vt 0.947764 0.867002
vt 0.945039 0.866427
vt 0.943452 0.295087
vt 0.946124 0.294379
vt 0.441019 0.706084
vt 0.443779 0.706052
vt 0.926453 0.300528
vt 0.923778 0.299825
vt 0.947151 0.869589
vt 0.944485 0.869027
vt 0.942800 0.292606
vt 0.945413 0.291913
vt 0.441023 0.703453
vt 0.443723 0.703421
vt 0.925750 0.303035
vt 0.923134 0.302349
vt 0.946546 0.872143
vt 0.943939 0.871594
vt 0.942155 0.290154
vt 0.944710 0.289476
vt 0.441028 0.700853
vt 0.443667 0.700822
vt 0.925056 0.305513
vt 0.922498 0.304842
vt 0.945948 0.874667
vt 0.943399 0.874129
vt 0.941518 0.287730
vt 0.944015 0.287068
vt 0.441032 0.698283
vt 0.443612 0.698253
vt 0.924369 0.307962
vt 0.921870 0.307306
vt 0.945357 0.877162
vt 0.942865 0.876636
vt 0.940888 0.285332
vt 0.943328 0.284685
vt 0.441037 0.695741
vt 0.443558 0.695712
vt 0.923690 0.310385
vt 0.921247 0.309744
vt 0.944772 0.879630
vt 0.942338 0.879116
vt 0.940264 0.282959
vt 0.942648 0.282327
vt 0.441041 0.693225
vt 0.443504 0.693196
vt 0.923018 0.312783
vt 0.920632 0.312157
vt 0.944194 0.882072
vt 0.941815 0.881570
vt 0.509459 0.946653
vt 0.507827 0.947744
vt 0.191423 0.751031
vt 0.193428 0.751010
vt 0.193428 0.753545
vt 0.191540 0.753541
vt 0.191267 0.826866
vt 0.193170 0.827357
vt 0.193170 0.829345
vt 0.191159 0.828825
vt 0.945751 0.892978
vt 0.944003 0.893798
vt 0.509992 0.948213
vt 0.508438 0.949252
vt 0.191518 0.748924
vt 0.193428 0.748904
vt 0.191358 0.825238
vt 0.193170 0.825706
vt 0.946644 0.894931
vt 0.944979 0.895711
vt 0.510466 0.949597
vt 0.508980 0.950589
vt 0.191602 0.747055
vt 0.193428 0.747036
vt 0.191438 0.823794
vt 0.193170 0.824241
vt 0.947437 0.896664
vt 0.945846 0.897410
vt 0.510899 0.950863
vt 0.509477 0.951813
vt 0.191680 0.745345
vt 0.193428 0.745326
vt 0.191511 0.822472
vt 0.193170 0.822901
vt 0.948162 0.898249
vt 0.946638 0.898963
vt 0.511303 0.952042
vt 0.509939 0.952954
vt 0.191752 0.743751
vt 0.193428 0.743734
vt 0.191580 0.821241
vt 0.193170 0.821652
vt 0.948837 0.899726
vt 0.947377 0.900411
vt 0.511683 0.953155
vt 0.510375 0.954029
vt 0.191820 0.742249
vt 0.193428 0.742232
vt 0.191644 0.820080
vt 0.193170 0.820474
vt 0.949475 0.901119
vt 0.948073 0.901776
vt 0.512045 0.954212
vt 0.510789 0.955051
vt 0.191884 0.740820
vt 0.193428 0.740804
vt 0.191705 0.818976
vt 0.193170 0.819355
vt 0.950080 0.902443
vt 0.948735 0.903074
vt 0.512392 0.955224
vt 0.511186 0.956030
vt 0.191946 0.739453
vt 0.193428 0.739437
vt 0.191764 0.817920
vt 0.193170 0.818283
vt 0.950660 0.903710
vt 0.949368 0.904316
vt 0.512725 0.956197
vt 0.511567 0.956971
vt 0.192005 0.738138
vt 0.193428 0.738123
vt 0.191820 0.816904
vt 0.193170 0.817253
vt 0.951217 0.904929
vt 0.949978 0.905510
vt 0.513046 0.957137
vt 0.511935 0.957879
vt 0.192063 0.736869
vt 0.193428 0.736855
vt 0.191875 0.815923
vt 0.193170 0.816258
vt 0.951756 0.906105
vt 0.950566 0.906663
vt 0.513358 0.958047
vt 0.512292 0.958759
vt 0.192118 0.735640
vt 0.193428 0.735626
vt 0.191927 0.814973
vt 0.193170 0.815294
vt 0.952277 0.907245
vt 0.951136 0.907780
vt 0.513660 0.958931
vt 0.512638 0.959613
vt 0.192172 0.734446
vt 0.193428 0.734432
vt 0.191979 0.814051
vt 0.193170 0.814359
vt 0.952783 0.908351
vt 0.951689 0.908864
vt 0.513954 0.959791
vt 0.512975 0.960445
vt 0.192225 0.733284
vt 0.193428 0.733271
vt 0.192028 0.813153
vt 0.193170 0.813448
vt 0.953276 0.909429
vt 0.952227 0.909920
vt 0.514241 0.960630
vt 0.513304 0.961256
vt 0.192276 0.732150
vt 0.193428 0.732138
vt 0.192077 0.812277
vt 0.193170 0.812560
vt 0.953756 0.910479
vt 0.952752 0.910950
vt 0.514522 0.961449
vt 0.513625 0.962048
vt 0.192326 0.731043
vt 0.193428 0.731032
vt 0.192125 0.811422
vt 0.193170 0.811692
vt 0.954226 0.911505
vt 0.953265 0.911955
vt 0.514796 0.962251
vt 0.513940 0.962823
vt 0.192375 0.729960
vt 0.193428 0.729949
vt 0.192171 0.810585
vt 0.193170 0.810843
vt 0.954685 0.912509
vt 0.953767 0.912939
vt 0.515065 0.963036
vt 0.514247 0.963583
vt 0.192423 0.728899
vt 0.193428 0.728889
vt 0.192216 0.809766
vt 0.193170 0.810012
vt 0.955135 0.913492
vt 0.954259 0.913903
vt 0.515328 0.963806
vt 0.514549 0.964327
vt 0.192470 0.727859
vt 0.193428 0.727849
vt 0.192261 0.808962
vt 0.193170 0.809197
vt 0.955576 0.914457
vt 0.954741 0.914848
vt 0.515587 0.964562
vt 0.514845 0.965058
vt 0.192516 0.726838
vt 0.193428 0.726828
vt 0.192305 0.808173
vt 0.193170 0.808396
vt 0.956009 0.915403
vt 0.955214 0.915776
vt 0.515841 0.965305
vt 0.515136 0.965776
vt 0.192561 0.725834
vt 0.193428 0.725825
vt 0.192348 0.807397
vt 0.193170 0.807610
vt 0.956434 0.916334
vt 0.955679 0.916687
vt 0.516091 0.966036
vt 0.515423 0.966482
vt 0.192606 0.724847
vt 0.193428 0.724838
vt 0.192390 0.806635
vt 0.193170 0.806836
vt 0.956853 0.917248
vt 0.956137 0.917584
vt 0.516337 0.966755
vt 0.515705 0.967177
vt 0.192650 0.723876
vt 0.193428 0.723868
vt 0.192432 0.805884
vt 0.193170 0.806075
vt 0.957264 0.918149
vt 0.956587 0.918466
vt 0.516580 0.967463
vt 0.515982 0.967862
vt 0.192693 0.722919
vt 0.193428 0.722912
vt 0.192473 0.805145
vt 0.193170 0.805325
vt 0.957670 0.919035
vt 0.957030 0.919335
vt 0.516818 0.968160
vt 0.516255 0.968537
vt 0.192736 0.721977
vt 0.193428 0.721969
vt 0.192513 0.804417
vt 0.193170 0.804587
vt 0.958070 0.919909
vt 0.957467 0.920192
vt 0.943636 0.272282
vt 0.945172 0.273552
vt 0.520624 0.809741
vt 0.518764 0.810184
vt 0.518644 0.808068
vt 0.520624 0.807597
vt 0.924841 0.321606
vt 0.923311 0.322875
vt 0.506189 0.948262
vt 0.504588 0.947171
vt 0.944803 0.270868
vt 0.946257 0.272070
vt 0.520624 0.811513
vt 0.518862 0.811933
vt 0.925965 0.323174
vt 0.924517 0.324376
vt 0.505389 0.949857
vt 0.503874 0.948824
vt 0.945833 0.269617
vt 0.947216 0.270760
vt 0.520624 0.813080
vt 0.518950 0.813479
vt 0.926960 0.324560
vt 0.925583 0.325702
vt 0.504682 0.951267
vt 0.503242 0.950286
vt 0.946774 0.268476
vt 0.948091 0.269565
vt 0.520624 0.814509
vt 0.519029 0.814889
vt 0.927867 0.325825
vt 0.926555 0.326913
vt 0.504037 0.952554
vt 0.502665 0.951619
vt 0.947649 0.267415
vt 0.948904 0.268454
vt 0.520624 0.815838
vt 0.519103 0.816200
vt 0.928710 0.327000
vt 0.927459 0.328038
vt 0.503438 0.953751
vt 0.502129 0.952859
vt 0.948472 0.266417
vt 0.949670 0.267408
vt 0.520624 0.817089
vt 0.519173 0.817435
vt 0.929504 0.328107
vt 0.928310 0.329097
vt 0.502873 0.954877
vt 0.501625 0.954026
vt 0.949253 0.265469
vt 0.950397 0.266415
vt 0.520624 0.818277
vt 0.519239 0.818606
vt 0.930257 0.329158
vt 0.929118 0.330103
vt 0.502337 0.955946
vt 0.501146 0.955133
vt 0.950000 0.264563
vt 0.951092 0.265465
vt 0.520624 0.819411
vt 0.519302 0.819726
vt 0.930978 0.330162
vt 0.929890 0.331064
vt 0.501825 0.956967
vt 0.500688 0.956192
vt 0.950717 0.263693
vt 0.951759 0.264554
vt 0.520624 0.820502
vt 0.519362 0.820802
vt 0.931669 0.331126
vt 0.930632 0.331987
vt 0.501333 0.957949
vt 0.500248 0.957209
vt 0.951409 0.262854
vt 0.952402 0.263675
vt 0.520624 0.821553
vt 0.519421 0.821839
vt 0.932336 0.332056
vt 0.931347 0.332877
vt 0.500859 0.958895
vt 0.499824 0.958190
vt 0.952079 0.262042
vt 0.953025 0.262824
vt 0.520624 0.822570
vt 0.519477 0.822843
vt 0.932982 0.332956
vt 0.932039 0.333738
vt 0.500400 0.959811
vt 0.499414 0.959139
vt 0.952728 0.261254
vt 0.953629 0.261999
vt 0.520624 0.823557
vt 0.519532 0.823817
vt 0.933608 0.333830
vt 0.932711 0.334574
vt 0.499955 0.960699
vt 0.499016 0.960059
vt 0.953360 0.260487
vt 0.954217 0.261196
vt 0.520624 0.824517
vt 0.519586 0.824764
vt 0.934217 0.334679
vt 0.933364 0.335387
vt 0.499522 0.961563
vt 0.498629 0.960955
vt 0.953975 0.259741
vt 0.954789 0.260414
vt 0.520624 0.825452
vt 0.519638 0.825687
vt 0.934811 0.335506
vt 0.934000 0.336179
vt 0.499100 0.962406
vt 0.498251 0.961827
vt 0.954576 0.259012
vt 0.955348 0.259650
vt 0.520624 0.826365
vt 0.519689 0.826588
vt 0.935391 0.336314
vt 0.934622 0.336952
vt 0.498688 0.963227
vt 0.497883 0.962679
vt 0.955164 0.258299
vt 0.955895 0.258904
vt 0.520624 0.827258
vt 0.519738 0.827469
vt 0.935957 0.337104
vt 0.935229 0.337708
vt 0.498285 0.964031
vt 0.497523 0.963512
vt 0.955739 0.257602
vt 0.956430 0.258173
vt 0.520624 0.828132
vt 0.519787 0.828331
vt 0.936512 0.337877
vt 0.935823 0.338448
vt 0.497891 0.964818
vt 0.497171 0.964327
vt 0.956302 0.256918
vt 0.956954 0.257457
vt 0.520624 0.828988
vt 0.519834 0.829176
vt 0.937055 0.338635
vt 0.936406 0.339173
vt 0.497504 0.965589
vt 0.496825 0.965126
vt 0.956855 0.256247
vt 0.957468 0.256754
vt 0.520624 0.829828
vt 0.519881 0.830005
vt 0.937588 0.339378
vt 0.936978 0.339885
vt 0.497125 0.966345
vt 0.496486 0.965910
vt 0.957398 0.255589
vt 0.957973 0.256064
vt 0.520624 0.830654
vt 0.519927 0.830819
vt 0.938112 0.340108
vt 0.937539 0.340584
vt 0.496753 0.967088
vt 0.496153 0.966680
vt 0.957932 0.254941
vt 0.958470 0.255386
vt 0.520624 0.831465
vt 0.519972 0.831620
vt 0.938627 0.340826
vt 0.938091 0.341271
vt 0.496387 0.967818
vt 0.495826 0.967436
vt 0.958457 0.254304
vt 0.958958 0.254719
vt 0.520624 0.832263
vt 0.520017 0.832407
vt 0.939133 0.341532
vt 0.938634 0.341946
vt 0.496027 0.968537
vt 0.495504 0.968181
vt 0.187844 0.905339
vt 0.191328 0.905488
vt 0.774232 0.043649
vt 0.777141 0.041734
vt 0.793998 0.718258
vt 0.797487 0.718258
vt 0.797590 0.722651
vt 0.793912 0.722651
vt 0.728135 0.331558
vt 0.724876 0.330506
vt 0.188083 0.901653
vt 0.191409 0.901795
vt 0.772370 0.040578
vt 0.775147 0.038750
vt 0.794070 0.714589
vt 0.797401 0.714589
vt 0.726813 0.334930
vt 0.723701 0.333925
vt 0.188297 0.898370
vt 0.191482 0.898506
vt 0.770712 0.037844
vt 0.773372 0.036093
vt 0.794134 0.711322
vt 0.797324 0.711322
vt 0.725635 0.337932
vt 0.722655 0.336970
vt 0.188493 0.895359
vt 0.191548 0.895490
vt 0.769192 0.035336
vt 0.771743 0.033656
vt 0.794193 0.708326
vt 0.797253 0.708325
vt 0.724555 0.340686
vt 0.721696 0.339763
vt 0.188675 0.892549
vt 0.191610 0.892674
vt 0.767772 0.032994
vt 0.770223 0.031381
vt 0.794248 0.705528
vt 0.797188 0.705528
vt 0.723546 0.343257
vt 0.720800 0.342370
vt 0.188848 0.889894
vt 0.191669 0.890014
vt 0.766431 0.030782
vt 0.768787 0.029231
vt 0.794300 0.702885
vt 0.797126 0.702885
vt 0.722594 0.345685
vt 0.719954 0.344832
vt 0.189012 0.887366
vt 0.191725 0.887482
vt 0.765154 0.028676
vt 0.767419 0.027185
vt 0.794349 0.700369
vt 0.797066 0.700369
vt 0.721687 0.347997
vt 0.719149 0.347177
vt 0.189170 0.884943
vt 0.191779 0.885055
vt 0.763931 0.026658
vt 0.766109 0.025224
vt 0.794397 0.697958
vt 0.797010 0.697958
vt 0.720818 0.350213
vt 0.718377 0.349424
vt 0.189321 0.882611
vt 0.191830 0.882718
vt 0.762753 0.024716
vt 0.764848 0.023336
vt 0.794443 0.695637
vt 0.796955 0.695637
vt 0.719981 0.352346
vt 0.717634 0.351587
vt 0.189468 0.880357
vt 0.191880 0.880460
vt 0.761614 0.022838
vt 0.763629 0.021512
vt 0.794487 0.693394
vt 0.796903 0.693394
vt 0.719173 0.354407
vt 0.716915 0.353678
vt 0.189610 0.878172
vt 0.191928 0.878271
vt 0.760511 0.021018
vt 0.762447 0.019743
vt 0.794529 0.691219
vt 0.796852 0.691219
vt 0.718389 0.356405
vt 0.716219 0.355705
vt 0.189748 0.876049
vt 0.191975 0.876144
vt 0.759438 0.019249
vt 0.761298 0.018024
vt 0.794571 0.689105
vt 0.796802 0.689105
vt 0.717627 0.358348
vt 0.715542 0.357675
vt 0.189882 0.873980
vt 0.192021 0.874071
vt 0.758393 0.017526
vt 0.760180 0.016350
vt 0.794611 0.687046
vt 0.796754 0.687046
vt 0.716885 0.360240
vt 0.714883 0.359593
vt 0.190013 0.871961
vt 0.192066 0.872049
vt 0.757374 0.015844
vt 0.759088 0.014715
vt 0.794651 0.685037
vt 0.796706 0.685037
vt 0.716160 0.362086
vt 0.714240 0.361466
vt 0.190142 0.869988
vt 0.192109 0.870072
vt 0.756377 0.014200
vt 0.758020 0.013118
vt 0.794689 0.683073
vt 0.796660 0.683073
vt 0.715452 0.363891
vt 0.713611 0.363296
vt 0.190267 0.868056
vt 0.192152 0.868136
vt 0.755401 0.012591
vt 0.756975 0.011554
vt 0.794727 0.681150
vt 0.796615 0.681150
vt 0.714759 0.365658
vt 0.712996 0.365088
vt 0.190390 0.866162
vt 0.192194 0.866239
vt 0.754445 0.011013
vt 0.755951 0.010022
vt 0.794764 0.679265
vt 0.796571 0.679265
vt 0.714080 0.367390
vt 0.712392 0.366845
vt 0.190511 0.864305
vt 0.192235 0.864378
vt 0.753506 0.009466
vt 0.754946 0.008518
vt 0.794801 0.677416
vt 0.796527 0.677416
vt 0.713413 0.369089
vt 0.711800 0.368568
vt 0.190630 0.862480
vt 0.192275 0.862550
vt 0.752585 0.007945
vt 0.753959 0.007041
vt 0.794836 0.675600
vt 0.796485 0.675600
vt 0.712759 0.370758
vt 0.711219 0.370261
vt 0.190746 0.860686
vt 0.192315 0.860753
vt 0.751679 0.006451
vt 0.752989 0.005588
vt 0.794871 0.673814
vt 0.796443 0.673814
vt 0.712115 0.372399
vt 0.710647 0.371925
vt 0.190861 0.858921
vt 0.192354 0.858984
vt 0.750787 0.004980
vt 0.752034 0.004160
vt 0.794906 0.672057
vt 0.796401 0.672057
vt 0.711482 0.374013
vt 0.710085 0.373562
vt 0.190974 0.857183
vt 0.192393 0.857243
vt 0.749909 0.003533
vt 0.751094 0.002753
vt 0.794940 0.670327
vt 0.796361 0.670327
vt 0.710858 0.375603
vt 0.709531 0.375174
vt 0.191085 0.855470
vt 0.192430 0.855528
vt 0.749045 0.002106
vt 0.750168 0.001367
vt 0.794973 0.668623
vt 0.796321 0.668623
vt 0.710244 0.377169
vt 0.708985 0.376762
vt 0.191195 0.853782
vt 0.192468 0.853836
vt 0.748192 0.000700
vt 0.749255 0.000000
vt 0.795006 0.666943
vt 0.796281 0.666943
vt 0.709638 0.378713
vt 0.708447 0.378328
vt 0.842833 0.390238
vt 0.831124 0.387419
vt 0.832488 0.378713
vt 0.844827 0.381684
vt 0.902542 0.976134
vt 0.914344 0.975646
vt 0.914344 0.986479
vt 0.901908 0.986992
vt 0.614208 0.937697
vt 0.626242 0.937697
vt 0.626142 0.947244
vt 0.613462 0.947244
vt 0.870271 0.178598
vt 0.881351 0.177664
vt 0.883560 0.188703
vt 0.871885 0.189687
vt 0.840978 0.398197
vt 0.829854 0.395518
vt 0.903132 0.966032
vt 0.914344 0.965569
vt 0.614903 0.928815
vt 0.626335 0.928815
vt 0.868769 0.168282
vt 0.879295 0.167394
vt 0.839208 0.405792
vt 0.828642 0.403248
vt 0.903695 0.956392
vt 0.914344 0.955952
vt 0.615565 0.920339
vt 0.626424 0.920339
vt 0.867335 0.158437
vt 0.877333 0.157594
vt 0.904238 0.947081
vt 0.914344 0.946664
vt 0.819110 0.422691
vt 0.817592 0.415834
vt 0.953184 0.125946
vt 0.946211 0.126795
vt 0.609556 0.898767
vt 0.612610 0.892468
vt 0.410473 0.984882
vt 0.417491 0.985019
vt 0.417955 0.990615
vt 0.408039 0.990459
vt 0.605476 0.896136
vt 0.608096 0.890733
vt 0.394524 0.996743
vt 0.398446 0.996743
vt 0.398817 0.999878
vt 0.394485 0.999878
vt 0.493880 0.966670
vt 0.490138 0.967337
vt 0.449028 0.977411
vt 0.452945 0.977488
vt 0.794278 0.751241
vt 0.797792 0.751773
vt 0.797792 0.756114
vt 0.793912 0.755527
vt 0.394556 0.994183
vt 0.398144 0.994183
vt 0.494016 0.970107
vt 0.490594 0.970717
vt 0.449402 0.974512
vt 0.452985 0.974583
vt 0.794578 0.747740
vt 0.797792 0.748227
vt 0.394584 0.991937
vt 0.397879 0.991937
vt 0.494136 0.973123
vt 0.490993 0.973683
vt 0.449730 0.971968
vt 0.453020 0.972033
vt 0.794841 0.744669
vt 0.797792 0.745116
vt 0.394610 0.989898
vt 0.397638 0.989898
vt 0.494245 0.975860
vt 0.491356 0.976375
vt 0.450028 0.969660
vt 0.453052 0.969719
vt 0.795079 0.741882
vt 0.797792 0.742292
vt 0.394633 0.988011
vt 0.397415 0.988011
vt 0.494345 0.978394
vt 0.491692 0.978867
vt 0.450304 0.967523
vt 0.453082 0.967578
vt 0.795300 0.739301
vt 0.797792 0.739679
vt 0.394655 0.986242
vt 0.397206 0.986242
vt 0.494440 0.980770
vt 0.492007 0.981203
vt 0.450562 0.965519
vt 0.453109 0.965569
vt 0.795507 0.736882
vt 0.797792 0.737228
vt 0.394676 0.984567
vt 0.397008 0.984567
vt 0.494529 0.983019
vt 0.492305 0.983415
vt 0.450807 0.963623
vt 0.453136 0.963669
vt 0.795703 0.734592
vt 0.797792 0.734908
vt 0.394696 0.982970
vt 0.396819 0.982970
vt 0.494614 0.985162
vt 0.492589 0.985523
vt 0.451040 0.961815
vt 0.453160 0.961857
vt 0.795890 0.732409
vt 0.797792 0.732697
vt 0.394716 0.981441
vt 0.396639 0.981441
vt 0.494696 0.987216
vt 0.492861 0.987543
vt 0.451264 0.960083
vt 0.453184 0.960121
vt 0.796069 0.730317
vt 0.797792 0.730578
vt 0.394734 0.979969
vt 0.396465 0.979969
vt 0.494774 0.989192
vt 0.493123 0.989486
vt 0.451479 0.958416
vt 0.453207 0.958450
vt 0.796241 0.728305
vt 0.797792 0.728540
vt 0.394752 0.978547
vt 0.396297 0.978547
vt 0.494850 0.991101
vt 0.493376 0.991363
vt 0.451686 0.956806
vt 0.453230 0.956837
vt 0.796408 0.726361
vt 0.797792 0.726571
vt 0.394769 0.977170
vt 0.396134 0.977170
vt 0.494924 0.992949
vt 0.493621 0.993181
vt 0.451888 0.955247
vt 0.453251 0.955274
vt 0.796569 0.724479
vt 0.797792 0.724664
vt 0.394786 0.975834
vt 0.395976 0.975834
vt 0.494995 0.994744
vt 0.493859 0.994946
vt 0.452083 0.953734
vt 0.453272 0.953757
vt 0.796725 0.722651
vt 0.797792 0.722812
vt 0.804019 0.423658
vt 0.803555 0.420647
vt 0.955976 0.140830
vt 0.953409 0.142471
vt 0.175626 0.994575
vt 0.178662 0.994575
vt 0.179089 0.997110
vt 0.175319 0.997110
vt 0.356815 0.960659
vt 0.359858 0.960659
vt 0.360248 0.963254
vt 0.356471 0.963254
vt 0.801826 0.423689
vt 0.801454 0.421280
vt 0.956883 0.142808
vt 0.954829 0.144122
vt 0.175880 0.992481
vt 0.178310 0.992481
vt 0.357100 0.958515
vt 0.359535 0.958515
vt 0.799887 0.423717
vt 0.799597 0.421839
vt 0.957684 0.144557
vt 0.956083 0.145581
vt 0.176105 0.990630
vt 0.177999 0.990630
vt 0.357352 0.956620
vt 0.359250 0.956620
vt 0.798117 0.423742
vt 0.797903 0.422349
vt 0.958416 0.146153
vt 0.957228 0.146912
vt 0.176310 0.988941
vt 0.177715 0.988941
vt 0.357581 0.954891
vt 0.358990 0.954891
vt 0.838550 0.432679
vt 0.828327 0.433344
vt 0.816229 0.227372
vt 0.826482 0.227392
vt 0.873228 0.502797
vt 0.873593 0.492595
vt 0.879684 0.492259
vt 0.880956 0.502797
vt 0.861126 0.123714
vt 0.871061 0.122286
vt 0.839427 0.439913
vt 0.828956 0.440594
vt 0.816156 0.218068
vt 0.826658 0.218089
vt 0.052019 0.853840
vt 0.062504 0.854297
vt 0.061800 0.861722
vt 0.051564 0.861276
vt 0.859803 0.114438
vt 0.869979 0.112975
vt 0.840319 0.447200
vt 0.829581 0.446646
vt 0.816199 0.210195
vt 0.826830 0.208545
vt 0.052481 0.846206
vt 0.063202 0.845372
vt 0.858347 0.103385
vt 0.868885 0.103591
vt 0.838956 0.454991
vt 0.827773 0.452951
vt 0.813765 0.204578
vt 0.824646 0.201165
vt 0.050247 0.838505
vt 0.061377 0.836136
vt 0.859211 0.093634
vt 0.870294 0.095625
vt 0.837130 0.465447
vt 0.825082 0.463250
vt 0.810046 0.195135
vt 0.821768 0.191458
vt 0.047294 0.828371
vt 0.059284 0.825820
vt 0.860234 0.082780
vt 0.872173 0.084926
vt 0.835082 0.477172
vt 0.822065 0.474797
vt 0.805875 0.184547
vt 0.818540 0.180574
vt 0.043982 0.817008
vt 0.056938 0.814252
vt 0.861381 0.070611
vt 0.874280 0.072929
vt 0.832876 0.489803
vt 0.818815 0.487238
vt 0.801382 0.173140
vt 0.815063 0.168848
vt 0.040415 0.804767
vt 0.054410 0.801789
vt 0.862616 0.057500
vt 0.876551 0.060004
vt 0.830691 0.501095
vt 0.815245 0.502261
vt 0.796009 0.159242
vt 0.810701 0.154428
vt 0.036447 0.789727
vt 0.051916 0.790521
vt 0.863610 0.045607
vt 0.878606 0.048507
vt 0.833974 0.512603
vt 0.822293 0.516637
vt 0.792159 0.142506
vt 0.803885 0.138492
vt 0.043230 0.773704
vt 0.055005 0.777518
vt 0.868154 0.032928
vt 0.880141 0.035410
vt 0.836294 0.520993
vt 0.826405 0.524408
vt 0.790169 0.133316
vt 0.800096 0.129918
vt 0.047181 0.765058
vt 0.057150 0.768286
vt 0.871239 0.023854
vt 0.881386 0.025956
vt 0.838270 0.528141
vt 0.829907 0.531029
vt 0.788474 0.125486
vt 0.796868 0.122613
vt 0.050548 0.757692
vt 0.058977 0.760422
vt 0.873866 0.016125
vt 0.882447 0.017902
vt 0.983533 0.049142
vt 0.976753 0.048791
vt 0.976877 0.043837
vt 0.983524 0.043851
vt 0.085839 0.831021
vt 0.090875 0.827120
vt 0.094406 0.832395
vt 0.088613 0.835600
vt 0.818372 0.960554
vt 0.811584 0.960374
vt 0.811889 0.955172
vt 0.818933 0.954156
vt 0.972262 0.725878
vt 0.966020 0.723390
vt 0.967666 0.718472
vt 0.973529 0.720809
vt 0.983544 0.055103
vt 0.976300 0.054727
vt 0.082365 0.825462
vt 0.087745 0.821295
vt 0.818493 0.966426
vt 0.811241 0.966233
vt 0.970836 0.731588
vt 0.964166 0.728930
vt 0.983556 0.061543
vt 0.975810 0.061142
vt 0.078610 0.819456
vt 0.084363 0.815000
vt 0.818625 0.972771
vt 0.810870 0.972565
vt 0.969294 0.737758
vt 0.962163 0.734916
vt 0.983568 0.068367
vt 0.975290 0.067938
vt 0.074632 0.813092
vt 0.080780 0.808330
vt 0.818764 0.979493
vt 0.810477 0.979273
vt 0.967661 0.744295
vt 0.960040 0.741257
vt 0.983584 0.075891
vt 0.974755 0.075891
vt 0.070068 0.805515
vt 0.077209 0.801762
vt 0.818933 0.986140
vt 0.810116 0.985433
vt 0.966114 0.750247
vt 0.957743 0.748303
vt 0.287494 0.706949
vt 0.281408 0.702983
vt 0.282957 0.695373
vt 0.288890 0.699782
vt 0.068970 0.797300
vt 0.076506 0.794948
vt 0.433319 0.829827
vt 0.439363 0.825813
vt 0.440935 0.831746
vt 0.435072 0.836211
vt 0.967133 0.755742
vt 0.958717 0.755096
vt 0.286082 0.714141
vt 0.279920 0.710125
vt 0.068027 0.789606
vt 0.075656 0.787224
vt 0.431356 0.822594
vt 0.437476 0.818530
vt 0.968256 0.762543
vt 0.959736 0.761890
vt 0.284636 0.721505
vt 0.278396 0.717439
vt 0.067060 0.781726
vt 0.074786 0.779314
vt 0.429346 0.815188
vt 0.435543 0.811073
vt 0.969407 0.769508
vt 0.960778 0.768847
vt 0.283168 0.728984
vt 0.276849 0.724866
vt 0.066078 0.773725
vt 0.073902 0.771282
vt 0.427305 0.807667
vt 0.433580 0.803500
vt 0.970575 0.776582
vt 0.961837 0.775912
vt 0.281683 0.736549
vt 0.275284 0.732379
vt 0.065085 0.765631
vt 0.073008 0.763158
vt 0.425240 0.800060
vt 0.431594 0.795840
vt 0.971756 0.783736
vt 0.962908 0.783058
vt 0.280184 0.744184
vt 0.273704 0.739961
vt 0.064083 0.757463
vt 0.072106 0.754958
vt 0.423156 0.792382
vt 0.429591 0.788109
vt 0.972949 0.790957
vt 0.963989 0.790270
vt 0.278575 0.752305
vt 0.271641 0.749636
vt 0.063202 0.747175
vt 0.071170 0.747130
vt 0.421177 0.785075
vt 0.428146 0.782357
vt 0.973529 0.796523
vt 0.965209 0.797897
vt 0.276167 0.760554
vt 0.268734 0.759546
vt 0.068344 0.738645
vt 0.075346 0.740916
vt 0.418675 0.777907
vt 0.426213 0.776825
vt 0.431502 0.773198
vt 0.434217 0.781267
vt 0.273839 0.768509
vt 0.266365 0.767496
vt 0.072740 0.731890
vt 0.079780 0.734174
vt 0.415981 0.770155
vt 0.423561 0.769066
vt 0.428879 0.765419
vt 0.271493 0.776522
vt 0.263978 0.775503
vt 0.077168 0.725087
vt 0.084247 0.727384
vt 0.413268 0.762346
vt 0.420889 0.761251
vt 0.426237 0.757584
vt 0.269137 0.784573
vt 0.261580 0.783549
vt 0.081617 0.718252
vt 0.088735 0.720561
vt 0.410542 0.754500
vt 0.418205 0.753399
vt 0.423582 0.749712
vt 0.267037 0.790528
vt 0.259084 0.792342
vt 0.086477 0.710855
vt 0.094406 0.712128
vt 0.407464 0.744536
vt 0.415627 0.746227
vt 0.421260 0.743903
vt 0.269117 0.798066
vt 0.263142 0.801784
vt 0.236384 0.975723
vt 0.243724 0.977450
vt 0.243809 0.988991
vt 0.234826 0.985707
vt 0.412487 0.733571
vt 0.418712 0.737180
vt 0.587022 0.973168
vt 0.579693 0.975393
vt 0.578248 0.968500
vt 0.587085 0.964593
vt 0.270644 0.803868
vt 0.265502 0.807068
vt 0.237311 0.970048
vt 0.243627 0.971534
vt 0.415296 0.728187
vt 0.420653 0.731293
vt 0.587041 0.978712
vt 0.580734 0.980626
vt 0.271936 0.808775
vt 0.267498 0.811536
vt 0.238094 0.965248
vt 0.243545 0.966531
vt 0.417671 0.723634
vt 0.422295 0.726315
vt 0.587057 0.983399
vt 0.581614 0.985052
vt 0.273095 0.813177
vt 0.269289 0.815546
vt 0.238797 0.960942
vt 0.243472 0.962042
vt 0.419802 0.719549
vt 0.423767 0.721848
vt 0.587071 0.987605
vt 0.582403 0.989023
vt 0.587085 0.991486
vt 0.583131 0.992686
vt 0.423351 0.706264
vt 0.424801 0.705070
vt 0.661333 0.830644
vt 0.659267 0.831308
vt 0.658959 0.828928
vt 0.661333 0.828165
vt 0.659592 0.876121
vt 0.661333 0.876803
vt 0.661333 0.879356
vt 0.659332 0.878572
vt 0.191437 0.842876
vt 0.193304 0.843451
vt 0.193304 0.846037
vt 0.191159 0.845376
vt 0.422603 0.704345
vt 0.423880 0.703293
vt 0.661333 0.832615
vt 0.659512 0.833199
vt 0.659798 0.874172
vt 0.661333 0.874774
vt 0.191659 0.840889
vt 0.193304 0.841396
vt 0.421958 0.702691
vt 0.423087 0.701761
vt 0.661333 0.834313
vt 0.659724 0.834831
vt 0.659976 0.872493
vt 0.661333 0.873024
vt 0.191850 0.839176
vt 0.193304 0.839624
vt 0.421380 0.701209
vt 0.422376 0.700388
vt 0.661333 0.835836
vt 0.659913 0.836292
vt 0.660136 0.870988
vt 0.661333 0.871457
vt 0.192021 0.837641
vt 0.193304 0.838036
vt 0.420850 0.699850
vt 0.421725 0.699130
vt 0.661333 0.837230
vt 0.660086 0.837631
vt 0.660282 0.869609
vt 0.661333 0.870021
vt 0.192177 0.836234
vt 0.193304 0.836582
vt 0.420358 0.698588
vt 0.421120 0.697960
vt 0.661333 0.838527
vt 0.660248 0.838875
vt 0.660418 0.868327
vt 0.661333 0.868686
vt 0.192323 0.834927
vt 0.193304 0.835230
vt 0.419895 0.697401
vt 0.420551 0.696861
vt 0.661333 0.839745
vt 0.660399 0.840045
vt 0.660546 0.867122
vt 0.661333 0.867431
vt 0.192460 0.833698
vt 0.193304 0.833959
vt 0.419457 0.696278
vt 0.420012 0.695821
vt 0.661333 0.840899
vt 0.660542 0.841153
vt 0.660667 0.865982
vt 0.661333 0.866243
vt 0.192590 0.832535
vt 0.193304 0.832755
vt 0.419040 0.695207
vt 0.419499 0.694829
vt 0.661333 0.841998
vt 0.660679 0.842208
vt 0.660782 0.864895
vt 0.661333 0.865111
vt 0.192713 0.831426
vt 0.193304 0.831609
vt 0.418640 0.694182
vt 0.419007 0.693880
vt 0.661333 0.843051
vt 0.660810 0.843219
vt 0.660892 0.863854
vt 0.661333 0.864027
vt 0.192831 0.830365
vt 0.193304 0.830511
vt 0.418256 0.693197
vt 0.418535 0.692967
vt 0.661333 0.844062
vt 0.660936 0.844190
vt 0.660998 0.862854
vt 0.661333 0.862985
vt 0.192945 0.829345
vt 0.193304 0.829456
vt 0.831176 0.862465
vt 0.833915 0.862565
vt 0.278950 0.829108
vt 0.276623 0.830536
vt 0.882948 0.298622
vt 0.880217 0.298622
vt 0.879986 0.295541
vt 0.883014 0.295541
vt 0.429146 0.704159
vt 0.431538 0.705494
vt 0.831418 0.860035
vt 0.833915 0.860126
vt 0.280178 0.831399
vt 0.278056 0.832701
vt 0.882895 0.301126
vt 0.880404 0.301127
vt 0.430518 0.701933
vt 0.432698 0.703151
vt 0.831630 0.857909
vt 0.833915 0.857992
vt 0.281251 0.833403
vt 0.279309 0.834595
vt 0.882848 0.303317
vt 0.880569 0.303317
vt 0.431718 0.699986
vt 0.433713 0.701100
vt 0.831821 0.855983
vt 0.833915 0.856060
vt 0.282223 0.835218
vt 0.280444 0.836310
vt 0.882805 0.305301
vt 0.880718 0.305301
vt 0.432804 0.698223
vt 0.434632 0.699244
vt 0.831999 0.854205
vt 0.833915 0.854274
vt 0.283121 0.836895
vt 0.281493 0.837894
vt 0.882766 0.307134
vt 0.880855 0.307134
vt 0.433808 0.696594
vt 0.435481 0.697528
vt 0.832165 0.852539
vt 0.833915 0.852603
vt 0.283962 0.838465
vt 0.282475 0.839378
vt 0.882729 0.308851
vt 0.880984 0.308851
vt 0.434748 0.695069
vt 0.436276 0.695922
vt 0.832321 0.850964
vt 0.833915 0.851022
vt 0.284757 0.839950
vt 0.283403 0.840780
vt 0.882695 0.310473
vt 0.881105 0.310473
vt 0.435637 0.693627
vt 0.437028 0.694403
vt 0.832471 0.849465
vt 0.833915 0.849518
vt 0.285514 0.841363
vt 0.284287 0.842116
vt 0.882662 0.312018
vt 0.881221 0.312018
vt 0.436483 0.692254
vt 0.437744 0.692958
vt 0.832614 0.848030
vt 0.833915 0.848077
vt 0.286239 0.842716
vt 0.285133 0.843394
vt 0.882630 0.313497
vt 0.881332 0.313497
vt 0.437293 0.690940
vt 0.438429 0.691574
vt 0.832751 0.846650
vt 0.833915 0.846693
vt 0.286936 0.844016
vt 0.285947 0.844623
vt 0.882599 0.314919
vt 0.881439 0.314919
vt 0.438071 0.689676
vt 0.439087 0.690243
vt 0.832884 0.845319
vt 0.833915 0.845357
vt 0.287608 0.845271
vt 0.286732 0.845809
vt 0.882570 0.316291
vt 0.881542 0.316291
vt 0.438823 0.688457
vt 0.439723 0.688959
vt 0.833012 0.844030
vt 0.833915 0.844063
vt 0.288258 0.846486
vt 0.287491 0.846957
vt 0.882542 0.317618
vt 0.881641 0.317618
vt 0.439550 0.687277
vt 0.440338 0.687717
vt 0.833137 0.842780
vt 0.833915 0.842809
vt 0.288890 0.847664
vt 0.288228 0.848070
vt 0.882514 0.318907
vt 0.881738 0.318907
vt 0.440255 0.686132
vt 0.440935 0.686511
vt 0.838812 0.552544
vt 0.832957 0.550933
vt 0.785232 0.102131
vt 0.791101 0.100971
vt 0.054446 0.737163
vt 0.060261 0.735433
vt 0.367099 0.694854
vt 0.362730 0.691317
vt 0.366181 0.686132
vt 0.370237 0.690032
vt 0.837646 0.557427
vt 0.831786 0.555816
vt 0.784593 0.096711
vt 0.790467 0.095551
vt 0.053158 0.732142
vt 0.058978 0.730411
vt 0.363957 0.699683
vt 0.359583 0.696143
vt 0.836479 0.562316
vt 0.830613 0.560703
vt 0.783953 0.091286
vt 0.789833 0.090124
vt 0.051869 0.727116
vt 0.057694 0.725383
vt 0.360810 0.704517
vt 0.356433 0.700974
vt 0.835311 0.567208
vt 0.829440 0.565594
vt 0.783312 0.085856
vt 0.789197 0.084693
vt 0.050578 0.722086
vt 0.056409 0.720352
vt 0.357662 0.709355
vt 0.353281 0.705809
vt 0.834142 0.572104
vt 0.828266 0.570488
vt 0.782672 0.080423
vt 0.788562 0.079260
vt 0.049287 0.717053
vt 0.055123 0.715317
vt 0.354511 0.714195
vt 0.350127 0.710646
vt 0.832736 0.577863
vt 0.826940 0.575935
vt 0.782075 0.074285
vt 0.787857 0.074921
vt 0.048254 0.712917
vt 0.054001 0.710855
vt 0.351658 0.718353
vt 0.346503 0.716558
vt 0.189230 0.728844
vt 0.184270 0.728517
vt 0.185750 0.721989
vt 0.191133 0.721969
vt 0.785772 0.068657
vt 0.790522 0.070835
vt 0.155505 0.846073
vt 0.160492 0.845678
vt 0.161932 0.850840
vt 0.156526 0.850883
vt 0.352105 0.723835
vt 0.347088 0.723970
vt 0.187869 0.733911
vt 0.183173 0.733602
vt 0.788721 0.064353
vt 0.793218 0.066416
vt 0.154350 0.841008
vt 0.159072 0.840634
vt 0.352434 0.729232
vt 0.347684 0.729360
vt 0.186578 0.738718
vt 0.182132 0.738425
vt 0.791517 0.060271
vt 0.795776 0.062224
vt 0.153255 0.836203
vt 0.157726 0.835849
vt 0.352746 0.734352
vt 0.348249 0.734472
vt 0.185457 0.742556
vt 0.181066 0.743471
vt 0.794413 0.055958
vt 0.798651 0.057400
vt 0.152085 0.830735
vt 0.156478 0.831618
vt 0.353063 0.738873
vt 0.348828 0.738518
vt 0.186147 0.745160
vt 0.181805 0.747155
vt 0.795355 0.051077
vt 0.799757 0.052076
vt 0.152950 0.826504
vt 0.157275 0.828501
vt 0.351589 0.742531
vt 0.347440 0.741727
vt 0.186922 0.748615
vt 0.182546 0.750626
vt 0.796211 0.046430
vt 0.800647 0.047437
vt 0.153778 0.822881
vt 0.158136 0.824893
vt 0.349947 0.746753
vt 0.345765 0.745943
vt 0.187708 0.752122
vt 0.183297 0.754148
vt 0.797080 0.041715
vt 0.801551 0.042730
vt 0.154618 0.819204
vt 0.159011 0.821232
vt 0.348280 0.751037
vt 0.344066 0.750220
vt 0.188501 0.755661
vt 0.184056 0.757704
vt 0.797956 0.036955
vt 0.802463 0.037978
vt 0.155466 0.815492
vt 0.159893 0.817537
vt 0.346598 0.755362
vt 0.342350 0.754539
vt 0.189300 0.759226
vt 0.184820 0.761285
vt 0.798839 0.032161
vt 0.803381 0.033192
vt 0.156320 0.811754
vt 0.160782 0.813815
vt 0.344904 0.759717
vt 0.340622 0.758887
vt 0.190103 0.762811
vt 0.185588 0.764886
vt 0.799727 0.027340
vt 0.804305 0.028379
vt 0.157179 0.807995
vt 0.161676 0.810071
vt 0.343200 0.764097
vt 0.338885 0.763261
vt 0.191016 0.767396
vt 0.186347 0.768380
vt 0.800571 0.022637
vt 0.804851 0.024664
vt 0.157918 0.805228
vt 0.162590 0.806183
vt 0.341457 0.768640
vt 0.336895 0.768781
vt 0.190509 0.772048
vt 0.185731 0.771746
vt 0.802865 0.020215
vt 0.806704 0.023195
vt 0.157489 0.802808
vt 0.162290 0.802456
vt 0.342375 0.772271
vt 0.337723 0.773485
vt 0.189928 0.776746
vt 0.184897 0.776427
vt 0.806040 0.016822
vt 0.810083 0.019959
vt 0.156844 0.798046
vt 0.161899 0.797675
vt 0.343581 0.776919
vt 0.338683 0.778198
vt 0.189275 0.782022
vt 0.183960 0.781686
vt 0.809607 0.013010
vt 0.813878 0.016324
vt 0.156119 0.792697
vt 0.161459 0.792306
vt 0.344936 0.782140
vt 0.339761 0.783491
vt 0.188571 0.787714
vt 0.182950 0.787358
vt 0.813454 0.008899
vt 0.817971 0.012404
vt 0.155337 0.786927
vt 0.160986 0.786514
vt 0.346397 0.787772
vt 0.340924 0.789200
vt 0.187826 0.793735
vt 0.181881 0.793358
vt 0.817524 0.004549
vt 0.822301 0.008257
vt 0.154510 0.780824
vt 0.160484 0.780386
vt 0.347943 0.793730
vt 0.342154 0.795240
vt 0.821781 0.000000
vt 0.826831 0.003919
vt 0.156523 0.751969
vt 0.160700 0.752169
vt 0.357009 0.820078
vt 0.353610 0.822871
vt 0.187295 0.823963
vt 0.183140 0.824263
vt 0.989147 0.733359
vt 0.985002 0.733436
vt 0.157273 0.747342
vt 0.160992 0.747520
vt 0.359050 0.824186
vt 0.356024 0.826673
vt 0.187887 0.828550
vt 0.184189 0.828817
vt 0.989377 0.738001
vt 0.985689 0.738070
vt 0.157928 0.743300
vt 0.161246 0.743459
vt 0.360832 0.827774
vt 0.358132 0.829993
vt 0.188405 0.832555
vt 0.185104 0.832794
vt 0.989579 0.742055
vt 0.986288 0.742117
vt 0.158521 0.739644
vt 0.161477 0.739786
vt 0.362444 0.831020
vt 0.360039 0.832996
vt 0.188872 0.836178
vt 0.185933 0.836391
vt 0.989762 0.745722
vt 0.986830 0.745777
vt 0.159068 0.736270
vt 0.161689 0.736396
vt 0.363931 0.834015
vt 0.361799 0.835768
vt 0.189304 0.839522
vt 0.186697 0.839711
vt 0.989930 0.749107
vt 0.987330 0.749155
vt 0.159580 0.733113
vt 0.161888 0.733224
vt 0.365324 0.836818
vt 0.363446 0.838361
vt 0.189708 0.842651
vt 0.187412 0.842817
vt 0.990087 0.752274
vt 0.987798 0.752317
vt 0.160064 0.730131
vt 0.162076 0.730227
vt 0.366639 0.839466
vt 0.365001 0.840811
vt 0.190089 0.845607
vt 0.188088 0.845752
vt 0.990236 0.755265
vt 0.988240 0.755303
vt 0.160524 0.727293
vt 0.162254 0.727376
vt 0.367890 0.841985
vt 0.366482 0.843143
vt 0.190452 0.848419
vt 0.188731 0.848544
vt 0.990378 0.758112
vt 0.988661 0.758144
vt 0.160964 0.724578
vt 0.162425 0.724648
vt 0.369087 0.844395
vt 0.367898 0.845373
vt 0.190800 0.851110
vt 0.189346 0.851215
vt 0.990513 0.760835
vt 0.989063 0.760862
vt 0.161387 0.721969
vt 0.162590 0.722027
vt 0.370237 0.846712
vt 0.369259 0.847516
vt 0.191133 0.853696
vt 0.189937 0.853782
vt 0.990644 0.763452
vt 0.989450 0.763475
vt 0.434175 0.986057
vt 0.437934 0.986972
vt 0.142397 0.768601
vt 0.142849 0.764757
vt 0.689425 0.993625
vt 0.693281 0.993625
vt 0.693863 0.997491
vt 0.688865 0.997491
vt 0.172846 0.810110
vt 0.172446 0.806266
vt 0.435290 0.983294
vt 0.438168 0.983994
vt 0.139445 0.767802
vt 0.139791 0.764859
vt 0.689867 0.990568
vt 0.692820 0.990568
vt 0.169793 0.809999
vt 0.169487 0.807056
vt 0.436248 0.980918
vt 0.438368 0.981434
vt 0.136908 0.767115
vt 0.137162 0.764946
vt 0.690248 0.987939
vt 0.692423 0.987939
vt 0.167169 0.809903
vt 0.166943 0.807735
vt 0.437104 0.978794
vt 0.438548 0.979146
vt 0.134639 0.766500
vt 0.134813 0.765024
vt 0.690588 0.985589
vt 0.692069 0.985589
vt 0.164823 0.809817
vt 0.164669 0.808341
vt 0.437888 0.976852
vt 0.438712 0.977053
vt 0.132565 0.765938
vt 0.132664 0.765095
vt 0.690899 0.983440
vt 0.691745 0.983440
vt 0.162677 0.809739
vt 0.162590 0.808896
vt 0.503377 0.420241
vt 0.488131 0.414793
vt 0.003756 0.112600
vt 0.021726 0.114338
vt 0.395682 0.587701
vt 0.408911 0.578393
vt 0.237992 0.413005
vt 0.221596 0.417824
vt 0.494996 0.433898
vt 0.480358 0.428667
vt 0.001841 0.098346
vt 0.019095 0.100015
vt 0.384442 0.576502
vt 0.397143 0.567565
vt 0.239325 0.428805
vt 0.223582 0.433432
vt 0.000000 0.084653
vt 0.016566 0.086256
vt 0.959362 0.321373
vt 0.973667 0.321373
vt 0.974548 0.333310
vt 0.958958 0.333310
vt 0.501995 0.466192
vt 0.494293 0.478222
vt 0.937547 0.766344
vt 0.923391 0.768040
vt 0.386179 0.516408
vt 0.397142 0.525609
vt 0.959711 0.311048
vt 0.972905 0.311048
vt 0.511214 0.472969
vt 0.504110 0.484065
vt 0.937902 0.777268
vt 0.924845 0.778831
vt 0.394031 0.507856
vt 0.404143 0.516343
vt 0.960028 0.301649
vt 0.972212 0.301649
vt 0.519606 0.479139
vt 0.513047 0.489384
vt 0.938225 0.787212
vt 0.926169 0.788656
vt 0.401179 0.500069
vt 0.410516 0.507906
vt 0.960325 0.292882
vt 0.971565 0.292882
vt 0.527434 0.484894
vt 0.521382 0.494346
vt 0.938527 0.796488
vt 0.927404 0.797820
vt 0.407846 0.492807
vt 0.416460 0.500037
vt 0.960605 0.284588
vt 0.970953 0.284588
vt 0.534838 0.490338
vt 0.529267 0.499039
vt 0.938812 0.805262
vt 0.928572 0.806488
vt 0.414152 0.485937
vt 0.422083 0.492593
vt 0.960873 0.276668
vt 0.970368 0.276668
vt 0.541909 0.495536
vt 0.536796 0.503521
vt 0.939084 0.813641
vt 0.929687 0.814766
vt 0.420175 0.479377
vt 0.427452 0.485485
vt 0.939346 0.821695
vt 0.930760 0.822723
vt 0.872440 0.202597
vt 0.882642 0.202597
vt 0.882012 0.211680
vt 0.873145 0.211680
vt 0.600499 0.677771
vt 0.591264 0.682009
vt 0.588169 0.674268
vt 0.596465 0.669874
vt 0.961733 0.570062
vt 0.951555 0.570062
vt 0.952492 0.561457
vt 0.961748 0.561934
vt 0.124589 0.878946
vt 0.117625 0.871620
vt 0.124598 0.865550
vt 0.130651 0.871917
vt 0.871629 0.190892
vt 0.883345 0.190892
vt 0.605476 0.688199
vt 0.594070 0.690126
vt 0.962232 0.578428
vt 0.950544 0.578428
vt 0.118619 0.885688
vt 0.108807 0.879738
vt 0.147292 0.929831
vt 0.136560 0.931716
vt 0.137031 0.921764
vt 0.147854 0.918918
vt 0.603598 0.701638
vt 0.593089 0.697699
vt 0.738834 0.824442
vt 0.727906 0.822791
vt 0.728553 0.815054
vt 0.739462 0.817799
vt 0.116657 0.894269
vt 0.105526 0.894142
vt 0.147391 0.940903
vt 0.135600 0.941774
vt 0.597548 0.709522
vt 0.587669 0.702493
vt 0.738799 0.831876
vt 0.726687 0.831332
vt 0.119844 0.902269
vt 0.108176 0.905285
vt 0.147604 0.954445
vt 0.134205 0.955434
vt 0.589268 0.720114
vt 0.578042 0.712127
vt 0.738562 0.845943
vt 0.724799 0.845325
vt 0.124810 0.915424
vt 0.111552 0.918851
vt 0.147854 0.970370
vt 0.130651 0.930894
vt 0.115522 0.934804
vt 0.436796 0.897626
vt 0.444149 0.897596
vt 0.444149 0.904335
vt 0.436565 0.904366
vt 0.915491 0.470254
vt 0.922617 0.469343
vt 0.295647 0.954934
vt 0.302989 0.955388
vt 0.827967 0.764887
vt 0.835323 0.765018
vt 0.437007 0.891485
vt 0.444149 0.891456
vt 0.914769 0.463388
vt 0.921690 0.462504
vt 0.296036 0.948885
vt 0.303167 0.949325
vt 0.828206 0.758018
vt 0.835352 0.758145
vt 0.437205 0.885704
vt 0.444149 0.885675
vt 0.914088 0.456924
vt 0.920818 0.456064
vt 0.296402 0.943189
vt 0.303335 0.943617
vt 0.828431 0.751550
vt 0.835378 0.751674
vt 0.437395 0.880175
vt 0.444149 0.880147
vt 0.913438 0.450743
vt 0.919983 0.449906
vt 0.296751 0.937742
vt 0.303496 0.938158
vt 0.828646 0.745365
vt 0.835404 0.745486
vt 0.437578 0.874840
vt 0.444149 0.874813
vt 0.912810 0.444779
vt 0.919178 0.443965
vt 0.297089 0.932486
vt 0.303651 0.932891
vt 0.828854 0.739397
vt 0.835429 0.739515
vt 0.437756 0.869661
vt 0.444149 0.869635
vt 0.912201 0.438988
vt 0.918397 0.438196
vt 0.297417 0.927384
vt 0.303801 0.927778
vt 0.829056 0.733604
vt 0.835453 0.733718
vt 0.437929 0.864612
vt 0.444149 0.864586
vt 0.911607 0.433343
vt 0.917635 0.432573
vt 0.297736 0.922410
vt 0.303948 0.922794
vt 0.829253 0.727956
vt 0.835476 0.728067
vt 0.438098 0.859674
vt 0.444149 0.859649
vt 0.911026 0.427822
vt 0.916890 0.427073
vt 0.298049 0.917545
vt 0.304091 0.917918
vt 0.829445 0.722432
vt 0.835499 0.722540
vt 0.438264 0.854832
vt 0.444149 0.854808
vt 0.910456 0.422409
vt 0.916159 0.421680
vt 0.298355 0.912775
vt 0.304231 0.913138
vt 0.829634 0.717015
vt 0.835522 0.717120
vt 0.438427 0.850075
vt 0.444149 0.850051
vt 0.909896 0.417091
vt 0.915441 0.416382
vt 0.298656 0.908089
vt 0.304369 0.908441
vt 0.829820 0.711694
vt 0.835544 0.711796
vt 0.438588 0.845394
vt 0.444149 0.845371
vt 0.909346 0.411858
vt 0.914735 0.411169
vt 0.298952 0.903477
vt 0.304505 0.903820
vt 0.830002 0.706458
vt 0.835566 0.706557
vt 0.438746 0.840782
vt 0.444149 0.840760
vt 0.908803 0.406701
vt 0.914039 0.406032
vt 0.299244 0.898934
vt 0.304639 0.899267
vt 0.830182 0.701299
vt 0.835587 0.701395
vt 0.438902 0.836233
vt 0.444149 0.836211
vt 0.299532 0.894452
vt 0.304771 0.894775
vt 0.916791 0.386493
vt 0.922992 0.387334
vt 0.923634 0.394373
vt 0.917735 0.390910
vt 0.986835 0.507967
vt 0.992193 0.509865
vt 0.992371 0.518011
vt 0.986769 0.515593
vt 0.958934 0.962145
vt 0.965477 0.962666
vt 0.964414 0.967749
vt 0.958070 0.970169
vt 0.992786 0.585343
vt 0.987295 0.586964
vt 0.987048 0.581844
vt 0.992786 0.579694
vt 0.916254 0.381518
vt 0.922279 0.382335
vt 0.987012 0.502457
vt 0.992218 0.504302
vt 0.959864 0.956892
vt 0.966223 0.957398
vt 0.992667 0.590973
vt 0.987332 0.592548
vt 0.915750 0.376854
vt 0.921612 0.377648
vt 0.987177 0.497292
vt 0.992242 0.499086
vt 0.960736 0.951967
vt 0.966922 0.952460
vt 0.992556 0.596251
vt 0.987366 0.597783
vt 0.915267 0.372380
vt 0.920971 0.373154
vt 0.987336 0.492337
vt 0.992265 0.494083
vt 0.961573 0.947244
vt 0.967593 0.947723
vt 0.992450 0.601313
vt 0.987399 0.602804
vt 0.914799 0.368044
vt 0.920350 0.368796
vt 0.987490 0.487535
vt 0.992287 0.489234
vt 0.962384 0.942666
vt 0.968243 0.943132
vt 0.992347 0.606220
vt 0.987430 0.607671
vt 0.914342 0.363813
vt 0.919744 0.364546
vt 0.987641 0.482850
vt 0.992309 0.484503
vt 0.963175 0.938199
vt 0.968877 0.938653
vt 0.992246 0.611007
vt 0.987461 0.612419
vt 0.913894 0.359669
vt 0.919151 0.360382
vt 0.987788 0.478260
vt 0.992330 0.479869
vt 0.963950 0.933824
vt 0.969498 0.934265
vt 0.992147 0.615697
vt 0.987492 0.617071
vt 0.913455 0.355597
vt 0.918568 0.356290
vt 0.987932 0.473751
vt 0.992351 0.475316
vt 0.964711 0.929525
vt 0.970108 0.929954
vt 0.992050 0.620304
vt 0.987521 0.621641
vt 0.988075 0.469310
vt 0.992371 0.470832
vt 0.991954 0.624842
vt 0.987551 0.626141
vt 0.992037 0.114899
vt 0.996239 0.112812
vt 0.996239 0.116258
vt 0.992111 0.118308
vt 0.342806 0.963435
vt 0.343614 0.968350
vt 0.906367 0.992570
vt 0.901908 0.990950
vt 0.902395 0.986992
vt 0.906367 0.989283
vt 0.851301 0.991579
vt 0.856179 0.992088
vt 0.856182 0.996322
vt 0.851391 0.995822
vt 0.992230 0.110815
vt 0.995369 0.111344
vt 0.344984 0.963409
vt 0.347219 0.968292
vt 0.905743 0.995900
vt 0.902094 0.997278
vt 0.856182 0.987143
vt 0.831971 0.888028
vt 0.827717 0.886930
vt 0.828894 0.882048
vt 0.833383 0.879867
vt 0.032251 0.917074
vt 0.036224 0.917089
vt 0.036447 0.923946
vt 0.032711 0.922256
vt 0.972245 0.556138
vt 0.976505 0.555044
vt 0.977918 0.564974
vt 0.973332 0.562813
vt 0.825166 0.252469
vt 0.820585 0.252209
vt 0.820914 0.243868
vt 0.825553 0.242415
vt 0.831018 0.892880
vt 0.827017 0.891848
vt 0.032516 0.912064
vt 0.036252 0.912078
vt 0.971538 0.551219
vt 0.975544 0.550190
vt 0.824570 0.257439
vt 0.820262 0.257194
vt 0.830190 0.897089
vt 0.826410 0.896114
vt 0.032746 0.907718
vt 0.036277 0.907731
vt 0.970924 0.546951
vt 0.974711 0.545979
vt 0.824054 0.261750
vt 0.819983 0.261518
vt 0.829436 0.900928
vt 0.825856 0.900005
vt 0.032956 0.903754
vt 0.036300 0.903766
vt 0.970365 0.543059
vt 0.973950 0.542138
vt 0.823583 0.265682
vt 0.819728 0.265463
vt 0.828731 0.904515
vt 0.825338 0.903639
vt 0.033152 0.900051
vt 0.036321 0.900063
vt 0.969842 0.539423
vt 0.973240 0.538551
vt 0.823143 0.269355
vt 0.819489 0.269147
vt 0.828064 0.907911
vt 0.824848 0.907081
vt 0.033338 0.896544
vt 0.036341 0.896556
vt 0.969347 0.535980
vt 0.972567 0.535153
vt 0.822726 0.272834
vt 0.819264 0.272637
vt 0.827426 0.911157
vt 0.824380 0.910371
vt 0.033516 0.893193
vt 0.036360 0.893203
vt 0.968874 0.532689
vt 0.971924 0.531906
vt 0.822328 0.276158
vt 0.819048 0.275972
vt 0.826812 0.914280
vt 0.823929 0.913536
vt 0.033686 0.889968
vt 0.036378 0.889978
vt 0.968419 0.529523
vt 0.971306 0.528781
vt 0.821945 0.279357
vt 0.818841 0.279180
vt 0.826218 0.917299
vt 0.823493 0.916596
vt 0.033851 0.886851
vt 0.036396 0.886860
vt 0.967979 0.526462
vt 0.970708 0.525761
vt 0.821575 0.282449
vt 0.818640 0.282282
vt 0.825643 0.920229
vt 0.823071 0.919565
vt 0.034012 0.883826
vt 0.036414 0.883835
vt 0.967552 0.523492
vt 0.970127 0.522830
vt 0.821215 0.285450
vt 0.818446 0.285292
vt 0.825082 0.923081
vt 0.822659 0.922456
vt 0.034167 0.880881
vt 0.036430 0.880890
vt 0.967136 0.520600
vt 0.969563 0.519978
vt 0.820865 0.288370
vt 0.818256 0.288222
vt 0.034320 0.878009
vt 0.036447 0.878017
vt 0.825067 0.934461
vt 0.822796 0.935037
vt 0.794027 0.789988
vt 0.796316 0.789870
vt 0.968224 0.508449
vt 0.970511 0.508961
vt 0.820548 0.299168
vt 0.818243 0.299581
vt 0.825624 0.936813
vt 0.823412 0.937375
vt 0.794130 0.787723
vt 0.796360 0.787608
vt 0.968779 0.506103
vt 0.971007 0.506602
vt 0.820883 0.301423
vt 0.818637 0.301825
vt 0.826143 0.939002
vt 0.823985 0.939550
vt 0.794226 0.785615
vt 0.796401 0.785504
vt 0.969296 0.503921
vt 0.971469 0.504408
vt 0.821195 0.303520
vt 0.819005 0.303912
vt 0.826634 0.941076
vt 0.824528 0.941611
vt 0.794317 0.783618
vt 0.796440 0.783509
vt 0.969785 0.501852
vt 0.971907 0.502328
vt 0.821491 0.305508
vt 0.819353 0.305891
vt 0.827105 0.943064
vt 0.825048 0.943586
vt 0.794404 0.781703
vt 0.796478 0.781597
vt 0.970255 0.499870
vt 0.972326 0.500335
vt 0.821775 0.307413
vt 0.819687 0.307787
vt 0.827560 0.944983
vt 0.825550 0.945493
vt 0.794489 0.779856
vt 0.796514 0.779752
vt 0.970707 0.497957
vt 0.972731 0.498411
vt 0.822048 0.309252
vt 0.820008 0.309616
vt 0.828001 0.946844
vt 0.826038 0.947342
vt 0.794570 0.778064
vt 0.796549 0.777963
vt 0.971147 0.496102
vt 0.973124 0.496545
vt 0.822313 0.311035
vt 0.820321 0.311392
vt 0.828430 0.948656
vt 0.826512 0.949143
vt 0.794650 0.776319
vt 0.796583 0.776220
vt 0.971575 0.494295
vt 0.973506 0.494728
vt 0.822572 0.312772
vt 0.820625 0.313120
vt 0.828849 0.950426
vt 0.826975 0.950902
vt 0.794727 0.774615
vt 0.796616 0.774518
vt 0.971992 0.492530
vt 0.973880 0.492953
vt 0.822824 0.314468
vt 0.820922 0.314808
vt 0.829260 0.952159
vt 0.827429 0.952624
vt 0.794803 0.772946
vt 0.796649 0.772851
vt 0.972401 0.490802
vt 0.974245 0.491215
vt 0.823071 0.316128
vt 0.821213 0.316461
vt 0.829663 0.953859
vt 0.827874 0.954313
vt 0.794878 0.771309
vt 0.796681 0.771217
vt 0.972803 0.489107
vt 0.974604 0.489511
vt 0.823313 0.317757
vt 0.821498 0.318082
vt 0.830058 0.955529
vt 0.828311 0.955972
vt 0.794951 0.769701
vt 0.796712 0.769611
vt 0.973197 0.487442
vt 0.974957 0.487836
vt 0.823552 0.319358
vt 0.821778 0.319675
vt 0.830447 0.957172
vt 0.828741 0.957605
vt 0.795023 0.768119
vt 0.796743 0.768031
vt 0.973585 0.485804
vt 0.975303 0.486189
vt 0.823786 0.320932
vt 0.822054 0.321242
vt 0.830831 0.958790
vt 0.829165 0.959213
vt 0.795094 0.766561
vt 0.796774 0.766475
vt 0.973967 0.484191
vt 0.975645 0.484566
vt 0.824016 0.322483
vt 0.822325 0.322785
vt 0.831209 0.960386
vt 0.829583 0.960799
vt 0.795164 0.765025
vt 0.796804 0.764941
vt 0.974343 0.482600
vt 0.975981 0.482967
vt 0.824244 0.324012
vt 0.822593 0.324307
vt 0.831582 0.961960
vt 0.829995 0.962363
vt 0.795233 0.763509
vt 0.796833 0.763426
vt 0.974715 0.481030
vt 0.976314 0.481388
vt 0.824468 0.325521
vt 0.822857 0.325809
vt 0.831950 0.963516
vt 0.830402 0.963909
vt 0.795302 0.762011
vt 0.796863 0.761931
vt 0.975082 0.479479
vt 0.976642 0.479829
vt 0.824690 0.327011
vt 0.823118 0.327292
vt 0.832314 0.965052
vt 0.830804 0.965436
vt 0.795369 0.760531
vt 0.796892 0.760453
vt 0.975445 0.477947
vt 0.976966 0.478288
vt 0.824909 0.328484
vt 0.823376 0.328758
vt 0.832674 0.966572
vt 0.831202 0.966946
vt 0.795436 0.759068
vt 0.796920 0.758992
vt 0.975803 0.476431
vt 0.977287 0.476764
vt 0.825126 0.329940
vt 0.823631 0.330207
vt 0.833031 0.968076
vt 0.831596 0.968440
vt 0.795502 0.757620
vt 0.796948 0.757546
vt 0.976158 0.474932
vt 0.977604 0.475256
vt 0.825340 0.331381
vt 0.823883 0.331642
vt 0.833383 0.969565
vt 0.831985 0.969920
vt 0.795567 0.756186
vt 0.796976 0.756114
vt 0.976510 0.473448
vt 0.977918 0.473763
vt 0.825553 0.332808
vt 0.824133 0.333062
vt 0.845222 0.581825
vt 0.847177 0.581825
vt 0.847277 0.583413
vt 0.845093 0.583413
vt 0.193187 0.847832
vt 0.191240 0.847832
vt 0.191159 0.846037
vt 0.193334 0.846037
vt 0.880049 0.343186
vt 0.881999 0.343186
vt 0.882163 0.344882
vt 0.879986 0.344882
vt 0.320922 0.898809
vt 0.322862 0.898809
vt 0.323044 0.900558
vt 0.320878 0.900558
vt 0.845337 0.580413
vt 0.847088 0.580413
vt 0.193056 0.849427
vt 0.191312 0.849427
vt 0.880106 0.341679
vt 0.881853 0.341679
vt 0.320962 0.897254
vt 0.322699 0.897254
vt 0.845443 0.579104
vt 0.847006 0.579104
vt 0.192935 0.850905
vt 0.191378 0.850905
vt 0.880159 0.340282
vt 0.881717 0.340282
vt 0.320999 0.895813
vt 0.322549 0.895813
vt 0.845544 0.577868
vt 0.846928 0.577868
vt 0.192821 0.852302
vt 0.191442 0.852302
vt 0.880209 0.338962
vt 0.881589 0.338962
vt 0.321033 0.894452
vt 0.322407 0.894452
vt 0.990337 0.418462
vt 0.993198 0.418750
vt 0.992878 0.421573
vt 0.989745 0.421466
vt 0.976353 0.087666
vt 0.978654 0.088666
vt 0.977266 0.090822
vt 0.974323 0.090864
vt 0.035482 0.866264
vt 0.032617 0.866566
vt 0.032191 0.864574
vt 0.035325 0.864448
vt 0.211782 0.964947
vt 0.209398 0.966319
vt 0.207097 0.963219
vt 0.210182 0.962757
vt 0.990723 0.416747
vt 0.993400 0.417017
vt 0.977705 0.085666
vt 0.979858 0.086603
vt 0.035634 0.868055
vt 0.032953 0.868338
vt 0.213095 0.966850
vt 0.210865 0.968134
vt 0.991069 0.415212
vt 0.993581 0.415465
vt 0.978915 0.083876
vt 0.980936 0.084754
vt 0.035770 0.869660
vt 0.033254 0.869925
vt 0.214271 0.968555
vt 0.212178 0.969760
vt 0.991391 0.413782
vt 0.993750 0.414020
vt 0.980042 0.082208
vt 0.981940 0.083033
vt 0.035897 0.871154
vt 0.033534 0.871403
vt 0.215366 0.970143
vt 0.213401 0.971274
vt 0.991696 0.412426
vt 0.993910 0.412649
vt 0.981111 0.080627
vt 0.982892 0.081401
vt 0.036017 0.872571
vt 0.033800 0.872805
vt 0.216405 0.971649
vt 0.214561 0.972711
vt 0.991989 0.411125
vt 0.994063 0.411335
vt 0.982136 0.079111
vt 0.983805 0.079836
vt 0.036132 0.873930
vt 0.034055 0.874148
vt 0.217401 0.973093
vt 0.215673 0.974087
vt 0.992271 0.409870
vt 0.994211 0.410066
vt 0.983126 0.077647
vt 0.984686 0.078325
vt 0.036243 0.875241
vt 0.034301 0.875446
vt 0.218362 0.974487
vt 0.216746 0.975417
vt 0.992545 0.408652
vt 0.994355 0.408834
vt 0.984086 0.076226
vt 0.985541 0.076859
vt 0.219295 0.975839
vt 0.217788 0.976707
vt 0.991701 0.459907
vt 0.994268 0.459796
vt 0.994355 0.462153
vt 0.991823 0.462261
vt 0.982669 0.119678
vt 0.985053 0.118763
vt 0.985541 0.120549
vt 0.983190 0.121451
vt 0.036381 0.827382
vt 0.033814 0.827289
vt 0.033915 0.824926
vt 0.036447 0.825018
vt 0.218758 0.934294
vt 0.216260 0.933808
vt 0.216832 0.932008
vt 0.219295 0.932488
vt 0.991571 0.457392
vt 0.994175 0.457280
vt 0.982113 0.117783
vt 0.984532 0.116855
vt 0.036310 0.829907
vt 0.033705 0.829813
vt 0.218185 0.936222
vt 0.215650 0.935729
vt 0.991434 0.454767
vt 0.994078 0.454653
vt 0.981533 0.115806
vt 0.983988 0.114864
vt 0.036237 0.832542
vt 0.033592 0.832447
vt 0.217586 0.938235
vt 0.215013 0.937734
vt 0.991294 0.452057
vt 0.993979 0.451942
vt 0.980933 0.113765
vt 0.983427 0.112809
vt 0.036161 0.835263
vt 0.033476 0.835166
vt 0.216969 0.940313
vt 0.214356 0.939805
vt 0.991150 0.449278
vt 0.993876 0.449161
vt 0.980319 0.111672
vt 0.982851 0.110701
vt 0.036083 0.838053
vt 0.033356 0.837954
vt 0.216335 0.942444
vt 0.213682 0.941928
vt 0.991002 0.446439
vt 0.993771 0.446320
vt 0.979691 0.109534
vt 0.982263 0.108547
vt 0.036003 0.840903
vt 0.033234 0.840803
vt 0.215688 0.944621
vt 0.212993 0.944097
vt 0.990852 0.443549
vt 0.993665 0.443428
vt 0.979051 0.107357
vt 0.981664 0.106355
vt 0.035922 0.843805
vt 0.033109 0.843703
vt 0.215028 0.946838
vt 0.212291 0.946305
vt 0.990700 0.440612
vt 0.993556 0.440489
vt 0.978402 0.105145
vt 0.981055 0.104127
vt 0.035840 0.846753
vt 0.032983 0.846650
vt 0.214359 0.949090
vt 0.211579 0.948549
vt 0.990545 0.437634
vt 0.993447 0.437509
vt 0.977743 0.102902
vt 0.980438 0.101868
vt 0.035756 0.849743
vt 0.032854 0.849638
vt 0.213680 0.951373
vt 0.210856 0.950824
vt 0.990389 0.434618
vt 0.993335 0.434491
vt 0.977076 0.100631
vt 0.979813 0.099581
vt 0.035671 0.852770
vt 0.032725 0.852664
vt 0.212992 0.953686
vt 0.210125 0.953128
vt 0.990231 0.431567
vt 0.993223 0.431439
vt 0.976402 0.098333
vt 0.979181 0.097267
vt 0.035586 0.855833
vt 0.032593 0.855725
vt 0.212297 0.956026
vt 0.209384 0.955459
vt 0.990071 0.428484
vt 0.993109 0.428354
vt 0.975720 0.096011
vt 0.978542 0.094928
vt 0.035499 0.858928
vt 0.032460 0.858818
vt 0.211593 0.958390
vt 0.208636 0.957814
vt 0.989909 0.425371
vt 0.992994 0.425239
vt 0.975031 0.093666
vt 0.977897 0.092567
vt 0.035412 0.862054
vt 0.032326 0.861942
vt 0.210884 0.960777
vt 0.207881 0.960193
vt 0.758222 0.965497
vt 0.761528 0.966672
vt 0.761528 0.969612
vt 0.757761 0.968273
vt 0.827807 0.985388
vt 0.831316 0.985803
vt 0.995724 0.970609
vt 0.999165 0.969885
vt 0.999691 0.973754
vt 0.995511 0.973754
vt 0.341853 0.973073
vt 0.338551 0.974394
vt 0.758602 0.963207
vt 0.761528 0.964247
vt 0.828528 0.982546
vt 0.831634 0.982914
vt 0.995901 0.968016
vt 0.998946 0.967375
vt 0.342839 0.975857
vt 0.339917 0.977027
vt 0.758938 0.961187
vt 0.761528 0.962107
vt 0.829165 0.980037
vt 0.831914 0.980363
vt 0.996056 0.965726
vt 0.998752 0.965159
vt 0.343709 0.978315
vt 0.341122 0.979351
vt 0.759243 0.959344
vt 0.761528 0.960156
vt 0.829745 0.977750
vt 0.832170 0.978037
vt 0.996198 0.963640
vt 0.998576 0.963139
vt 0.344502 0.980556
vt 0.342221 0.981469
vt 0.759527 0.957633
vt 0.761528 0.958344
vt 0.830284 0.975626
vt 0.832408 0.975877
vt 0.996330 0.961701
vt 0.998412 0.961263
vt 0.345239 0.982638
vt 0.343242 0.983437
vt 0.759795 0.956023
vt 0.761528 0.956639
vt 0.830791 0.973627
vt 0.832631 0.973845
vt 0.996454 0.959877
vt 0.998258 0.959498
vt 0.345933 0.984596
vt 0.344202 0.985288
vt 0.760048 0.954496
vt 0.761528 0.955022
vt 0.831273 0.971731
vt 0.832843 0.971917
vt 0.996572 0.958147
vt 0.998112 0.957823
vt 0.346591 0.986454
vt 0.345113 0.987045
vt 0.760290 0.953037
vt 0.761528 0.953476
vt 0.831732 0.969920
vt 0.833046 0.970075
vt 0.996684 0.956494
vt 0.997972 0.956223
vt 0.347219 0.988228
vt 0.345983 0.988723
vt 0.915076 0.391952
vt 0.918516 0.396787
vt 0.577634 0.988630
vt 0.571680 0.989074
vt 0.963582 0.974605
vt 0.967478 0.970169
vt 0.970709 0.973407
vt 0.967299 0.977289
vt 0.908410 0.305572
vt 0.904471 0.301106
vt 0.578248 0.995179
vt 0.571748 0.996278
vt 0.905808 0.308525
vt 0.901941 0.303218
vt 0.827733 0.688926
vt 0.829856 0.684207
vt 0.915858 0.306235
vt 0.910623 0.306650
vt 0.817204 0.886678
vt 0.812712 0.884058
vt 0.814831 0.879867
vt 0.819317 0.882484
vt 0.991635 0.259494
vt 0.986432 0.259278
vt 0.986589 0.254304
vt 0.990946 0.254757
vt 0.824176 0.686352
vt 0.826375 0.681465
vt 0.916149 0.311575
vt 0.910729 0.312005
vt 0.815179 0.891384
vt 0.810527 0.888670
vt 0.991649 0.264897
vt 0.986261 0.264674
vt 0.820426 0.683637
vt 0.822704 0.678574
vt 0.916456 0.317205
vt 0.910840 0.317651
vt 0.813043 0.896346
vt 0.808224 0.893534
vt 0.991664 0.270596
vt 0.986082 0.270364
vt 0.816525 0.680813
vt 0.818885 0.675566
vt 0.916776 0.323063
vt 0.910956 0.323525
vt 0.810822 0.901508
vt 0.805827 0.898595
vt 0.991679 0.276524
vt 0.985895 0.276284
vt 0.812499 0.677899
vt 0.814944 0.672463
vt 0.917105 0.329108
vt 0.911075 0.329587
vt 0.808529 0.906835
vt 0.803355 0.903817
vt 0.991695 0.282641
vt 0.985702 0.282392
vt 0.808366 0.674907
vt 0.810899 0.669276
vt 0.917443 0.335314
vt 0.911198 0.335810
vt 0.806176 0.912303
vt 0.800816 0.909177
vt 0.991711 0.288921
vt 0.985504 0.288663
vt 0.803653 0.671259
vt 0.807654 0.667096
vt 0.917713 0.340096
vt 0.911281 0.341319
vt 0.803942 0.917057
vt 0.797903 0.916194
vt 0.991711 0.296929
vt 0.985292 0.295942
vt 0.803067 0.663873
vt 0.807414 0.662064
vt 0.710585 0.996791
vt 0.710193 0.992057
vt 0.714380 0.988810
vt 0.714380 0.994209
vt 0.806426 0.922346
vt 0.801200 0.923822
vt 0.798454 0.662609
vt 0.798961 0.670587
vt 0.802762 0.658588
vt 0.806921 0.656857
vt 0.958339 0.994727
vt 0.964305 0.993910
vt 0.964306 0.997213
vt 0.958070 0.998068
vt 0.808569 0.927274
vt 0.803570 0.928685
vt 0.798349 0.657379
vt 0.802480 0.653704
vt 0.806464 0.652046
vt 0.958589 0.991640
vt 0.964303 0.990857
vt 0.810549 0.931828
vt 0.805760 0.933180
vt 0.798253 0.652545
vt 0.802213 0.649064
vt 0.806031 0.647475
vt 0.958825 0.988707
vt 0.964302 0.987957
vt 0.812431 0.936154
vt 0.807841 0.937450
vt 0.798161 0.647953
vt 0.801955 0.644596
vt 0.805613 0.643074
vt 0.959053 0.985884
vt 0.964302 0.985165
vt 0.814242 0.940320
vt 0.809844 0.941561
vt 0.798072 0.643532
vt 0.801705 0.640262
vt 0.805208 0.638804
vt 0.959274 0.983144
vt 0.964301 0.982456
vt 0.816000 0.944361
vt 0.811788 0.945550
vt 0.797986 0.639243
vt 0.801461 0.636036
vt 0.804813 0.634640
vt 0.959490 0.980473
vt 0.964300 0.979814
vt 0.817713 0.948302
vt 0.813683 0.949439
vt 0.797903 0.635061
vt 0.801238 0.631773
vt 0.804294 0.631632
vt 0.959760 0.978363
vt 0.964306 0.977289
vt 0.819317 0.952050
vt 0.816155 0.954156
vt 0.797954 0.629901
vt 0.954008 0.922676
vt 0.950386 0.922016
vt 0.950492 0.920823
vt 0.954010 0.920192
vt 0.987265 0.047591
vt 0.990528 0.046730
vt 0.990551 0.048933
vt 0.987579 0.048813
vt 0.739419 0.903957
vt 0.735693 0.904061
vt 0.735925 0.900565
vt 0.739408 0.901725
vt 0.799757 0.626989
vt 0.802704 0.629825
vt 0.954010 0.926812
vt 0.950158 0.926110
vt 0.987061 0.043539
vt 0.990530 0.042624
vt 0.739419 0.908124
vt 0.735457 0.908234
vt 0.802046 0.623586
vt 0.805179 0.626601
vt 0.954012 0.932072
vt 0.949869 0.931317
vt 0.986801 0.038386
vt 0.990533 0.037401
vt 0.739418 0.913423
vt 0.735157 0.913541
vt 0.804958 0.619258
vt 0.808327 0.622501
vt 0.954014 0.938229
vt 0.949531 0.937412
vt 0.986497 0.032355
vt 0.990536 0.031289
vt 0.739417 0.919625
vt 0.734806 0.919753
vt 0.808365 0.614193
vt 0.812011 0.617703
vt 0.954016 0.945150
vt 0.949151 0.944264
vt 0.986156 0.025574
vt 0.990539 0.024418
vt 0.739417 0.926598
vt 0.734412 0.926737
vt 0.812196 0.608498
vt 0.816153 0.612308
vt 0.954019 0.952751
vt 0.948733 0.951787
vt 0.985781 0.018129
vt 0.990543 0.016872
vt 0.739416 0.934254
vt 0.733979 0.934405
vt 0.816403 0.602245
vt 0.820702 0.606384
vt 0.954022 0.960965
vt 0.948282 0.959919
vt 0.985375 0.010081
vt 0.990547 0.008717
vt 0.739415 0.942529
vt 0.733511 0.942693
vt 0.820949 0.595487
vt 0.825618 0.599981
vt 0.954025 0.969746
vt 0.947800 0.968611
vt 0.984942 0.001480
vt 0.990551 0.000000
vt 0.739414 0.951375
vt 0.733010 0.951552
vt 0.825809 0.588263
vt 0.830873 0.593137
vt 0.954025 0.979136
vt 0.947151 0.981165
vt 0.941298 0.978432
vt 0.942263 0.969249
vt 0.739419 0.960668
vt 0.732707 0.957633
vt 0.829761 0.583658
vt 0.836472 0.585807
vt 0.748457 0.956262
vt 0.744774 0.955380
vt 0.745301 0.953037
vt 0.748916 0.953902
vt 0.239607 0.948454
vt 0.242132 0.945964
vt 0.244231 0.948541
vt 0.241752 0.950985
vt 0.995177 0.838805
vt 0.991390 0.838924
vt 0.768933 0.892474
vt 0.765294 0.891695
vt 0.747969 0.958773
vt 0.744214 0.957874
vt 0.237324 0.945760
vt 0.239899 0.943221
vt 0.995304 0.841425
vt 0.991442 0.841546
vt 0.768577 0.895729
vt 0.764866 0.894934
vt 0.747460 0.961388
vt 0.743630 0.960472
vt 0.234947 0.942955
vt 0.237573 0.940365
vt 0.995436 0.844154
vt 0.991497 0.844277
vt 0.768206 0.899119
vt 0.764421 0.898308
vt 0.746936 0.964083
vt 0.743028 0.963148
vt 0.232497 0.940064
vt 0.235176 0.937422
vt 0.995572 0.846966
vt 0.991554 0.847092
vt 0.767824 0.902612
vt 0.763962 0.901785
vt 0.746399 0.966844
vt 0.742411 0.965890
vt 0.229987 0.937104
vt 0.232721 0.934407
vt 0.995712 0.849846
vt 0.991612 0.849975
vt 0.767432 0.906190
vt 0.763492 0.905346
vt 0.745851 0.969660
vt 0.741783 0.968687
vt 0.227427 0.934083
vt 0.230217 0.931332
vt 0.995854 0.852785
vt 0.991671 0.852916
vt 0.767033 0.909840
vt 0.763012 0.908979
vt 0.745294 0.972525
vt 0.741143 0.971532
vt 0.224823 0.931010
vt 0.227669 0.928203
vt 0.995999 0.855774
vt 0.991731 0.855908
vt 0.766627 0.913553
vt 0.762525 0.912675
vt 0.744729 0.975433
vt 0.740494 0.974420
vt 0.222179 0.927891
vt 0.225083 0.925027
vt 0.996146 0.858808
vt 0.991791 0.858945
vt 0.766214 0.917322
vt 0.762030 0.916426
vt 0.996295 0.861883
vt 0.991853 0.862022
vt 0.746876 0.984253
vt 0.744577 0.985839
vt 0.113592 0.986395
vt 0.110842 0.986743
vt 0.402280 0.960454
vt 0.404508 0.962128
vt 0.794594 0.993272
vt 0.797351 0.993272
vt 0.797815 0.995810
vt 0.794434 0.995810
vt 0.747632 0.985849
vt 0.745766 0.987136
vt 0.113569 0.988644
vt 0.111337 0.988926
vt 0.403657 0.958943
vt 0.405465 0.960302
vt 0.794727 0.991161
vt 0.796965 0.991161
vt 0.748302 0.987266
vt 0.746821 0.988289
vt 0.113549 0.990640
vt 0.111777 0.990865
vt 0.404880 0.957601
vt 0.406316 0.958680
vt 0.794845 0.989286
vt 0.796622 0.989286
vt 0.748916 0.988564
vt 0.747786 0.989344
vt 0.113531 0.992469
vt 0.112179 0.992640
vt 0.405999 0.956373
vt 0.407094 0.957195
vt 0.794953 0.987569
vt 0.796308 0.987569
vt 0.954267 0.937726
vt 0.957895 0.937726
vt 0.957993 0.940732
vt 0.954025 0.940732
vt 0.772902 0.923662
vt 0.772987 0.927038
vt 0.403756 0.972114
vt 0.400230 0.972975
vt 0.225388 0.912957
vt 0.227298 0.915993
vt 0.954472 0.935184
vt 0.957812 0.935184
vt 0.776035 0.924039
vt 0.776113 0.927147
vt 0.404240 0.974694
vt 0.400993 0.975486
vt 0.227994 0.911305
vt 0.229752 0.914101
vt 0.954655 0.932904
vt 0.957737 0.932904
vt 0.778846 0.924376
vt 0.778918 0.927245
vt 0.404674 0.977008
vt 0.401678 0.977739
vt 0.230332 0.909823
vt 0.231954 0.912403
vt 0.954824 0.930801
vt 0.957669 0.930801
vt 0.781439 0.924688
vt 0.781506 0.927335
vt 0.405074 0.979143
vt 0.402310 0.979818
vt 0.232488 0.908455
vt 0.233985 0.910836
vt 0.954983 0.928828
vt 0.957604 0.928828
vt 0.783871 0.924980
vt 0.783932 0.927419
vt 0.405450 0.981146
vt 0.402902 0.981767
vt 0.234511 0.907173
vt 0.235891 0.909367
vt 0.955133 0.926958
vt 0.957543 0.926958
vt 0.786176 0.925257
vt 0.786233 0.927499
vt 0.405806 0.983044
vt 0.403463 0.983616
vt 0.236428 0.905957
vt 0.237697 0.907975
vt 0.955277 0.925171
vt 0.957485 0.925171
vt 0.788379 0.925521
vt 0.788431 0.927576
vt 0.406146 0.984857
vt 0.404000 0.985381
vt 0.238260 0.904796
vt 0.239422 0.906644
vt 0.955415 0.923454
vt 0.957429 0.923454
vt 0.790495 0.925775
vt 0.790543 0.927650
vt 0.406473 0.986600
vt 0.404515 0.987078
vt 0.240020 0.903680
vt 0.241080 0.905365
vt 0.955548 0.921797
vt 0.957375 0.921797
vt 0.792538 0.926021
vt 0.792581 0.927721
vt 0.406789 0.988282
vt 0.405013 0.988715
vt 0.241719 0.902602
vt 0.242681 0.904131
vt 0.955677 0.920192
vt 0.957323 0.920192
vt 0.794517 0.926258
vt 0.794555 0.927789
vt 0.407094 0.989911
vt 0.405495 0.990301
vt 0.243365 0.901559
vt 0.244231 0.902936
vt 0.500106 0.980547
vt 0.505377 0.979641
vt 0.505377 0.991943
vt 0.499576 0.990099
vt 0.826704 0.980386
vt 0.820617 0.982420
vt 0.819317 0.974689
vt 0.826932 0.969920
vt 0.087415 0.985882
vt 0.081481 0.985890
vt 0.080725 0.979751
vt 0.087428 0.976622
vt 0.612221 0.995673
vt 0.610656 0.989540
vt 0.616299 0.984193
vt 0.616299 0.993137
vt 0.500422 0.974602
vt 0.504735 0.973861
vt 0.826417 0.985639
vt 0.821436 0.987303
vt 0.087422 0.991741
vt 0.082567 0.991748
vt 0.496657 0.973388
vt 0.495504 0.979064
vt 0.500692 0.969520
vt 0.504186 0.968920
vt 0.087428 0.996751
vt 0.083495 0.996756
vt 0.497642 0.968537
vt 0.957124 0.949499
vt 0.954706 0.950022
vt 0.773637 0.884799
vt 0.774398 0.886977
vt 0.993077 0.829298
vt 0.995514 0.829721
vt 0.995151 0.505661
vt 0.997552 0.506179
vt 0.957344 0.951426
vt 0.955269 0.951875
vt 0.775448 0.884837
vt 0.776101 0.886706
vt 0.993610 0.827331
vt 0.995702 0.827694
vt 0.995575 0.503882
vt 0.997635 0.504326
vt 0.957539 0.953130
vt 0.955767 0.953514
vt 0.777049 0.884871
vt 0.777607 0.886467
vt 0.994082 0.825592
vt 0.995869 0.825901
vt 0.995950 0.502308
vt 0.997710 0.502687
vt 0.957716 0.954686
vt 0.956221 0.955009
vt 0.778511 0.884902
vt 0.778982 0.886249
vt 0.994513 0.824004
vt 0.996020 0.824265
vt 0.996292 0.500871
vt 0.997777 0.501191
vt 0.957882 0.956132
vt 0.956643 0.956400
vt 0.779870 0.884931
vt 0.780260 0.886046
vt 0.994914 0.822528
vt 0.996162 0.822744
vt 0.996610 0.499535
vt 0.997840 0.499800
vt 0.958037 0.957494
vt 0.957041 0.957709
vt 0.781150 0.884958
vt 0.781463 0.885855
vt 0.995291 0.821138
vt 0.996295 0.821312
vt 0.996910 0.498278
vt 0.997899 0.498491
vt 0.593552 0.089286
vt 0.581385 0.103305
vt 0.582465 0.772075
vt 0.565471 0.779359
vt 0.456715 0.626273
vt 0.470226 0.638932
vt 0.939346 0.789645
vt 0.957724 0.790343
vt 0.957743 0.807584
vt 0.941928 0.807536
vt 0.605885 0.099975
vt 0.593834 0.113859
vt 0.588727 0.787868
vt 0.571896 0.795083
vt 0.468280 0.614715
vt 0.481662 0.627254
vt 0.939502 0.772664
vt 0.957704 0.773355
vt 0.618101 0.110561
vt 0.606165 0.124313
vt 0.594929 0.803511
vt 0.578259 0.810656
vt 0.479735 0.603268
vt 0.492990 0.615687
vt 0.939657 0.755844
vt 0.957685 0.756528
vt 0.630229 0.121072
vt 0.618408 0.134692
vt 0.601088 0.819042
vt 0.584577 0.826119
vt 0.491109 0.591902
vt 0.504237 0.604202
vt 0.939810 0.739144
vt 0.957666 0.739821
vt 0.643446 0.132976
vt 0.627913 0.141661
vt 0.605476 0.830817
vt 0.590107 0.839906
vt 0.501397 0.582138
vt 0.517779 0.589230
vt 0.940185 0.718472
vt 0.957743 0.721448
vt 0.646207 0.151071
vt 0.629099 0.153647
vt 0.578248 0.954310
vt 0.594841 0.951473
vt 0.595044 0.963538
vt 0.578393 0.964593
vt 0.501947 0.567640
vt 0.519297 0.568528
vt 0.553302 0.529954
vt 0.536671 0.524696
vt 0.540797 0.510040
vt 0.558184 0.513622
vt 0.648183 0.165951
vt 0.631452 0.168471
vt 0.578665 0.941916
vt 0.594894 0.939141
vt 0.502833 0.552667
vt 0.519802 0.553536
vt 0.549412 0.541985
vt 0.533146 0.536842
vt 0.650096 0.180350
vt 0.633728 0.182815
vt 0.579068 0.929924
vt 0.594945 0.927209
vt 0.503690 0.538180
vt 0.520290 0.539029
vt 0.545647 0.553626
vt 0.529735 0.548595
vt 0.651968 0.194444
vt 0.635956 0.196855
vt 0.579463 0.918185
vt 0.594995 0.915529
vt 0.504529 0.523998
vt 0.520769 0.524830
vt 0.541963 0.565021
vt 0.526396 0.560100
vt 0.505355 0.510040
vt 0.521239 0.510853
vt 0.704517 0.891401
vt 0.688697 0.889035
vt 0.690722 0.877778
vt 0.706345 0.880114
vt 0.342200 0.924229
vt 0.357634 0.920880
vt 0.359933 0.933520
vt 0.344691 0.936827
vt 0.089074 0.955411
vt 0.104987 0.956355
vt 0.104824 0.967568
vt 0.089107 0.966636
vt 0.922493 0.029532
vt 0.906765 0.027345
vt 0.702664 0.902838
vt 0.686646 0.900443
vt 0.339676 0.911463
vt 0.355303 0.908072
vt 0.089039 0.944036
vt 0.105153 0.944992
vt 0.921147 0.042375
vt 0.905221 0.040161
vt 0.700797 0.914356
vt 0.684405 0.913929
vt 0.336895 0.896286
vt 0.352950 0.895129
vt 0.089006 0.932543
vt 0.105153 0.935479
vt 0.919858 0.053038
vt 0.903665 0.053064
vt 0.702575 0.923879
vt 0.687205 0.925184
vt 0.339730 0.881478
vt 0.354804 0.882474
vt 0.865125 0.328735
vt 0.875388 0.318962
vt 0.879986 0.327591
vt 0.870112 0.339555
vt 0.922079 0.063474
vt 0.907015 0.065548
vt 0.704138 0.932260
vt 0.689498 0.933503
vt 0.342072 0.870429
vt 0.356430 0.871378
vt 0.860752 0.319244
vt 0.870528 0.309936
vt 0.924309 0.074557
vt 0.909960 0.076533
vt 0.705629 0.940253
vt 0.691685 0.941437
vt 0.344306 0.859891
vt 0.357981 0.860795
vt 0.856581 0.310193
vt 0.865893 0.301327
vt 0.926436 0.085128
vt 0.912769 0.087009
vt 0.706345 0.946542
vt 0.694672 0.950866
vt 0.347004 0.847516
vt 0.359933 0.848718
vt 0.851921 0.299518
vt 0.862130 0.295235
vt 0.927844 0.093319
vt 0.914942 0.095435
vt 0.899347 0.339106
vt 0.892781 0.336632
vt 0.894926 0.323737
vt 0.901615 0.331098
vt 0.883560 0.336632
vt 0.883976 0.324119
vt 0.854373 0.287090
vt 0.863149 0.287468
vt 0.870349 0.288868
vt 0.870622 0.297290
vt 0.851921 0.189490
vt 0.851921 0.181431
vt 0.857987 0.177772
vt 0.857987 0.187089
vt 0.891582 0.344592
vt 0.883607 0.344592
vt 0.870098 0.280830
vt 0.749083 0.700353
vt 0.743717 0.699055
vt 0.744372 0.694501
vt 0.749124 0.697279
vt 0.509296 0.827005
vt 0.515084 0.827101
vt 0.514895 0.831285
vt 0.509332 0.831455
vt 0.902541 0.031121
vt 0.897004 0.029680
vt 0.898121 0.026842
vt 0.903665 0.026513
vt 0.846458 0.212908
vt 0.840671 0.213080
vt 0.840684 0.210492
vt 0.846248 0.210584
vt 0.748803 0.705253
vt 0.743164 0.703888
vt 0.509257 0.822395
vt 0.515340 0.822495
vt 0.901182 0.036245
vt 0.895364 0.034731
vt 0.846737 0.217201
vt 0.840656 0.217381
vt 0.748491 0.710727
vt 0.742546 0.709289
vt 0.509213 0.817245
vt 0.515626 0.817350
vt 0.899664 0.041970
vt 0.893530 0.040374
vt 0.847049 0.221997
vt 0.840639 0.222187
vt 0.748155 0.716611
vt 0.741883 0.715093
vt 0.509166 0.811708
vt 0.515933 0.811820
vt 0.898032 0.048124
vt 0.891560 0.046440
vt 0.847385 0.227152
vt 0.840620 0.227352
vt 0.747801 0.722820
vt 0.741182 0.721219
vt 0.509117 0.805866
vt 0.516257 0.805984
vt 0.896311 0.054618
vt 0.889481 0.052840
vt 0.847739 0.232591
vt 0.840600 0.232803
vt 0.747432 0.729301
vt 0.740451 0.727612
vt 0.509065 0.799768
vt 0.516595 0.799893
vt 0.894513 0.061396
vt 0.887310 0.059521
vt 0.848108 0.238269
vt 0.840580 0.238492
vt 0.747084 0.735734
vt 0.739836 0.733101
vt 0.509125 0.794607
vt 0.516917 0.793292
vt 0.892576 0.068723
vt 0.884760 0.067666
vt 0.848385 0.245280
vt 0.840585 0.244108
vt 0.763414 0.685319
vt 0.758316 0.680095
vt 0.510407 0.855608
vt 0.517685 0.855011
vt 0.896375 0.005870
vt 0.889558 0.008468
vt 0.886979 0.002780
vt 0.894273 0.000000
vt 0.848583 0.188633
vt 0.841300 0.188141
vt 0.759474 0.688671
vt 0.754702 0.683781
vt 0.510134 0.849392
vt 0.516946 0.848833
vt 0.898295 0.011234
vt 0.891915 0.013666
vt 0.847943 0.194813
vt 0.841125 0.194352
vt 0.755757 0.691832
vt 0.751292 0.687258
vt 0.509877 0.843529
vt 0.516250 0.843006
vt 0.900107 0.016294
vt 0.894138 0.018569
vt 0.847338 0.200642
vt 0.840960 0.200211
vt 0.752198 0.694860
vt 0.748028 0.690587
vt 0.509630 0.837915
vt 0.515583 0.837426
vt 0.901842 0.021139
vt 0.896267 0.023264
vt 0.846760 0.206223
vt 0.840803 0.205821
vt 0.990826 0.741879
vt 0.997594 0.744210
vt 0.997594 0.748926
vt 0.990644 0.747218
vt 0.506747 0.789214
vt 0.513768 0.786528
vt 0.892022 0.074717
vt 0.884407 0.074507
vt 0.845033 0.252962
vt 0.837993 0.250435
vt 0.990957 0.737038
vt 0.997486 0.739287
vt 0.504346 0.783504
vt 0.511118 0.780913
vt 0.891574 0.079678
vt 0.884228 0.079475
vt 0.842453 0.258617
vt 0.835661 0.256179
vt 0.991082 0.732441
vt 0.997383 0.734611
vt 0.502066 0.778081
vt 0.508602 0.775581
vt 0.891147 0.084390
vt 0.884058 0.084194
vt 0.840002 0.263986
vt 0.833447 0.261634
vt 0.991203 0.727995
vt 0.997283 0.730090
vt 0.499861 0.772838
vt 0.506169 0.770425
vt 0.890735 0.088946
vt 0.883893 0.088757
vt 0.837632 0.269179
vt 0.831307 0.266908
vt 0.991320 0.723659
vt 0.997186 0.725680
vt 0.497710 0.767723
vt 0.503795 0.765396
vt 0.890333 0.093390
vt 0.883733 0.093208
vt 0.835321 0.274244
vt 0.829218 0.272053
vt 0.991462 0.718472
vt 0.997098 0.721100
vt 0.495504 0.762334
vt 0.501823 0.761837
vt 0.889884 0.096497
vt 0.883560 0.097229
vt 0.833148 0.278837
vt 0.826831 0.278457
vt 0.996077 0.352240
vt 0.989895 0.352319
vt 0.989790 0.345929
vt 0.996077 0.344915
vt 0.496947 0.755734
vt 0.502979 0.757041
vt 0.891281 0.101220
vt 0.885348 0.102906
vt 0.834456 0.284660
vt 0.828448 0.286069
vt 0.995983 0.357589
vt 0.989963 0.357667
vt 0.498204 0.750241
vt 0.504078 0.751514
vt 0.892781 0.106626
vt 0.887003 0.108269
vt 0.835640 0.290165
vt 0.829789 0.291538
vt 0.995893 0.362705
vt 0.990028 0.362781
vt 0.499406 0.744987
vt 0.505129 0.746227
vt 0.894216 0.111797
vt 0.888586 0.113398
vt 0.836772 0.295430
vt 0.831071 0.296767
vt 0.995806 0.367676
vt 0.990091 0.367749
vt 0.500573 0.739884
vt 0.506150 0.741092
vt 0.895609 0.116821
vt 0.890123 0.118380
vt 0.837872 0.300545
vt 0.832317 0.301848
vt 0.995721 0.372540
vt 0.990152 0.372612
vt 0.501716 0.734889
vt 0.507149 0.736066
vt 0.896973 0.121737
vt 0.891628 0.123256
vt 0.838948 0.305551
vt 0.833536 0.306820
vt 0.807336 0.580889
vt 0.811114 0.580889
vt 0.811394 0.583582
vt 0.806972 0.583582
vt 0.242522 0.992423
vt 0.238754 0.992423
vt 0.242873 0.988991
vt 0.986693 0.576839
vt 0.982925 0.576839
vt 0.982482 0.573786
vt 0.986892 0.573786
vt 0.970956 0.992332
vt 0.974711 0.992332
vt 0.975133 0.995665
vt 0.970739 0.995665
vt 0.807663 0.578461
vt 0.810862 0.578461
vt 0.242205 0.995517
vt 0.239017 0.995517
vt 0.986514 0.579591
vt 0.983324 0.579591
vt 0.971152 0.989329
vt 0.974330 0.989328
vt 0.845984 0.324315
vt 0.843078 0.325469
vt 0.229923 0.989072
vt 0.232950 0.989661
vt 0.508813 0.714823
vt 0.511711 0.716037
vt 0.901960 0.141647
vt 0.898769 0.141956
vt 0.847207 0.327353
vt 0.844646 0.328370
vt 0.230669 0.985864
vt 0.233336 0.986382
vt 0.510554 0.712044
vt 0.513108 0.713113
vt 0.902311 0.144895
vt 0.899499 0.145168
vt 0.848293 0.330052
vt 0.846038 0.330947
vt 0.231331 0.983013
vt 0.233680 0.983470
vt 0.512100 0.709576
vt 0.514348 0.710517
vt 0.902623 0.147780
vt 0.900147 0.148020
vt 0.849287 0.332523
vt 0.847313 0.333306
vt 0.231938 0.980404
vt 0.233994 0.980804
vt 0.513516 0.707315
vt 0.515484 0.708139
vt 0.902909 0.150422
vt 0.900741 0.150632
vt 0.850214 0.334826
vt 0.848502 0.335506
vt 0.232503 0.977970
vt 0.234287 0.978318
vt 0.514836 0.705208
vt 0.516543 0.705923
vt 0.903175 0.152885
vt 0.901294 0.153067
vt 0.851089 0.336999
vt 0.849623 0.337581
vt 0.233036 0.975675
vt 0.234563 0.975972
vt 0.516081 0.703220
vt 0.517543 0.703832
vt 0.903426 0.155208
vt 0.901816 0.155364
vt 0.851921 0.339067
vt 0.850690 0.339555
vt 0.233544 0.973491
vt 0.234826 0.973741
vt 0.517265 0.701329
vt 0.518493 0.701843
vt 0.903665 0.157418
vt 0.902313 0.157549
vt 0.023451 0.948873
vt 0.031886 0.948475
vt 0.779830 0.687779
vt 0.772229 0.691256
vt 0.627341 0.955765
vt 0.618895 0.955765
vt 0.618743 0.948264
vt 0.628581 0.947244
vt 0.864175 0.255695
vt 0.872342 0.257736
vt 0.023232 0.941218
vt 0.031657 0.940821
vt 0.783357 0.695063
vt 0.775764 0.698536
vt 0.627482 0.963251
vt 0.619046 0.963251
vt 0.866099 0.247768
vt 0.874256 0.249807
vt 0.023012 0.933574
vt 0.031428 0.933177
vt 0.786878 0.702337
vt 0.779294 0.705806
vt 0.627623 0.970727
vt 0.619197 0.970727
vt 0.868020 0.239852
vt 0.876168 0.241888
vt 0.022793 0.925938
vt 0.031199 0.925541
vt 0.790396 0.709604
vt 0.782821 0.713069
vt 0.627764 0.978195
vt 0.619348 0.978195
vt 0.869939 0.231944
vt 0.878077 0.233977
vt 0.627905 0.985657
vt 0.619499 0.985657
vt 0.989231 0.395507
vt 0.983605 0.395507
vt 0.982977 0.391304
vt 0.989621 0.391304
vt 0.453159 0.948736
vt 0.457792 0.945538
vt 0.154957 0.992141
vt 0.160561 0.992362
vt 0.160568 0.996699
vt 0.153789 0.996699
vt 0.916614 0.110029
vt 0.912007 0.106799
vt 0.988906 0.399019
vt 0.984130 0.399019
vt 0.450801 0.944561
vt 0.454733 0.941846
vt 0.155761 0.988110
vt 0.160518 0.988297
vt 0.913513 0.113723
vt 0.909603 0.110981
vt 0.988616 0.402145
vt 0.984597 0.402145
vt 0.448701 0.940843
vt 0.452010 0.938559
vt 0.156477 0.984520
vt 0.160480 0.984678
vt 0.910753 0.117012
vt 0.907462 0.114705
vt 0.988350 0.405013
vt 0.985026 0.405013
vt 0.446775 0.937433
vt 0.449513 0.935544
vt 0.157134 0.981227
vt 0.160445 0.981357
vt 0.908220 0.120030
vt 0.905498 0.118121
vt 0.988102 0.407690
vt 0.985426 0.407690
vt 0.444977 0.934249
vt 0.447181 0.932729
vt 0.157747 0.978152
vt 0.160412 0.978258
vt 0.905856 0.122847
vt 0.903665 0.121311
vt 0.178217 0.921792
vt 0.183580 0.918708
vt 0.187557 0.925793
vt 0.181652 0.929170
vt 0.462627 0.940021
vt 0.468807 0.940378
vt 0.781111 0.742938
vt 0.776776 0.738518
vt 0.927151 0.115414
vt 0.920977 0.115740
vt 0.175855 0.916849
vt 0.180671 0.914080
vt 0.463258 0.934343
vt 0.468807 0.934664
vt 0.776890 0.746695
vt 0.772997 0.742725
vt 0.927144 0.121133
vt 0.921600 0.121427
vt 0.173780 0.912506
vt 0.178115 0.910013
vt 0.463812 0.929353
vt 0.468806 0.929642
vt 0.773179 0.749996
vt 0.769676 0.746423
vt 0.927138 0.126160
vt 0.922147 0.126424
vt 0.171894 0.908559
vt 0.175792 0.906318
vt 0.464315 0.924819
vt 0.468807 0.925080
vt 0.769809 0.752995
vt 0.766658 0.749783
vt 0.927132 0.130727
vt 0.922645 0.130964
vt 0.170147 0.904902
vt 0.173640 0.902894
vt 0.464782 0.920619
vt 0.468807 0.920852
vt 0.766686 0.755774
vt 0.763862 0.752895
vt 0.927127 0.134958
vt 0.923106 0.135171
vt 0.168508 0.901471
vt 0.171621 0.899681
vt 0.465220 0.916677
vt 0.468807 0.916885
vt 0.763755 0.758383
vt 0.761239 0.755817
vt 0.927122 0.138929
vt 0.923538 0.139119
vt 0.166955 0.898220
vt 0.169708 0.896637
vt 0.465634 0.912944
vt 0.468807 0.913127
vt 0.760979 0.760853
vt 0.758754 0.758583
vt 0.927117 0.142690
vt 0.923948 0.142858
vt 0.165474 0.895121
vt 0.167884 0.893735
vt 0.466030 0.909383
vt 0.468806 0.909544
vt 0.758332 0.763208
vt 0.756384 0.761222
vt 0.927113 0.146277
vt 0.924339 0.146423
vt 0.164055 0.892150
vt 0.166136 0.890953
vt 0.466409 0.905970
vt 0.468807 0.906109
vt 0.755794 0.765466
vt 0.754112 0.763751
vt 0.927109 0.149715
vt 0.924713 0.149842
vt 0.162590 0.888857
vt 0.164571 0.888796
vt 0.466748 0.903233
vt 0.468786 0.903255
vt 0.753587 0.767237
vt 0.751638 0.766675
vt 0.927129 0.153580
vt 0.925094 0.153592
vt 0.162851 0.888218
vt 0.164554 0.889127
vt 0.444452 0.477227
vt 0.444452 0.479305
vt 0.444224 0.479299
vt 0.444151 0.477265
vt 0.753669 0.767008
vt 0.751674 0.767490
vt 0.927160 0.154154
vt 0.925084 0.154091
vt 0.163369 0.887328
vt 0.165208 0.888311
vt 0.873332 0.975797
vt 0.871268 0.975287
vt 0.871421 0.974341
vt 0.873332 0.974813
vt 0.754003 0.768033
vt 0.751848 0.768553
vt 0.205103 0.996713
vt 0.207095 0.995987
vt 0.207095 0.996869
vt 0.205250 0.997541
vt 0.164419 0.885524
vt 0.166535 0.886654
vt 0.873332 0.977794
vt 0.870958 0.977207
vt 0.754681 0.770112
vt 0.752202 0.770710
vt 0.204803 0.995032
vt 0.207095 0.994197
vt 0.166098 0.882640
vt 0.168656 0.884006
vt 0.873332 0.980985
vt 0.870462 0.980276
vt 0.755764 0.773435
vt 0.752768 0.774158
vt 0.204324 0.992345
vt 0.207095 0.991336
vt 0.168482 0.878544
vt 0.171667 0.880245
vt 0.873332 0.985517
vt 0.869758 0.984634
vt 0.757303 0.778154
vt 0.753571 0.779055
vt 0.203644 0.988529
vt 0.207095 0.987272
vt 0.171637 0.873123
vt 0.175653 0.875268
vt 0.873332 0.991516
vt 0.868826 0.990401
vt 0.759339 0.784400
vt 0.754633 0.785536
vt 0.202744 0.983479
vt 0.207095 0.981894
vt 0.873332 0.999091
vt 0.867649 0.997686
vt 0.201608 0.977101
vt 0.207095 0.975102
vt 0.359963 0.991135
vt 0.364369 0.991135
vt 0.365051 0.994920
vt 0.359345 0.994920
vt 0.047818 0.916090
vt 0.049800 0.912203
vt 0.623137 0.990353
vt 0.618743 0.990185
vt 0.618767 0.986440
vt 0.625256 0.985657
vt 0.990104 0.524552
vt 0.986677 0.521906
vt 0.988411 0.518011
vt 0.992349 0.521381
vt 0.360505 0.987331
vt 0.363792 0.987458
vt 0.044269 0.913414
vt 0.046630 0.911278
vt 0.622385 0.993513
vt 0.619097 0.993513
vt 0.987946 0.526758
vt 0.984926 0.525864
vt 0.882893 0.246498
vt 0.880133 0.247093
vt 0.879986 0.242866
vt 0.882924 0.242103
vt 0.042976 0.909042
vt 0.045703 0.908025
vt 0.880165 0.238269
vt 0.883021 0.238550
vt 0.883021 0.242103
vt 0.879986 0.241657
vt 0.988570 0.530231
vt 0.985702 0.530513
vt 0.882897 0.249294
vt 0.880261 0.249863
vt 0.042201 0.906180
vt 0.044804 0.905209
vt 0.880285 0.235317
vt 0.883012 0.235585
vt 0.989019 0.533152
vt 0.986281 0.533421
vt 0.882900 0.251801
vt 0.880376 0.252346
vt 0.041505 0.903614
vt 0.043998 0.902684
vt 0.880393 0.232671
vt 0.883004 0.232928
vt 0.989422 0.535770
vt 0.986799 0.536028
vt 0.882903 0.254137
vt 0.880483 0.254659
vt 0.040858 0.901224
vt 0.043248 0.900332
vt 0.880493 0.230206
vt 0.882996 0.230452
vt 0.989796 0.538209
vt 0.987282 0.538456
vt 0.882906 0.256352
vt 0.880585 0.256853
vt 0.040243 0.898956
vt 0.042536 0.898101
vt 0.880588 0.227867
vt 0.882989 0.228103
vt 0.990152 0.540523
vt 0.987740 0.540760
vt 0.882909 0.258477
vt 0.880682 0.258958
vt 0.039653 0.896782
vt 0.041853 0.895961
vt 0.880679 0.225624
vt 0.882983 0.225850
vt 0.990493 0.542742
vt 0.988180 0.542970
vt 0.882912 0.260529
vt 0.880776 0.260990
vt 0.039084 0.894681
vt 0.041193 0.893894
vt 0.880767 0.223458
vt 0.882976 0.223674
vt 0.990823 0.544886
vt 0.988604 0.545104
vt 0.882914 0.262521
vt 0.880868 0.262963
vt 0.038532 0.892643
vt 0.040553 0.891888
vt 0.880853 0.221355
vt 0.882970 0.221563
vt 0.991142 0.546966
vt 0.989016 0.547175
vt 0.882917 0.264462
vt 0.880957 0.264885
vt 0.037993 0.890657
vt 0.039930 0.889934
vt 0.880936 0.219306
vt 0.882964 0.219505
vt 0.991454 0.548993
vt 0.989417 0.549193
vt 0.882919 0.266358
vt 0.881044 0.266763
vt 0.037467 0.888716
vt 0.039320 0.888025
vt 0.881017 0.217305
vt 0.882958 0.217495
vt 0.991758 0.550973
vt 0.989809 0.551165
vt 0.882922 0.268216
vt 0.881129 0.268602
vt 0.036952 0.886815
vt 0.038723 0.886155
vt 0.881097 0.215344
vt 0.882952 0.215526
vt 0.992056 0.552913
vt 0.990193 0.553096
vt 0.882924 0.270038
vt 0.881212 0.270407
vt 0.036447 0.884950
vt 0.038138 0.884319
vt 0.881175 0.213421
vt 0.882946 0.213595
vt 0.992349 0.554816
vt 0.990570 0.554991
vt 0.996170 0.901674
vt 0.990547 0.903436
vt 0.991160 0.897936
vt 0.996623 0.896288
vt 0.054502 0.908886
vt 0.060266 0.906894
vt 0.755340 0.813372
vt 0.750639 0.809654
vt 0.759714 0.892453
vt 0.754235 0.890010
vt 0.756287 0.884753
vt 0.761528 0.886956
vt 0.996369 0.907063
vt 0.990901 0.908777
vt 0.053398 0.903399
vt 0.059002 0.901463
vt 0.752132 0.818004
vt 0.747561 0.814389
vt 0.757962 0.897762
vt 0.752634 0.895386
vt 0.748996 0.822533
vt 0.744551 0.819018
vt 0.995987 0.924317
vt 0.992177 0.925436
vt 0.045109 0.885520
vt 0.048120 0.882637
vt 0.521295 0.991374
vt 0.525586 0.991972
vt 0.747457 0.915631
vt 0.744800 0.912484
vt 0.995452 0.926920
vt 0.992294 0.927848
vt 0.043276 0.882854
vt 0.045771 0.880464
vt 0.522134 0.989014
vt 0.525690 0.989510
vt 0.745175 0.917598
vt 0.742974 0.914990
vt 0.994973 0.929249
vt 0.992398 0.930005
vt 0.041636 0.880469
vt 0.043671 0.878521
vt 0.522884 0.986904
vt 0.525784 0.987307
vt 0.743134 0.919357
vt 0.741340 0.917230
vt 0.994532 0.931393
vt 0.992495 0.931991
vt 0.040127 0.878274
vt 0.041737 0.876732
vt 0.741256 0.920976
vt 0.739836 0.919293
vt 0.757194 0.938819
vt 0.753076 0.938765
vt 0.600559 0.968359
vt 0.596596 0.969682
vt 0.640799 0.983782
vt 0.636691 0.983404
vt 0.636146 0.979578
vt 0.640799 0.980006
vt 0.994794 0.391124
vt 0.990791 0.391778
vt 0.756449 0.942156
vt 0.752795 0.942108
vt 0.601432 0.972027
vt 0.597916 0.973201
vt 0.640799 0.986992
vt 0.637154 0.986657
vt 0.995194 0.394893
vt 0.991643 0.395473
vt 0.755777 0.945161
vt 0.752542 0.945118
vt 0.602218 0.975330
vt 0.599104 0.976370
vt 0.640799 0.989884
vt 0.637571 0.989587
vt 0.995555 0.398287
vt 0.992410 0.398801
vt 0.755156 0.947941
vt 0.752308 0.947904
vt 0.602945 0.978386
vt 0.600204 0.979301
vt 0.640799 0.992559
vt 0.637958 0.992298
vt 0.995888 0.401427
vt 0.993120 0.401880
vt 0.754573 0.950555
vt 0.752088 0.950522
vt 0.603628 0.981258
vt 0.601238 0.982057
vt 0.640799 0.995073
vt 0.638320 0.994846
vt 0.996201 0.404379
vt 0.993786 0.404773
vt 0.754018 0.953037
vt 0.751879 0.953009
vt 0.604278 0.983987
vt 0.602220 0.984674
vt 0.640799 0.997461
vt 0.638665 0.997265
vt 0.996499 0.407182
vt 0.994420 0.407522
vt 0.187116 0.982528
vt 0.192858 0.983081
vt 0.759768 0.918588
vt 0.754074 0.919451
vt 0.602627 0.948989
vt 0.596987 0.947716
vt 0.597840 0.941856
vt 0.604278 0.943512
vt 0.051131 0.879063
vt 0.056666 0.880677
vt 0.812032 0.580796
vt 0.815457 0.580796
vt 0.815735 0.583582
vt 0.811394 0.583582
vt 0.990999 0.934925
vt 0.994434 0.934925
vt 0.994900 0.938308
vt 0.990547 0.938308
vt 0.815980 0.580765
vt 0.819401 0.580765
vt 0.820070 0.583517
vt 0.815735 0.583517
vt 0.980703 0.992649
vt 0.977273 0.992649
vt 0.976764 0.989329
vt 0.981111 0.989328
vt 0.812586 0.578379
vt 0.815217 0.578379
vt 0.991391 0.931991
vt 0.994030 0.931991
vt 0.816193 0.578379
vt 0.818820 0.578379
vt 0.980350 0.995529
vt 0.977715 0.995529
vt 0.335353 0.701515
vt 0.328800 0.701828
vt 0.329074 0.695714
vt 0.336227 0.695373
vt 0.984572 0.794499
vt 0.991348 0.794301
vt 0.991553 0.800803
vt 0.984156 0.801019
vt 0.097490 0.799095
vt 0.104027 0.799474
vt 0.104941 0.805497
vt 0.097805 0.805083
vt 0.969249 0.353103
vt 0.962881 0.351543
vt 0.963894 0.344915
vt 0.970844 0.346618
vt 0.334582 0.706936
vt 0.328559 0.707224
vt 0.984940 0.788744
vt 0.991168 0.788562
vt 0.097211 0.793809
vt 0.103220 0.794158
vt 0.967840 0.358827
vt 0.961987 0.357394
vt 0.333870 0.711937
vt 0.328336 0.712202
vt 0.985279 0.783435
vt 0.991002 0.783268
vt 0.096955 0.788933
vt 0.102476 0.789254
vt 0.966541 0.364108
vt 0.961163 0.362791
vt 0.333200 0.716647
vt 0.328126 0.716890
vt 0.985598 0.778436
vt 0.990845 0.778282
vt 0.096713 0.784341
vt 0.101775 0.784635
vt 0.965317 0.369081
vt 0.960387 0.367873
vt 0.995910 0.760804
vt 0.998695 0.760804
vt 0.999017 0.763443
vt 0.995714 0.763443
vt 0.102352 0.995437
vt 0.105136 0.995437
vt 0.105386 0.998353
vt 0.102085 0.998353
vt 0.996378 0.357186
vt 0.999164 0.357186
vt 0.999382 0.359912
vt 0.996077 0.359912
vt 0.530608 0.996346
vt 0.533393 0.996346
vt 0.533640 0.999256
vt 0.530337 0.999256
vt 0.996064 0.758722
vt 0.998440 0.758722
vt 0.102564 0.993137
vt 0.104939 0.993137
vt 0.996615 0.355035
vt 0.998993 0.355035
vt 0.530821 0.994050
vt 0.533198 0.994050
vt 0.996196 0.756935
vt 0.998222 0.756935
vt 0.102745 0.991163
vt 0.104770 0.991163
vt 0.996818 0.353189
vt 0.998846 0.353189
vt 0.531005 0.992080
vt 0.533031 0.992081
vt 0.996314 0.755340
vt 0.998027 0.755340
vt 0.102906 0.989402
vt 0.104619 0.989402
vt 0.997000 0.351541
vt 0.998714 0.351541
vt 0.531168 0.990322
vt 0.532882 0.990322
vt 0.996421 0.753883
vt 0.997849 0.753883
vt 0.103054 0.987792
vt 0.104481 0.987792
vt 0.997165 0.350036
vt 0.998594 0.350036
vt 0.531318 0.988716
vt 0.532746 0.988716
vt 0.996521 0.752531
vt 0.997684 0.752531
vt 0.103191 0.986299
vt 0.104353 0.986299
vt 0.997319 0.348640
vt 0.998483 0.348640
vt 0.531457 0.987226
vt 0.532620 0.987226
vt 0.996615 0.751264
vt 0.997530 0.751264
vt 0.103320 0.984899
vt 0.104233 0.984899
vt 0.997464 0.347330
vt 0.998379 0.347330
vt 0.531587 0.985829
vt 0.532501 0.985829
vt 0.996704 0.750066
vt 0.997383 0.750066
vt 0.103441 0.983576
vt 0.104120 0.983576
vt 0.997600 0.346093
vt 0.998280 0.346093
vt 0.531709 0.984508
vt 0.532389 0.984508
vt 0.996788 0.748926
vt 0.997244 0.748926
vt 0.103556 0.982317
vt 0.104012 0.982317
vt 0.997730 0.344915
vt 0.998186 0.344915
vt 0.531826 0.983251
vt 0.532282 0.983251
vt 0.333805 0.741106
vt 0.330322 0.741290
vt 0.657175 0.975765
vt 0.660635 0.976031
vt 0.097169 0.761546
vt 0.100648 0.761855
vt 0.965737 0.392264
vt 0.962255 0.392664
vt 0.333992 0.745065
vt 0.330727 0.745237
vt 0.657455 0.971829
vt 0.660699 0.972080
vt 0.097719 0.757620
vt 0.100981 0.757909
vt 0.966133 0.396219
vt 0.962868 0.396594
vt 0.334155 0.748494
vt 0.331077 0.748656
vt 0.657698 0.968420
vt 0.660755 0.968656
vt 0.098194 0.754219
vt 0.101269 0.754492
vt 0.966475 0.399644
vt 0.963399 0.399998
vt 0.334301 0.751576
vt 0.331392 0.751730
vt 0.657916 0.965356
vt 0.660805 0.965579
vt 0.098622 0.751161
vt 0.101528 0.751419
vt 0.966783 0.402724
vt 0.963876 0.403057
vt 0.334435 0.754408
vt 0.331682 0.754553
vt 0.658116 0.962541
vt 0.660851 0.962752
vt 0.099015 0.748353
vt 0.101765 0.748597
vt 0.967066 0.405552
vt 0.964314 0.405868
vt 0.334560 0.757046
vt 0.331951 0.757184
vt 0.658303 0.959918
vt 0.660894 0.960118
vt 0.099381 0.745735
vt 0.101987 0.745966
vt 0.967330 0.408188
vt 0.964722 0.408487
vt 0.334678 0.759530
vt 0.332205 0.759661
vt 0.658479 0.957448
vt 0.660935 0.957638
vt 0.099726 0.743271
vt 0.102196 0.743490
vt 0.967578 0.410670
vt 0.965107 0.410953
vt 0.334789 0.761887
vt 0.332446 0.762011
vt 0.658645 0.955106
vt 0.660973 0.955285
vt 0.100053 0.740934
vt 0.102394 0.741142
vt 0.967814 0.413024
vt 0.965471 0.413293
vt 0.334896 0.764135
vt 0.332676 0.764253
vt 0.658804 0.952870
vt 0.661010 0.953041
vt 0.100365 0.738703
vt 0.102583 0.738900
vt 0.968038 0.415270
vt 0.965819 0.415525
vt 0.334998 0.766291
vt 0.332896 0.766402
vt 0.658957 0.950728
vt 0.661045 0.950889
vt 0.100664 0.736565
vt 0.102764 0.736752
vt 0.968254 0.417423
vt 0.966153 0.417665
vt 0.335097 0.768366
vt 0.333108 0.768471
vt 0.659103 0.948665
vt 0.661078 0.948818
vt 0.100952 0.734507
vt 0.102938 0.734684
vt 0.968461 0.419496
vt 0.966474 0.419724
vt 0.335191 0.770368
vt 0.333313 0.770468
vt 0.659245 0.946674
vt 0.661111 0.946818
vt 0.101230 0.732520
vt 0.103106 0.732687
vt 0.968661 0.421497
vt 0.966784 0.421712
vt 0.335283 0.772308
vt 0.333511 0.772401
vt 0.659382 0.944746
vt 0.661143 0.944882
vt 0.101499 0.730597
vt 0.103269 0.730754
vt 0.968855 0.423434
vt 0.967084 0.423637
vt 0.335372 0.774189
vt 0.333704 0.774277
vt 0.659515 0.942876
vt 0.661173 0.943004
vt 0.101760 0.728731
vt 0.103427 0.728879
vt 0.969043 0.425314
vt 0.967375 0.425505
vt 0.335459 0.776019
vt 0.333891 0.776102
vt 0.659645 0.941057
vt 0.661203 0.941177
vt 0.102014 0.726916
vt 0.103581 0.727055
vt 0.969226 0.427141
vt 0.967658 0.427321
vt 0.335544 0.777801
vt 0.334073 0.777879
vt 0.659771 0.939285
vt 0.661232 0.939398
vt 0.102261 0.725148
vt 0.103730 0.725279
vt 0.969404 0.428921
vt 0.967934 0.429090
vt 0.335626 0.779539
vt 0.334250 0.779612
vt 0.659894 0.937557
vt 0.661260 0.937663
vt 0.102502 0.723424
vt 0.103876 0.723546
vt 0.969578 0.430658
vt 0.968203 0.430816
vt 0.335707 0.781237
vt 0.334424 0.781305
vt 0.660014 0.935869
vt 0.661288 0.935967
vt 0.102738 0.721740
vt 0.104019 0.721853
vt 0.969748 0.432354
vt 0.968466 0.432501
vt 0.335785 0.782898
vt 0.334594 0.782961
vt 0.660131 0.934218
vt 0.661315 0.934309
vt 0.102968 0.720092
vt 0.104159 0.720198
vt 0.969914 0.434014
vt 0.968723 0.434150
vt 0.335862 0.784524
vt 0.334760 0.784583
vt 0.660246 0.932601
vt 0.661341 0.932685
vt 0.103194 0.718479
vt 0.104295 0.718577
vt 0.970076 0.435638
vt 0.968974 0.435765
vt 0.335938 0.786119
vt 0.334923 0.786172
vt 0.660359 0.931016
vt 0.661367 0.931094
vt 0.103415 0.716898
vt 0.104429 0.716988
vt 0.970236 0.437231
vt 0.969221 0.437347
vt 0.336012 0.787682
vt 0.335083 0.787732
vt 0.660470 0.929462
vt 0.661393 0.929533
vt 0.103632 0.715346
vt 0.104560 0.715429
vt 0.970392 0.438793
vt 0.969463 0.438900
vt 0.336085 0.789218
vt 0.335240 0.789263
vt 0.660578 0.927935
vt 0.661418 0.928000
vt 0.103845 0.713824
vt 0.104689 0.713898
vt 0.970545 0.440327
vt 0.969701 0.440424
vt 0.336156 0.790727
vt 0.335394 0.790767
vt 0.660685 0.926435
vt 0.661442 0.926494
vt 0.104055 0.712327
vt 0.104816 0.712395
vt 0.970696 0.441834
vt 0.969934 0.441922
vt 0.336227 0.792210
vt 0.335546 0.792246
vt 0.660790 0.924960
vt 0.661466 0.925013
vt 0.104261 0.710855
vt 0.104941 0.710916
vt 0.970844 0.443316
vt 0.970164 0.443394
vt 0.657857 0.252389
vt 0.645745 0.254368
vt 0.982617 0.906751
vt 0.971473 0.909555
vt 0.970739 0.899395
vt 0.983091 0.896288
vt 0.204347 0.817369
vt 0.216514 0.818977
vt 0.535067 0.610521
vt 0.522872 0.610853
vt 0.658759 0.262017
vt 0.647788 0.263810
vt 0.982206 0.915838
vt 0.972111 0.918378
vt 0.206284 0.807624
vt 0.217306 0.809081
vt 0.535336 0.619542
vt 0.524289 0.619842
vt 0.659584 0.270806
vt 0.649653 0.272429
vt 0.981831 0.924133
vt 0.972693 0.926432
vt 0.208052 0.798730
vt 0.218028 0.800048
vt 0.535583 0.627775
vt 0.525583 0.628047
vt 0.660354 0.279019
vt 0.651395 0.280483
vt 0.981480 0.931884
vt 0.973237 0.933958
vt 0.209705 0.790417
vt 0.218704 0.791607
vt 0.535813 0.635470
vt 0.526793 0.635715
vt 0.836993 0.581929
vt 0.837152 0.578232
vt 0.840021 0.577868
vt 0.840021 0.582376
vt 0.082507 0.942310
vt 0.086125 0.942690
vt 0.206712 0.742413
vt 0.210139 0.740986
vt 0.995186 0.692399
vt 0.998890 0.692664
vt 0.999316 0.696643
vt 0.995170 0.695923
vt 0.356755 0.952477
vt 0.360095 0.952477
vt 0.360181 0.954891
vt 0.356471 0.954891
vt 0.083038 0.938974
vt 0.086296 0.939316
vt 0.205848 0.740022
vt 0.208933 0.738738
vt 0.995612 0.689050
vt 0.998947 0.689289
vt 0.357002 0.950377
vt 0.360021 0.950377
vt 0.083501 0.936070
vt 0.086445 0.936380
vt 0.205095 0.737942
vt 0.207883 0.736781
vt 0.995983 0.686136
vt 0.998996 0.686352
vt 0.357225 0.948482
vt 0.359954 0.948482
vt 0.083918 0.933451
vt 0.086579 0.933731
vt 0.204416 0.736065
vt 0.206936 0.735016
vt 0.996317 0.683507
vt 0.999041 0.683702
vt 0.357431 0.946736
vt 0.359892 0.946736
vt 0.084302 0.931038
vt 0.086703 0.931291
vt 0.203790 0.734336
vt 0.206064 0.733390
vt 0.996625 0.681085
vt 0.999082 0.681261
vt 0.357623 0.945105
vt 0.359834 0.945105
vt 0.084661 0.928785
vt 0.086818 0.929011
vt 0.203206 0.732721
vt 0.205249 0.731871
vt 0.996913 0.678823
vt 0.999121 0.678981
vt 0.357804 0.943567
vt 0.359779 0.943567
vt 0.085000 0.926659
vt 0.086927 0.926861
vt 0.202655 0.731198
vt 0.204480 0.730438
vt 0.997184 0.676689
vt 0.999157 0.676830
vt 0.357976 0.942106
vt 0.359728 0.942106
vt 0.085322 0.924639
vt 0.087030 0.924818
vt 0.202131 0.729750
vt 0.203749 0.729077
vt 0.997442 0.674661
vt 0.999191 0.674787
vt 0.358140 0.940709
vt 0.359678 0.940709
vt 0.085630 0.922708
vt 0.087129 0.922866
vt 0.201631 0.728367
vt 0.203051 0.727776
vt 0.997689 0.672724
vt 0.999224 0.672834
vt 0.358298 0.939368
vt 0.359631 0.939368
vt 0.085925 0.920855
vt 0.087224 0.920991
vt 0.201151 0.727039
vt 0.202381 0.726527
vt 0.997926 0.670863
vt 0.999256 0.670959
vt 0.358450 0.938076
vt 0.359585 0.938076
vt 0.086209 0.919069
vt 0.087316 0.919185
vt 0.200688 0.725759
vt 0.201735 0.725323
vt 0.998154 0.669071
vt 0.999286 0.669152
vt 0.358597 0.936827
vt 0.359540 0.936827
vt 0.086484 0.917343
vt 0.087404 0.917439
vt 0.200240 0.724522
vt 0.201111 0.724160
vt 0.998374 0.667338
vt 0.999316 0.667405
vt 0.658823 0.307521
vt 0.652647 0.306564
vt 0.081513 0.970546
vt 0.087403 0.969487
vt 0.087404 0.975106
vt 0.081704 0.976622
vt 0.211419 0.764454
vt 0.217567 0.763314
vt 0.537943 0.663290
vt 0.531796 0.664376
vt 0.657771 0.312365
vt 0.652002 0.311470
vt 0.081109 0.965059
vt 0.086611 0.964070
vt 0.210684 0.759499
vt 0.216428 0.758435
vt 0.538767 0.668677
vt 0.533024 0.669692
vt 0.657547 0.331884
vt 0.653508 0.332622
vt 0.468807 0.941503
vt 0.472341 0.940790
vt 0.472832 0.945872
vt 0.468876 0.946323
vt 0.211233 0.738710
vt 0.215293 0.739324
vt 0.544886 0.689146
vt 0.541063 0.690163
vt 0.657934 0.335045
vt 0.654169 0.335732
vt 0.469095 0.937776
vt 0.472389 0.937112
vt 0.211905 0.735525
vt 0.215690 0.736097
vt 0.546188 0.692412
vt 0.542625 0.693361
vt 0.658274 0.337825
vt 0.654751 0.338469
vt 0.469348 0.934498
vt 0.472431 0.933876
vt 0.212497 0.732724
vt 0.216039 0.733259
vt 0.547334 0.695286
vt 0.543999 0.696174
vt 0.658584 0.340353
vt 0.655279 0.340957
vt 0.469579 0.931518
vt 0.472470 0.930935
vt 0.213035 0.730177
vt 0.216356 0.730678
vt 0.548376 0.697899
vt 0.545248 0.698731
vt 0.658870 0.342697
vt 0.655769 0.343263
vt 0.469792 0.928755
vt 0.472505 0.928208
vt 0.213533 0.727815
vt 0.216650 0.728286
vt 0.549341 0.700321
vt 0.546406 0.701102
vt 0.659140 0.344897
vt 0.656229 0.345429
vt 0.469993 0.926161
vt 0.472539 0.925647
vt 0.214001 0.725598
vt 0.216926 0.726040
vt 0.550247 0.702595
vt 0.547493 0.703328
vt 0.659395 0.346982
vt 0.656666 0.347481
vt 0.470183 0.923703
vt 0.472571 0.923221
vt 0.214445 0.723497
vt 0.217188 0.723912
vt 0.551107 0.704749
vt 0.548523 0.705437
vt 0.659638 0.348971
vt 0.657081 0.349438
vt 0.470364 0.921358
vt 0.472601 0.920907
vt 0.214868 0.721493
vt 0.217437 0.721882
vt 0.551926 0.706805
vt 0.549506 0.707449
vt 0.659871 0.350879
vt 0.657480 0.351315
vt 0.470538 0.919110
vt 0.472630 0.918688
vt 0.215273 0.719572
vt 0.217677 0.719935
vt 0.552712 0.708776
vt 0.550449 0.709379
vt 0.660096 0.352715
vt 0.657865 0.353123
vt 0.470705 0.916944
vt 0.472658 0.916550
vt 0.215664 0.717721
vt 0.217907 0.718060
vt 0.553468 0.710675
vt 0.551356 0.711237
vt 0.660313 0.354490
vt 0.658236 0.354870
vt 0.470867 0.914852
vt 0.472685 0.914485
vt 0.216042 0.715932
vt 0.218130 0.716248
vt 0.554200 0.712509
vt 0.552233 0.713032
vt 0.660524 0.356211
vt 0.658596 0.356563
vt 0.471024 0.912823
vt 0.472711 0.912483
vt 0.216408 0.714199
vt 0.218346 0.714492
vt 0.554908 0.714287
vt 0.553083 0.714773
vt 0.660728 0.357882
vt 0.658945 0.358207
vt 0.471176 0.910853
vt 0.472737 0.910539
vt 0.216763 0.712515
vt 0.218556 0.712786
vt 0.555597 0.716014
vt 0.553909 0.716463
vt 0.660927 0.359509
vt 0.659285 0.359808
vt 0.471325 0.908936
vt 0.472761 0.908646
vt 0.217109 0.710876
vt 0.218760 0.711126
vt 0.556267 0.717695
vt 0.554713 0.718109
vt 0.661122 0.361095
vt 0.659617 0.361370
vt 0.471469 0.907065
vt 0.472786 0.906800
vt 0.217447 0.709278
vt 0.218959 0.709506
vt 0.556921 0.719335
vt 0.555497 0.719714
vt 0.661311 0.362645
vt 0.659941 0.362895
vt 0.471610 0.905238
vt 0.472809 0.904996
vt 0.217776 0.707716
vt 0.219153 0.707924
vt 0.557559 0.720936
vt 0.556262 0.721282
vt 0.661497 0.364160
vt 0.660258 0.364386
vt 0.471749 0.903451
vt 0.472832 0.903233
vt 0.218099 0.706189
vt 0.219344 0.706377
vt 0.558184 0.722503
vt 0.557011 0.722815
vt 0.647818 0.302054
vt 0.645539 0.298179
vt 0.980946 0.953761
vt 0.976615 0.954980
vt 0.205156 0.770967
vt 0.207325 0.767038
vt 0.983988 0.992503
vt 0.988362 0.992890
vt 0.989067 0.996418
vt 0.983091 0.996418
vt 0.644752 0.303335
vt 0.642856 0.300110
vt 0.981474 0.956848
vt 0.977870 0.957863
vt 0.202271 0.769017
vt 0.204076 0.765747
vt 0.984117 0.989713
vt 0.987757 0.990035
vt 0.642079 0.304452
vt 0.640517 0.301794
vt 0.981934 0.959540
vt 0.978964 0.960377
vt 0.199756 0.767316
vt 0.201243 0.764621
vt 0.984229 0.987279
vt 0.987229 0.987545
vt 0.639664 0.305460
vt 0.638403 0.303315
vt 0.982349 0.961973
vt 0.979952 0.962648
vt 0.197483 0.765779
vt 0.198684 0.763604
vt 0.984331 0.985081
vt 0.986752 0.985296
vt 0.637437 0.306391
vt 0.636454 0.304718
vt 0.982733 0.964216
vt 0.980863 0.964742
vt 0.195387 0.764362
vt 0.196323 0.762666
vt 0.984424 0.983054
vt 0.986312 0.983222
vt 0.635355 0.307261
vt 0.634632 0.306030
vt 0.983091 0.966313
vt 0.981715 0.966700
vt 0.193428 0.763038
vt 0.194117 0.761790
vt 0.984512 0.981159
vt 0.985901 0.981282
vt 0.583648 0.045638
vt 0.593798 0.061174
vt 0.836664 0.886032
vt 0.855201 0.885571
vt 0.476876 0.662258
vt 0.468331 0.678703
vt 0.912992 0.558352
vt 0.930986 0.561418
vt 0.930255 0.576102
vt 0.912097 0.573007
vt 0.597793 0.036497
vt 0.607851 0.051893
vt 0.835819 0.871663
vt 0.854189 0.871206
vt 0.491787 0.670011
vt 0.483319 0.686308
vt 0.913875 0.543901
vt 0.931706 0.546939
vt 0.611810 0.027438
vt 0.621777 0.042695
vt 0.834983 0.857424
vt 0.853186 0.856971
vt 0.506563 0.677695
vt 0.498172 0.693844
vt 0.914751 0.529580
vt 0.932420 0.532591
vt 0.521239 0.685326
vt 0.512925 0.701329
vt 0.877694 0.823328
vt 0.861550 0.823853
vt 0.860648 0.811022
vt 0.877605 0.810471
vt 0.811820 0.260338
vt 0.797027 0.253812
vt 0.801477 0.242415
vt 0.817016 0.249269
vt 0.918919 0.868833
vt 0.902814 0.867749
vt 0.903275 0.854809
vt 0.920192 0.855947
vt 0.016164 0.813761
vt 0.030989 0.808378
vt 0.036447 0.819272
vt 0.020875 0.824926
vt 0.877779 0.835585
vt 0.862410 0.836085
vt 0.806867 0.270889
vt 0.792784 0.264676
vt 0.917706 0.881115
vt 0.902374 0.880084
vt 0.011673 0.803118
vt 0.025786 0.797993
vt 0.877867 0.846862
vt 0.863262 0.846090
vt 0.802588 0.279496
vt 0.788500 0.275738
vt 0.916517 0.893627
vt 0.901908 0.893891
vt 0.006735 0.791184
vt 0.020933 0.788454
vt 0.643763 0.988269
vt 0.640822 0.973067
vt 0.651543 0.972098
vt 0.953330 0.822234
vt 0.941255 0.820638
vt 0.939346 0.813442
vt 0.953330 0.807584
vt 0.473197 0.971836
vt 0.475966 0.956498
vt 0.319170 0.976645
vt 0.321922 0.988655
vt 0.311808 0.988655
vt 0.316072 0.973849
vt 0.656739 0.824178
vt 0.644267 0.825062
vt 0.647465 0.802843
vt 0.658959 0.806407
vt 0.649450 0.750204
vt 0.660929 0.753542
vt 0.661455 0.768190
vt 0.649806 0.772460
vt 0.947105 0.096418
vt 0.959240 0.097807
vt 0.958573 0.108526
vt 0.947202 0.111721
vt 0.982253 0.158687
vt 0.971360 0.163819
vt 0.971708 0.148399
vt 0.982403 0.150378
vt 0.655383 0.837129
vt 0.643607 0.837963
vt 0.649596 0.737940
vt 0.660433 0.741093
vt 0.946704 0.083558
vt 0.958161 0.084870
vt 0.981502 0.170005
vt 0.971218 0.174851
vt 0.654141 0.848981
vt 0.643004 0.849770
vt 0.649729 0.726717
vt 0.659979 0.729698
vt 0.946336 0.071789
vt 0.957173 0.073030
vt 0.980815 0.180363
vt 0.971088 0.184947
vt 0.652969 0.860172
vt 0.642433 0.860919
vt 0.649855 0.716120
vt 0.659551 0.718940
vt 0.945989 0.060677
vt 0.956240 0.061851
vt 0.980166 0.190144
vt 0.970965 0.194480
vt 0.651845 0.870895
vt 0.641887 0.871601
vt 0.649975 0.705965
vt 0.659140 0.708630
vt 0.945657 0.050029
vt 0.955345 0.051138
vt 0.979545 0.199516
vt 0.970848 0.203614
vt 0.650759 0.881261
vt 0.641359 0.881927
vt 0.650092 0.696149
vt 0.658743 0.698666
vt 0.945335 0.039736
vt 0.954481 0.040784
vt 0.978944 0.208575
vt 0.970734 0.212444
vt 0.649688 0.892201
vt 0.640822 0.893281
vt 0.650304 0.685401
vt 0.658292 0.689770
vt 0.944987 0.030598
vt 0.953587 0.032039
vt 0.978348 0.216346
vt 0.970631 0.221708
vt 0.951623 0.715349
vt 0.945249 0.717616
vt 0.183222 0.996915
vt 0.183222 0.988941
vt 0.186973 0.990851
vt 0.186973 0.997206
vt 0.995290 0.033835
vt 0.995290 0.040780
vt 0.990551 0.041696
vt 0.991089 0.036027
vt 0.141818 0.990912
vt 0.136932 0.989527
vt 0.567287 0.993297
vt 0.571643 0.993297
vt 0.571680 0.997251
vt 0.566488 0.997251
vt 0.257340 0.984017
vt 0.252936 0.984017
vt 0.257760 0.979360
vt 0.957968 0.984828
vt 0.953617 0.984761
vt 0.957968 0.981245
vt 0.927812 0.994960
vt 0.932158 0.994960
vt 0.932683 0.999624
vt 0.927504 0.999624
vt 0.567939 0.990069
vt 0.571612 0.990069
vt 0.256998 0.987818
vt 0.253284 0.987818
vt 0.957968 0.987752
vt 0.954299 0.987696
vt 0.928064 0.991153
vt 0.931728 0.991153
vt 0.568511 0.987239
vt 0.571586 0.987239
vt 0.256698 0.991152
vt 0.253589 0.991151
vt 0.957968 0.990317
vt 0.954897 0.990269
vt 0.928285 0.987815
vt 0.931352 0.987815
vt 0.569030 0.984671
vt 0.571561 0.984671
vt 0.256426 0.994175
vt 0.253866 0.994175
vt 0.957968 0.992643
vt 0.955439 0.992604
vt 0.928485 0.984786
vt 0.931011 0.984786
vt 0.569510 0.982295
vt 0.571539 0.982295
vt 0.256174 0.996973
vt 0.254123 0.996973
vt 0.957968 0.994795
vt 0.955941 0.994764
vt 0.928671 0.981984
vt 0.930695 0.981984
vt 0.569960 0.980068
vt 0.571518 0.980068
vt 0.255938 0.999597
vt 0.254363 0.999597
vt 0.957968 0.996814
vt 0.956412 0.996790
vt 0.928844 0.979357
vt 0.930399 0.979357
vt 0.668317 0.990562
vt 0.672438 0.990562
vt 0.673521 0.993963
vt 0.667331 0.993963
vt 0.935564 0.153023
vt 0.939665 0.153023
vt 0.940701 0.157417
vt 0.934542 0.157417
vt 0.966664 0.339600
vt 0.970776 0.339600
vt 0.971738 0.343892
vt 0.965563 0.343892
vt 0.258884 0.990206
vt 0.262960 0.990206
vt 0.264265 0.994168
vt 0.258141 0.994168
vt 0.669095 0.987881
vt 0.671584 0.987881
vt 0.936370 0.149557
vt 0.938847 0.149557
vt 0.967533 0.336215
vt 0.970016 0.336215
vt 0.259469 0.987081
vt 0.261932 0.987081
vt 0.669762 0.985580
vt 0.670852 0.985580
vt 0.937062 0.146584
vt 0.938146 0.146584
vt 0.968278 0.333310
vt 0.969365 0.333310
vt 0.259971 0.984400
vt 0.261049 0.984400
vt 0.595044 0.994294
vt 0.595044 0.987453
vt 0.600806 0.984674
vt 0.600806 0.992535
vt 0.378079 0.993292
vt 0.370237 0.994452
vt 0.909388 0.995441
vt 0.909388 0.987523
vt 0.914344 0.986992
vt 0.914344 0.996092
vt 0.907644 0.555590
vt 0.899139 0.554116
vt 0.561716 0.975544
vt 0.566327 0.975753
vt 0.989725 0.169543
vt 0.985877 0.170975
vt 0.992386 0.678315
vt 0.987779 0.678074
vt 0.903018 0.527041
vt 0.906931 0.528606
vt 0.562163 0.972636
vt 0.566209 0.972819
vt 0.989760 0.173379
vt 0.986383 0.174635
vt 0.991836 0.681510
vt 0.987794 0.681299
vt 0.903602 0.523531
vt 0.907036 0.524905
vt 0.562548 0.970135
vt 0.566108 0.970297
vt 0.989789 0.176677
vt 0.986818 0.177783
vt 0.991364 0.684259
vt 0.987807 0.684072
vt 0.904105 0.520512
vt 0.907127 0.521721
vt 0.562891 0.967899
vt 0.566018 0.968041
vt 0.989816 0.179627
vt 0.987206 0.180598
vt 0.990942 0.686716
vt 0.987818 0.686552
vt 0.904554 0.517813
vt 0.907208 0.518875
vt 0.563206 0.965854
vt 0.565935 0.965978
vt 0.989840 0.182324
vt 0.987562 0.183172
vt 0.990556 0.688963
vt 0.987828 0.688820
vt 0.904965 0.515345
vt 0.907282 0.516272
vt 0.563498 0.963955
vt 0.565859 0.964062
vt 0.989863 0.184829
vt 0.987893 0.185563
vt 0.990197 0.691050
vt 0.987838 0.690927
vt 0.905347 0.513053
vt 0.907351 0.513854
vt 0.563772 0.962172
vt 0.565787 0.962264
vt 0.989884 0.187180
vt 0.988202 0.187806
vt 0.989861 0.693009
vt 0.987847 0.692904
vt 0.905705 0.510901
vt 0.907415 0.511586
vt 0.564031 0.960486
vt 0.565719 0.960562
vt 0.989904 0.189405
vt 0.988496 0.189929
vt 0.989542 0.694862
vt 0.987856 0.694774
vt 0.906044 0.508866
vt 0.907477 0.509439
vt 0.564277 0.958880
vt 0.565654 0.958943
vt 0.989924 0.191522
vt 0.988775 0.191950
vt 0.989239 0.696626
vt 0.987864 0.696554
vt 0.906367 0.506928
vt 0.907535 0.507396
vt 0.564514 0.957345
vt 0.565592 0.957393
vt 0.989942 0.193548
vt 0.989042 0.193883
vt 0.988949 0.698314
vt 0.987872 0.698257
vt 0.906675 0.505075
vt 0.907590 0.505441
vt 0.564740 0.955869
vt 0.565532 0.955905
vt 0.989959 0.195494
vt 0.989299 0.195739
vt 0.906972 0.503294
vt 0.907644 0.503563
vt 0.651464 0.902275
vt 0.644026 0.903572
vt 0.653180 0.678148
vt 0.659541 0.683337
vt 0.947586 0.022385
vt 0.954774 0.023983
vt 0.979980 0.221802
vt 0.973712 0.227541
vt 0.652640 0.908801
vt 0.646172 0.909929
vt 0.655024 0.673765
vt 0.660555 0.678277
vt 0.949549 0.015951
vt 0.955800 0.017340
vt 0.981264 0.226283
vt 0.975813 0.231274
vt 0.656660 0.669874
vt 0.661455 0.673787
vt 0.982403 0.230261
vt 0.977677 0.234588
vt 0.226250 0.978885
vt 0.219873 0.978667
vt 0.220223 0.973491
vt 0.226255 0.973698
vt 0.111940 0.969990
vt 0.117980 0.967927
vt 0.119486 0.972881
vt 0.113773 0.974833
vt 0.990369 0.830169
vt 0.984159 0.828799
vt 0.985879 0.822723
vt 0.991340 0.825082
vt 0.785356 0.966149
vt 0.779052 0.965216
vt 0.779980 0.960113
vt 0.786829 0.959995
vt 0.839220 0.994307
vt 0.843181 0.994307
vt 0.843674 0.997371
vt 0.838733 0.997371
vt 0.113531 0.947677
vt 0.117264 0.948340
vt 0.989410 0.849147
vt 0.985650 0.850375
vt 0.996047 0.994155
vt 0.999571 0.995403
vt 0.999571 0.999044
vt 0.995175 0.997487
vt 0.839602 0.991913
vt 0.842796 0.991913
vt 0.114744 0.944839
vt 0.117754 0.945374
vt 0.989835 0.851953
vt 0.986803 0.852943
vt 0.996729 0.991551
vt 0.999571 0.992557
vt 0.839927 0.989872
vt 0.842467 0.989872
vt 0.115778 0.942418
vt 0.118172 0.942844
vt 0.990198 0.854346
vt 0.987787 0.855133
vt 0.997311 0.989331
vt 0.999571 0.990130
vt 0.840216 0.988057
vt 0.842175 0.988057
vt 0.116697 0.940267
vt 0.118544 0.940596
vt 0.990521 0.856472
vt 0.988661 0.857079
vt 0.997828 0.987357
vt 0.999571 0.987974
vt 0.840479 0.986405
vt 0.841909 0.986405
vt 0.117533 0.938309
vt 0.118882 0.938549
vt 0.990815 0.858408
vt 0.989457 0.858851
vt 0.998298 0.985561
vt 0.999571 0.986011
vt 0.840722 0.984878
vt 0.841664 0.984878
vt 0.118307 0.936498
vt 0.119194 0.936656
vt 0.991086 0.860198
vt 0.990193 0.860490
vt 0.998733 0.983899
vt 0.999571 0.984196
vt 0.840950 0.983449
vt 0.841434 0.983449
vt 0.119031 0.934804
vt 0.119486 0.934886
vt 0.991340 0.861872
vt 0.990881 0.862022
vt 0.999140 0.982345
vt 0.999571 0.982498
vt 0.915103 0.993053
vt 0.918166 0.993053
vt 0.918825 0.996357
vt 0.914426 0.996357
vt 0.825739 0.336031
vt 0.822686 0.336031
vt 0.821889 0.333062
vt 0.826274 0.333062
vt 0.469328 0.950663
vt 0.472381 0.950663
vt 0.473191 0.953576
vt 0.468807 0.953576
vt 0.337572 0.993655
vt 0.340610 0.993655
vt 0.341259 0.996965
vt 0.336895 0.996965
vt 0.915644 0.990413
vt 0.917639 0.990413
vt 0.825311 0.338403
vt 0.823323 0.338403
vt 0.469745 0.948336
vt 0.471734 0.948336
vt 0.338113 0.991011
vt 0.340092 0.991010
vt 0.916112 0.988129
vt 0.917184 0.988129
vt 0.824942 0.340455
vt 0.823873 0.340455
vt 0.470106 0.946323
vt 0.471174 0.946323
vt 0.338581 0.988723
vt 0.339644 0.988723
vt 0.080725 0.929646
vt 0.063549 0.929176
vt 0.063202 0.917343
vt 0.080725 0.917822
vt 0.900515 0.171001
vt 0.885397 0.176315
vt 0.883637 0.162970
vt 0.899059 0.157549
vt 0.920463 0.705166
vt 0.937574 0.704270
vt 0.937574 0.716703
vt 0.920118 0.717616
vt 0.407723 0.953122
vt 0.423787 0.955754
vt 0.424376 0.969213
vt 0.407987 0.966527
vt 0.920801 0.692965
vt 0.937574 0.692087
vt 0.146424 0.888435
vt 0.159331 0.885373
vt 0.898330 0.225611
vt 0.884715 0.226962
vt 0.388924 0.722915
vt 0.376417 0.718241
vt 0.889927 0.481377
vt 0.903462 0.481680
vt 0.147752 0.878788
vt 0.159802 0.875930
vt 0.898480 0.238073
vt 0.885768 0.239335
vt 0.386936 0.733507
vt 0.375259 0.729143
vt 0.889778 0.469073
vt 0.902415 0.469355
vt 0.149002 0.869706
vt 0.160246 0.867039
vt 0.898620 0.249805
vt 0.886759 0.250983
vt 0.385064 0.743479
vt 0.374168 0.739407
vt 0.889638 0.457489
vt 0.901429 0.457752
vt 0.150197 0.861022
vt 0.160671 0.858537
vt 0.898754 0.261024
vt 0.887707 0.262121
vt 0.383274 0.753014
vt 0.373125 0.749221
vt 0.889504 0.446413
vt 0.900487 0.446658
vt 0.151386 0.852459
vt 0.160975 0.850883
vt 0.898848 0.271121
vt 0.888609 0.272626
vt 0.381569 0.761996
vt 0.372052 0.759350
vt 0.889354 0.434990
vt 0.899571 0.435708
vt 0.747365 0.873794
vt 0.749693 0.884123
vt 0.742856 0.884753
vt 0.739836 0.874536
vt 0.899583 0.279750
vt 0.889376 0.281724
vt 0.382288 0.770754
vt 0.372787 0.768989
vt 0.889343 0.424786
vt 0.899566 0.425980
vt 0.754727 0.873080
vt 0.757055 0.883411
vt 0.900369 0.289088
vt 0.890160 0.291062
vt 0.383012 0.779738
vt 0.373509 0.777973
vt 0.889339 0.415288
vt 0.899564 0.416482
vt 0.762090 0.872365
vt 0.764419 0.882698
vt 0.901155 0.298427
vt 0.890944 0.300402
vt 0.383736 0.788724
vt 0.374231 0.786959
vt 0.889335 0.405788
vt 0.899562 0.406982
vt 0.330846 0.990465
vt 0.336302 0.992223
vt 0.336302 0.996763
vt 0.330983 0.995049
vt 0.418249 0.992985
vt 0.424132 0.992336
vt 0.424124 0.997665
vt 0.418389 0.998297
vt 0.992912 0.603261
vt 0.998563 0.602367
vt 0.998481 0.607589
vt 0.992972 0.608460
vt 0.997737 0.201579
vt 0.991777 0.200957
vt 0.991805 0.195739
vt 0.997615 0.196346
vt 0.330704 0.985718
vt 0.336302 0.987522
vt 0.418104 0.987482
vt 0.424140 0.986817
vt 0.992850 0.597875
vt 0.998648 0.596958
vt 0.997863 0.207000
vt 0.991748 0.206361
vt 0.330558 0.980860
vt 0.336302 0.982712
vt 0.994015 0.647366
vt 0.999293 0.649074
vt 0.999293 0.653738
vt 0.993561 0.651211
vt 0.329275 0.975944
vt 0.334384 0.973399
vt 0.336302 0.978178
vt 0.330917 0.980860
vt 0.982812 0.723783
vt 0.977290 0.723397
vt 0.978335 0.718472
vt 0.984156 0.718879
vt 0.997777 0.260258
vt 0.992062 0.259411
vt 0.993255 0.254304
vt 0.998217 0.255098
vt 0.994280 0.643114
vt 0.999292 0.644737
vt 0.327747 0.971372
vt 0.332599 0.968955
vt 0.981563 0.728344
vt 0.976318 0.727977
vt 0.997368 0.265058
vt 0.991940 0.264253
vt 0.994533 0.639058
vt 0.999292 0.640598
vt 0.326290 0.967010
vt 0.330897 0.964715
vt 0.980370 0.732695
vt 0.975390 0.732347
vt 0.996977 0.269637
vt 0.991824 0.268873
vt 0.326863 0.946308
vt 0.331060 0.946938
vt 0.978634 0.750513
vt 0.974455 0.751362
vt 0.817316 0.370882
vt 0.821548 0.371125
vt 0.821889 0.376456
vt 0.817016 0.375471
vt 0.652597 0.963086
vt 0.656826 0.963198
vt 0.327631 0.942418
vt 0.331607 0.943015
vt 0.979210 0.754391
vt 0.975251 0.755196
vt 0.817574 0.366934
vt 0.821584 0.367163
vt 0.652820 0.959106
vt 0.656826 0.959212
vt 0.328328 0.938889
vt 0.332104 0.939456
vt 0.979733 0.757910
vt 0.975974 0.758674
vt 0.817809 0.363352
vt 0.821616 0.363570
vt 0.653021 0.955495
vt 0.656825 0.955596
vt 0.328977 0.935606
vt 0.332565 0.936145
vt 0.980220 0.761184
vt 0.976646 0.761910
vt 0.818027 0.360019
vt 0.821646 0.360227
vt 0.653209 0.952136
vt 0.656826 0.952231
vt 0.329589 0.932507
vt 0.333002 0.933019
vt 0.980679 0.764274
vt 0.977280 0.764965
vt 0.818232 0.356873
vt 0.821674 0.357070
vt 0.653387 0.948964
vt 0.656826 0.949055
vt 0.330172 0.929552
vt 0.333417 0.930039
vt 0.981117 0.767221
vt 0.977885 0.767877
vt 0.818429 0.353874
vt 0.821702 0.354062
vt 0.653556 0.945941
vt 0.656826 0.946028
vt 0.330732 0.926716
vt 0.333816 0.927179
vt 0.981537 0.770048
vt 0.978466 0.770672
vt 0.818617 0.350996
vt 0.821727 0.351174
vt 0.653718 0.943039
vt 0.656825 0.943121
vt 0.331272 0.923980
vt 0.334201 0.924420
vt 0.981943 0.772777
vt 0.979026 0.773369
vt 0.818799 0.348219
vt 0.821752 0.348388
vt 0.653874 0.940240
vt 0.656825 0.940318
vt 0.331796 0.921330
vt 0.334574 0.921747
vt 0.982336 0.775420
vt 0.979569 0.775982
vt 0.818975 0.345528
vt 0.821777 0.345689
vt 0.654026 0.937527
vt 0.656826 0.937602
vt 0.332304 0.918754
vt 0.334937 0.919149
vt 0.982718 0.777988
vt 0.980096 0.778521
vt 0.819146 0.342914
vt 0.821800 0.343066
vt 0.654173 0.934892
vt 0.656826 0.934962
vt 0.332800 0.916244
vt 0.335290 0.916618
vt 0.983090 0.780491
vt 0.980610 0.780994
vt 0.819312 0.340366
vt 0.821823 0.340510
vt 0.654317 0.932324
vt 0.656826 0.932390
vt 0.333284 0.913794
vt 0.335634 0.914146
vt 0.983453 0.782934
vt 0.981112 0.783410
vt 0.819475 0.337879
vt 0.821846 0.338015
vt 0.654457 0.929816
vt 0.656826 0.929879
vt 0.333757 0.911397
vt 0.335972 0.911729
vt 0.983808 0.785324
vt 0.981603 0.785773
vt 0.819634 0.335446
vt 0.821868 0.335574
vt 0.654594 0.927364
vt 0.656826 0.927423
vt 0.334221 0.909048
vt 0.336302 0.909360
vt 0.984156 0.787666
vt 0.982084 0.788087
vt 0.819790 0.333062
vt 0.821889 0.333182
vt 0.654729 0.924960
vt 0.656825 0.925016
vt 0.790672 0.995426
vt 0.794006 0.995426
vt 0.794434 0.997453
vt 0.790534 0.997453
vt 0.648606 0.969655
vt 0.650202 0.967142
vt 0.954342 0.968297
vt 0.957659 0.968557
vt 0.060578 0.962465
vt 0.063073 0.963375
vt 0.063073 0.966648
vt 0.060154 0.965583
vt 0.790784 0.993772
vt 0.793656 0.993772
vt 0.646968 0.967663
vt 0.648342 0.965498
vt 0.954887 0.966242
vt 0.957744 0.966466
vt 0.060924 0.959921
vt 0.063073 0.960705
vt 0.790883 0.992322
vt 0.793350 0.992322
vt 0.645531 0.965916
vt 0.646712 0.964056
vt 0.955365 0.964440
vt 0.957819 0.964632
vt 0.061227 0.957690
vt 0.063073 0.958364
vt 0.790973 0.991006
vt 0.793072 0.991006
vt 0.644228 0.964331
vt 0.645233 0.962749
vt 0.955798 0.962805
vt 0.957887 0.962968
vt 0.061503 0.955667
vt 0.063073 0.956241
vt 0.791056 0.989789
vt 0.792815 0.989789
vt 0.643022 0.962865
vt 0.643864 0.961539
vt 0.956200 0.961292
vt 0.957949 0.961429
vt 0.061757 0.953796
vt 0.063073 0.954276
vt 0.791134 0.988649
vt 0.792574 0.988648
vt 0.641892 0.961490
vt 0.642581 0.960405
vt 0.956576 0.959874
vt 0.958008 0.959987
vt 0.061996 0.952041
vt 0.063073 0.952434
vt 0.791207 0.987569
vt 0.792346 0.987569
vt 0.640822 0.960190
vt 0.641367 0.959332
vt 0.062221 0.950381
vt 0.063073 0.950691
vt 0.149730 0.985750
vt 0.153491 0.986105
vt 0.168352 0.990311
vt 0.164874 0.991628
vt 0.604589 0.988713
vt 0.600860 0.989270
vt 0.600806 0.985548
vt 0.604589 0.984674
vt 0.820070 0.583107
vt 0.820453 0.579680
vt 0.823570 0.578379
vt 0.823570 0.582533
vt 0.150346 0.982901
vt 0.153248 0.983175
vt 0.168618 0.993161
vt 0.165934 0.994177
vt 0.604589 0.991996
vt 0.601711 0.992426
vt 0.183222 0.991544
vt 0.180372 0.991505
vt 0.179529 0.988941
vt 0.183222 0.988991
vt 0.150885 0.980409
vt 0.153036 0.980612
vt 0.168851 0.995654
vt 0.166861 0.996407
vt 0.604589 0.994867
vt 0.602456 0.995186
vt 0.183222 0.993777
vt 0.181109 0.993748
vt 0.151373 0.978152
vt 0.152844 0.978291
vt 0.169062 0.997911
vt 0.167701 0.998426
vt 0.604589 0.997467
vt 0.603130 0.997685
vt 0.772944 0.856638
vt 0.781773 0.858026
vt 0.268661 0.956258
vt 0.275349 0.950769
vt 0.278553 0.956386
vt 0.271322 0.962320
vt 0.129264 0.957674
vt 0.120394 0.958562
vt 0.892430 0.374393
vt 0.900039 0.378712
vt 0.774137 0.849987
vt 0.782327 0.851274
vt 0.266286 0.950849
vt 0.272490 0.945757
vt 0.129432 0.964834
vt 0.121204 0.965657
vt 0.894858 0.368810
vt 0.901916 0.372815
vt 0.775246 0.843808
vt 0.782843 0.845002
vt 0.264079 0.945823
vt 0.269833 0.941101
vt 0.129588 0.971485
vt 0.121957 0.972249
vt 0.897113 0.363623
vt 0.903660 0.367338
vt 0.776296 0.837958
vt 0.783330 0.839063
vt 0.261990 0.941066
vt 0.267319 0.936693
vt 0.129736 0.977781
vt 0.122669 0.978489
vt 0.899249 0.358712
vt 0.905311 0.362152
vt 0.129877 0.983809
vt 0.123351 0.984463
vt 0.268361 0.922810
vt 0.271108 0.924575
vt 0.986578 0.651724
vt 0.983250 0.652489
vt 0.707040 0.938436
vt 0.710193 0.939245
vt 0.710193 0.942972
vt 0.706387 0.941995
vt 0.797114 0.805704
vt 0.793915 0.805121
vt 0.270421 0.920579
vt 0.272714 0.922052
vt 0.986677 0.654724
vt 0.983899 0.655363
vt 0.707560 0.935599
vt 0.710193 0.936274
vt 0.796589 0.808642
vt 0.793918 0.808155
vt 0.272201 0.918651
vt 0.274102 0.919872
vt 0.986762 0.657316
vt 0.984459 0.657846
vt 0.708010 0.933147
vt 0.710193 0.933707
vt 0.796135 0.811180
vt 0.793921 0.810776
vt 0.273798 0.916921
vt 0.275347 0.917916
vt 0.986839 0.659642
vt 0.984961 0.660074
vt 0.708414 0.930947
vt 0.710193 0.931404
vt 0.795728 0.813457
vt 0.793923 0.813128
vt 0.275263 0.915334
vt 0.276490 0.916122
vt 0.986909 0.661776
vt 0.985422 0.662117
vt 0.708785 0.928929
vt 0.710193 0.929291
vt 0.795354 0.815547
vt 0.793925 0.815286
vt 0.276626 0.913857
vt 0.277553 0.914452
vt 0.986974 0.663761
vt 0.985852 0.664019
vt 0.709129 0.927051
vt 0.710193 0.927324
vt 0.795006 0.817491
vt 0.793927 0.817294
vt 0.277908 0.912468
vt 0.278553 0.912882
vt 0.987036 0.665629
vt 0.986255 0.665808
vt 0.709453 0.925285
vt 0.710193 0.925475
vt 0.794679 0.819320
vt 0.793929 0.819183
vt 0.983469 0.815616
vt 0.989133 0.814909
vt 0.990592 0.820913
vt 0.983180 0.820913
vt 0.398084 0.814293
vt 0.394026 0.818166
vt 0.549494 0.978790
vt 0.543784 0.978789
vt 0.542912 0.973031
vt 0.550235 0.973031
vt 0.000780 0.989139
vt 0.006486 0.989139
vt 0.007318 0.995201
vt 0.000000 0.995201
vt 0.983698 0.811404
vt 0.988090 0.810855
vt 0.400889 0.818274
vt 0.397742 0.821277
vt 0.548906 0.983369
vt 0.544478 0.983369
vt 0.001400 0.984318
vt 0.005825 0.984319
vt 0.983896 0.807771
vt 0.987191 0.807359
vt 0.403309 0.821707
vt 0.400948 0.823960
vt 0.548398 0.987318
vt 0.545076 0.987318
vt 0.001934 0.980161
vt 0.005254 0.980161
vt 0.984073 0.804515
vt 0.986385 0.804226
vt 0.405477 0.824783
vt 0.403820 0.826364
vt 0.547943 0.990858
vt 0.545612 0.990858
vt 0.002414 0.976435
vt 0.004743 0.976435
vt 0.984235 0.801532
vt 0.985647 0.801356
vt 0.407464 0.827602
vt 0.406452 0.828567
vt 0.547526 0.994101
vt 0.546103 0.994101
vt 0.002853 0.973022
vt 0.004275 0.973021
vt 0.981372 0.278635
vt 0.976564 0.279502
vt 0.974548 0.271949
vt 0.980354 0.272631
vt 0.165421 0.947327
vt 0.170356 0.948466
vt 0.168544 0.953868
vt 0.162590 0.953962
vt 0.444582 0.971397
vt 0.439651 0.971787
vt 0.439466 0.967221
vt 0.444933 0.965062
vt 0.981905 0.324717
vt 0.976834 0.325914
vt 0.974548 0.321291
vt 0.980658 0.321175
vt 0.982082 0.282824
vt 0.977766 0.283602
vt 0.167143 0.943858
vt 0.171573 0.944881
vt 0.444331 0.975618
vt 0.439904 0.975968
vt 0.982964 0.328077
vt 0.978412 0.329152
vt 0.982704 0.286496
vt 0.978819 0.287196
vt 0.168651 0.940818
vt 0.172638 0.941738
vt 0.444111 0.979318
vt 0.440126 0.979633
vt 0.983892 0.331023
vt 0.979795 0.331990
vt 0.983275 0.289869
vt 0.979786 0.290497
vt 0.170037 0.938025
vt 0.173617 0.938852
vt 0.443909 0.982715
vt 0.440331 0.982998
vt 0.984744 0.333728
vt 0.981065 0.334596
vt 0.983478 0.263738
vt 0.975974 0.260997
vt 0.977174 0.254304
vt 0.985292 0.258516
vt 0.165270 0.968581
vt 0.172840 0.966511
vt 0.175319 0.973750
vt 0.165345 0.976613
vt 0.385752 0.985637
vt 0.393796 0.985637
vt 0.394485 0.991266
vt 0.385333 0.991266
vt 0.984288 0.310108
vt 0.976434 0.308368
vt 0.977534 0.300795
vt 0.986469 0.302775
vt 0.981856 0.268407
vt 0.975276 0.266003
vt 0.163986 0.961854
vt 0.170624 0.960038
vt 0.386126 0.980603
vt 0.393181 0.980603
vt 0.982338 0.316665
vt 0.975451 0.315139
vt 0.386493 0.975834
vt 0.392400 0.976887
vt 0.521182 0.857095
vt 0.518628 0.857552
vt 0.518493 0.855709
vt 0.521218 0.855222
vt 0.797237 0.887483
vt 0.794629 0.887484
vt 0.794555 0.884753
vt 0.797337 0.884753
vt 0.193343 0.931320
vt 0.190748 0.931183
vt 0.190574 0.928982
vt 0.193343 0.929128
vt 0.062869 0.930645
vt 0.060273 0.930645
vt 0.060154 0.927922
vt 0.062924 0.927922
vt 0.521150 0.858710
vt 0.518744 0.859141
vt 0.797150 0.889839
vt 0.794693 0.889839
vt 0.193343 0.933211
vt 0.190898 0.933082
vt 0.062822 0.932995
vt 0.060376 0.932995
vt 0.521122 0.860179
vt 0.518850 0.860585
vt 0.797071 0.891980
vt 0.794751 0.891980
vt 0.193343 0.934930
vt 0.191034 0.934808
vt 0.062779 0.935130
vt 0.060470 0.935130
vt 0.521096 0.861547
vt 0.518949 0.861931
vt 0.796997 0.893974
vt 0.794805 0.893974
vt 0.193343 0.936531
vt 0.191161 0.936416
vt 0.062739 0.937120
vt 0.060557 0.937120
vt 0.521070 0.862839
vt 0.519042 0.863203
vt 0.796927 0.895859
vt 0.794856 0.895859
vt 0.193343 0.938044
vt 0.191281 0.937936
vt 0.062701 0.939000
vt 0.060639 0.939000
vt 0.521047 0.864073
vt 0.519131 0.864416
vt 0.796861 0.897657
vt 0.794905 0.897657
vt 0.193343 0.939488
vt 0.191396 0.939385
vt 0.062665 0.940793
vt 0.060717 0.940793
vt 0.521024 0.865258
vt 0.519216 0.865581
vt 0.796797 0.899385
vt 0.794951 0.899385
vt 0.193343 0.940875
vt 0.191506 0.940778
vt 0.062630 0.942516
vt 0.060792 0.942516
vt 0.521002 0.866402
vt 0.519299 0.866706
vt 0.796735 0.901052
vt 0.794997 0.901052
vt 0.193343 0.942213
vt 0.191612 0.942122
vt 0.062596 0.944180
vt 0.060865 0.944180
vt 0.520980 0.867510
vt 0.519379 0.867797
vt 0.796676 0.902669
vt 0.795040 0.902669
vt 0.193343 0.943511
vt 0.191715 0.943425
vt 0.062564 0.945792
vt 0.060936 0.945792
vt 0.520959 0.868588
vt 0.519456 0.868857
vt 0.796618 0.904240
vt 0.795083 0.904240
vt 0.193343 0.944773
vt 0.191815 0.944692
vt 0.062532 0.947360
vt 0.061004 0.947360
vt 0.520939 0.869639
vt 0.519532 0.869891
vt 0.796561 0.905772
vt 0.795125 0.905772
vt 0.193343 0.946003
vt 0.191913 0.945927
vt 0.062501 0.948888
vt 0.061071 0.948888
vt 0.796506 0.907269
vt 0.795165 0.907269
vt 0.193343 0.947204
vt 0.192008 0.947134
vt 0.062471 0.950381
vt 0.061136 0.950381
vt 0.518772 0.804198
vt 0.521029 0.804822
vt 0.521029 0.807597
vt 0.518644 0.806938
vt 0.518787 0.725700
vt 0.521239 0.726045
vt 0.521239 0.728953
vt 0.518649 0.728588
vt 0.518882 0.801823
vt 0.521029 0.802416
vt 0.659072 0.825567
vt 0.661264 0.825495
vt 0.661264 0.828090
vt 0.658959 0.828165
vt 0.193428 0.755952
vt 0.191270 0.756537
vt 0.191159 0.754160
vt 0.193428 0.753545
vt 0.518907 0.723195
vt 0.521239 0.723523
vt 0.518983 0.799657
vt 0.521029 0.800222
vt 0.659175 0.823197
vt 0.661264 0.823128
vt 0.193428 0.758147
vt 0.191371 0.758704
vt 0.519017 0.720911
vt 0.521239 0.721224
vt 0.519077 0.797634
vt 0.521029 0.798173
vt 0.659270 0.820984
vt 0.661264 0.820919
vt 0.193428 0.760196
vt 0.191465 0.760729
vt 0.519119 0.718777
vt 0.521239 0.719076
vt 0.519166 0.795718
vt 0.521029 0.796233
vt 0.659361 0.818888
vt 0.661264 0.818826
vt 0.193428 0.762137
vt 0.191555 0.762645
vt 0.519215 0.716757
vt 0.521239 0.717042
vt 0.519251 0.793887
vt 0.521029 0.794378
vt 0.659448 0.816886
vt 0.661264 0.816826
vt 0.193428 0.763992
vt 0.191640 0.764477
vt 0.519308 0.714827
vt 0.521239 0.715099
vt 0.519333 0.792126
vt 0.521029 0.792595
vt 0.659532 0.814959
vt 0.661264 0.814902
vt 0.193428 0.765777
vt 0.191722 0.766239
vt 0.519397 0.712970
vt 0.521239 0.713229
vt 0.519412 0.790423
vt 0.521029 0.790870
vt 0.659612 0.813097
vt 0.661264 0.813043
vt 0.193428 0.767502
vt 0.191802 0.767943
vt 0.519482 0.711175
vt 0.521239 0.711422
vt 0.519488 0.788772
vt 0.521029 0.789197
vt 0.659691 0.811290
vt 0.661264 0.811238
vt 0.193428 0.769176
vt 0.191879 0.769596
vt 0.519566 0.709433
vt 0.521239 0.709668
vt 0.519563 0.787164
vt 0.521029 0.787569
vt 0.659767 0.809531
vt 0.661264 0.809482
vt 0.193428 0.770805
vt 0.191954 0.771204
vt 0.519647 0.707737
vt 0.521239 0.707961
vt 0.519636 0.785595
vt 0.521029 0.785980
vt 0.659841 0.807815
vt 0.661263 0.807768
vt 0.193428 0.772394
vt 0.192027 0.772774
vt 0.519726 0.706083
vt 0.521239 0.706296
vt 0.519707 0.784061
vt 0.521029 0.784427
vt 0.659914 0.806137
vt 0.661263 0.806093
vt 0.193428 0.773948
vt 0.192099 0.774308
vt 0.519804 0.704466
vt 0.521239 0.704668
vt 0.519777 0.782559
vt 0.521029 0.782905
vt 0.659985 0.804494
vt 0.661263 0.804452
vt 0.193428 0.775470
vt 0.192169 0.775811
vt 0.519879 0.702882
vt 0.521239 0.703074
vt 0.519845 0.781086
vt 0.521029 0.781413
vt 0.660055 0.802883
vt 0.661263 0.802843
vt 0.193428 0.776963
vt 0.192238 0.777285
vt 0.519954 0.701329
vt 0.521239 0.701510
vt 0.980967 0.667338
vt 0.987761 0.668339
vt 0.927504 0.994091
vt 0.920750 0.994030
vt 0.790461 0.378145
vt 0.782583 0.378145
vt 0.704568 0.987295
vt 0.699170 0.986850
vt 0.987365 0.692810
vt 0.982436 0.693298
vt 0.454699 0.972184
vt 0.459488 0.973454
vt 0.738027 0.969662
vt 0.733129 0.970333
vt 0.700197 0.969397
vt 0.705131 0.968932
vt 0.987435 0.697104
vt 0.983259 0.697517
vt 0.455818 0.968925
vt 0.459875 0.970001
vt 0.738273 0.973950
vt 0.734124 0.974518
vt 0.700407 0.966222
vt 0.704587 0.965829
vt 0.987495 0.700775
vt 0.983964 0.701125
vt 0.456776 0.966139
vt 0.460206 0.967049
vt 0.738483 0.977616
vt 0.734975 0.978097
vt 0.700587 0.963507
vt 0.704121 0.963175
vt 0.987548 0.704044
vt 0.984591 0.704337
vt 0.457628 0.963659
vt 0.460500 0.964421
vt 0.738670 0.980880
vt 0.735732 0.981283
vt 0.700748 0.961090
vt 0.703707 0.960812
vt 0.987596 0.707024
vt 0.985163 0.707265
vt 0.458405 0.961398
vt 0.460769 0.962025
vt 0.738841 0.983856
vt 0.736423 0.984187
vt 0.700894 0.958887
vt 0.703330 0.958658
vt 0.987641 0.709783
vt 0.985692 0.709976
vt 0.459124 0.959304
vt 0.461018 0.959806
vt 0.738999 0.986611
vt 0.737062 0.986877
vt 0.701029 0.956847
vt 0.702980 0.956663
vt 0.987683 0.712367
vt 0.986188 0.712515
vt 0.459798 0.957343
vt 0.461251 0.957729
vt 0.739147 0.989191
vt 0.737661 0.989395
vt 0.701156 0.954937
vt 0.702652 0.954796
vt 0.987723 0.714806
vt 0.986656 0.714912
vt 0.460434 0.955492
vt 0.461470 0.955767
vt 0.739286 0.991627
vt 0.738226 0.991772
vt 0.701275 0.953133
vt 0.702343 0.953033
vt 0.987761 0.717124
vt 0.987100 0.717189
vt 0.461038 0.953734
vt 0.461679 0.953904
vt 0.739419 0.993941
vt 0.738763 0.994031
vt 0.988344 0.644694
vt 0.991208 0.644735
vt 0.991413 0.649112
vt 0.988121 0.649089
vt 0.994370 0.018583
vt 0.991682 0.019525
vt 0.990551 0.015789
vt 0.993703 0.015087
vt 0.988003 0.095320
vt 0.990860 0.095279
vt 0.991083 0.100254
vt 0.987799 0.100277
vt 0.991065 0.163777
vt 0.993823 0.164533
vt 0.993179 0.168287
vt 0.989959 0.167797
vt 0.988476 0.641953
vt 0.991086 0.641990
vt 0.994786 0.020782
vt 0.992337 0.021639
vt 0.988123 0.092501
vt 0.990725 0.092464
vt 0.991706 0.161504
vt 0.994220 0.162194
vt 0.988588 0.639646
vt 0.990983 0.639679
vt 0.995136 0.022632
vt 0.992889 0.023419
vt 0.988223 0.090129
vt 0.990612 0.090094
vt 0.992247 0.159592
vt 0.994554 0.160225
vt 0.988687 0.637582
vt 0.990890 0.637613
vt 0.995450 0.024287
vt 0.993382 0.025011
vt 0.988313 0.088006
vt 0.990511 0.087975
vt 0.992730 0.157881
vt 0.994852 0.158463
vt 0.988779 0.635682
vt 0.990805 0.635710
vt 0.995738 0.025810
vt 0.993836 0.026477
vt 0.988396 0.086052
vt 0.990418 0.086024
vt 0.993175 0.156306
vt 0.995127 0.156842
vt 0.988864 0.633903
vt 0.990726 0.633929
vt 0.996008 0.027237
vt 0.994261 0.027849
vt 0.988474 0.084223
vt 0.990331 0.084197
vt 0.993592 0.154832
vt 0.995385 0.155324
vt 0.988945 0.632218
vt 0.990651 0.632242
vt 0.996264 0.028587
vt 0.994664 0.029148
vt 0.988547 0.082491
vt 0.990248 0.082467
vt 0.993986 0.153436
vt 0.995628 0.153886
vt 0.989023 0.630611
vt 0.990579 0.630633
vt 0.996508 0.029876
vt 0.995048 0.030388
vt 0.988617 0.080839
vt 0.990169 0.080817
vt 0.994362 0.152104
vt 0.995861 0.152515
vt 0.989097 0.629068
vt 0.990510 0.629088
vt 0.996742 0.031113
vt 0.995416 0.031577
vt 0.988685 0.079252
vt 0.990094 0.079232
vt 0.994724 0.150825
vt 0.996084 0.151198
vt 0.989169 0.627581
vt 0.990443 0.627599
vt 0.996968 0.032306
vt 0.995772 0.032725
vt 0.988750 0.077723
vt 0.990021 0.077705
vt 0.995072 0.149592
vt 0.996299 0.149929
vt 0.989238 0.626141
vt 0.990379 0.626157
vt 0.997186 0.033460
vt 0.996116 0.033835
vt 0.988813 0.076243
vt 0.989950 0.076226
vt 0.995409 0.148399
vt 0.996508 0.148700
vt 0.987367 0.660067
vt 0.992918 0.660067
vt 0.993561 0.664829
vt 0.987048 0.664829
vt 0.996145 0.004568
vt 0.990835 0.005088
vt 0.990955 0.000610
vt 0.997186 0.000000
vt 0.986214 0.112985
vt 0.991750 0.112985
vt 0.992037 0.118308
vt 0.985541 0.118308
vt 0.990112 0.179642
vt 0.995511 0.179813
vt 0.996508 0.184800
vt 0.990173 0.184600
vt 0.987641 0.655991
vt 0.992368 0.655991
vt 0.995255 0.008478
vt 0.990732 0.008921
vt 0.986789 0.108428
vt 0.991504 0.108428
vt 0.990060 0.175399
vt 0.994658 0.175544
vt 0.987888 0.652306
vt 0.991871 0.652306
vt 0.994449 0.012013
vt 0.990639 0.012386
vt 0.987310 0.104308
vt 0.991281 0.104308
vt 0.990013 0.171562
vt 0.993886 0.171685
vt 0.719511 0.968982
vt 0.729762 0.968982
vt 0.718580 0.977139
vt 0.799824 0.970529
vt 0.809730 0.969472
vt 0.810116 0.976732
vt 0.797903 0.978035
vt 0.536891 0.963697
vt 0.546696 0.960807
vt 0.550235 0.969468
vt 0.538145 0.973031
vt 0.969446 0.453562
vt 0.959397 0.452982
vt 0.957833 0.444312
vt 0.970223 0.445027
vt 0.788124 0.872010
vt 0.795215 0.871943
vt 0.918111 0.592332
vt 0.911265 0.593288
vt 0.535775 0.939378
vt 0.542723 0.940762
vt 0.910609 0.848031
vt 0.916999 0.849013
vt 0.915015 0.854809
vt 0.910365 0.854278
vt 0.787601 0.866170
vt 0.795166 0.866098
vt 0.918556 0.598946
vt 0.911252 0.599966
vt 0.536977 0.933708
vt 0.544389 0.935185
vt 0.910891 0.840842
vt 0.917707 0.841889
vt 0.787028 0.859769
vt 0.795112 0.859692
vt 0.919044 0.606194
vt 0.911239 0.607284
vt 0.538295 0.927494
vt 0.546215 0.929072
vt 0.911199 0.832962
vt 0.918483 0.834081
vt 0.786414 0.852917
vt 0.795054 0.852835
vt 0.919566 0.613954
vt 0.911224 0.615119
vt 0.539705 0.920841
vt 0.548171 0.922528
vt 0.911529 0.824527
vt 0.919315 0.825723
vt 0.541194 0.913816
vt 0.550235 0.915618
vt 0.789013 0.826596
vt 0.796370 0.828385
vt 0.917362 0.644322
vt 0.910500 0.645264
vt 0.815057 0.371358
vt 0.807527 0.371993
vt 0.807453 0.367049
vt 0.815441 0.365774
vt 0.911738 0.791309
vt 0.917909 0.791996
vt 0.790211 0.822533
vt 0.796725 0.823577
vt 0.916320 0.650779
vt 0.910395 0.650931
vt 0.814703 0.376496
vt 0.808132 0.376496
vt 0.911193 0.786209
vt 0.916516 0.786081
vt 0.997913 0.613534
vt 0.993029 0.615888
vt 0.992786 0.610335
vt 0.997913 0.608460
vt 0.914794 0.657373
vt 0.909350 0.656844
vt 0.991821 0.795986
vt 0.996684 0.798351
vt 0.996684 0.802779
vt 0.991553 0.800916
vt 0.910350 0.780932
vt 0.915253 0.780107
vt 0.997912 0.617926
vt 0.993289 0.620154
vt 0.913601 0.662445
vt 0.908449 0.661945
vt 0.992053 0.791735
vt 0.996655 0.793973
vt 0.909519 0.775714
vt 0.914159 0.774933
vt 0.997911 0.622091
vt 0.993537 0.624199
vt 0.062833 0.985445
vt 0.059511 0.986422
vt 0.059014 0.984351
vt 0.063080 0.983155
vt 0.909419 0.682513
vt 0.905943 0.681883
vt 0.992257 0.775679
vt 0.995626 0.776498
vt 0.905571 0.755539
vt 0.908928 0.754966
vt 0.062879 0.988017
vt 0.059993 0.988866
vt 0.908588 0.685352
vt 0.905566 0.684805
vt 0.992514 0.773389
vt 0.995443 0.774101
vt 0.905222 0.752593
vt 0.908139 0.752095
vt 0.062920 0.990263
vt 0.060413 0.991000
vt 0.907861 0.687832
vt 0.905237 0.687356
vt 0.992740 0.771390
vt 0.995283 0.772008
vt 0.904916 0.750021
vt 0.907450 0.749589
vt 0.062956 0.992294
vt 0.060793 0.992930
vt 0.907204 0.690073
vt 0.904940 0.689663
vt 0.992944 0.769582
vt 0.995138 0.770115
vt 0.904641 0.747696
vt 0.906827 0.747322
vt 0.062990 0.994168
vt 0.061144 0.994711
vt 0.906598 0.692143
vt 0.904666 0.691792
vt 0.993131 0.767913
vt 0.995004 0.768368
vt 0.904386 0.745549
vt 0.906252 0.745231
vt 0.063022 0.995922
vt 0.061472 0.996377
vt 0.906031 0.694078
vt 0.904409 0.693784
vt 0.993307 0.766352
vt 0.994879 0.766734
vt 0.904148 0.743541
vt 0.905714 0.743273
vt 0.063052 0.997578
vt 0.061782 0.997951
vt 0.905495 0.695907
vt 0.904167 0.695666
vt 0.993474 0.764877
vt 0.994761 0.765190
vt 0.903923 0.741644
vt 0.905206 0.741425
vt 0.063080 0.999154
vt 0.062077 0.999449
vt 0.904986 0.697646
vt 0.903936 0.697456
vt 0.993632 0.763475
vt 0.994649 0.763722
vt 0.903709 0.739839
vt 0.904722 0.739666
vt 0.990728 0.967796
vt 0.994961 0.968213
vt 0.914555 0.684120
vt 0.910423 0.685067
vt 0.993566 0.332846
vt 0.997816 0.332753
vt 0.997816 0.337365
vt 0.993414 0.337465
vt 0.910154 0.752265
vt 0.914072 0.753331
vt 0.991100 0.964478
vt 0.995023 0.964865
vt 0.915182 0.687950
vt 0.911352 0.688828
vt 0.993741 0.329242
vt 0.997681 0.329155
vt 0.911129 0.748461
vt 0.914761 0.749449
vt 0.991429 0.961543
vt 0.995077 0.961903
vt 0.915736 0.691338
vt 0.912173 0.692154
vt 0.993897 0.326054
vt 0.997561 0.325973
vt 0.911993 0.745096
vt 0.915370 0.746014
vt 0.991729 0.958864
vt 0.995127 0.959198
vt 0.916241 0.694431
vt 0.912923 0.695191
vt 0.994039 0.323143
vt 0.997452 0.323067
vt 0.912781 0.742024
vt 0.915927 0.742879
vt 0.992008 0.956372
vt 0.995174 0.956683
vt 0.916712 0.697308
vt 0.913621 0.698016
vt 0.994171 0.320436
vt 0.997350 0.320365
vt 0.913513 0.739166
vt 0.916444 0.739963
vt 0.992271 0.954025
vt 0.995218 0.954316
vt 0.917154 0.700016
vt 0.914277 0.700675
vt 0.994295 0.317887
vt 0.997254 0.317821
vt 0.914203 0.736476
vt 0.916931 0.737218
vt 0.992520 0.951797
vt 0.995259 0.952067
vt 0.917575 0.702588
vt 0.914901 0.703201
vt 0.994413 0.315466
vt 0.997163 0.315405
vt 0.914859 0.733922
vt 0.917394 0.734611
vt 0.992759 0.949667
vt 0.995299 0.949917
vt 0.917977 0.705046
vt 0.915497 0.705615
vt 0.994526 0.313152
vt 0.997076 0.313096
vt 0.915485 0.731480
vt 0.917836 0.732119
vt 0.992988 0.947621
vt 0.995337 0.947852
vt 0.918363 0.707408
vt 0.916070 0.707934
vt 0.994634 0.310929
vt 0.996993 0.310877
vt 0.916087 0.729133
vt 0.918261 0.729725
vt 0.993210 0.945647
vt 0.995374 0.945860
vt 0.918735 0.709687
vt 0.916622 0.710171
vt 0.994739 0.308785
vt 0.996912 0.308737
vt 0.916667 0.726870
vt 0.918671 0.727415
vt 0.993424 0.943737
vt 0.995410 0.943932
vt 0.919096 0.711892
vt 0.917157 0.712336
vt 0.994840 0.306710
vt 0.996834 0.306666
vt 0.917229 0.724680
vt 0.919068 0.725180
vt 0.993631 0.941883
vt 0.995444 0.942061
vt 0.919446 0.714032
vt 0.917676 0.714437
vt 0.994938 0.304696
vt 0.996759 0.304656
vt 0.917774 0.722555
vt 0.919453 0.723011
vt 0.993833 0.940080
vt 0.995478 0.940242
vt 0.919786 0.716113
vt 0.918180 0.716481
vt 0.995033 0.302737
vt 0.996685 0.302701
vt 0.918304 0.720487
vt 0.919827 0.720901
vt 0.994030 0.938322
vt 0.995511 0.938468
vt 0.920118 0.718141
vt 0.918672 0.718472
vt 0.995126 0.300828
vt 0.996613 0.300795
vt 0.918821 0.718472
vt 0.920192 0.718845
vt 0.965271 0.989705
vt 0.970434 0.991987
vt 0.970434 0.998014
vt 0.964306 0.995304
vt 0.730054 0.927856
vt 0.724181 0.929127
vt 0.748326 0.369957
vt 0.755132 0.369592
vt 0.755132 0.375159
vt 0.747919 0.374559
vt 0.861090 0.950379
vt 0.866978 0.952039
vt 0.994430 0.409549
vt 1.000000 0.408652
vt 0.125682 0.992613
vt 0.125760 0.984463
vt 0.130592 0.985704
vt 0.130592 0.995780
vt 0.720305 0.900565
vt 0.728589 0.901313
vt 0.550680 0.960216
vt 0.558883 0.959677
vt 0.873641 0.974341
vt 0.863558 0.973954
vt 0.717459 0.922304
vt 0.713984 0.920555
vt 0.558709 0.981066
vt 0.554663 0.982367
vt 0.753700 0.378555
vt 0.748973 0.377339
vt 0.835084 0.992039
vt 0.838733 0.993466
vt 0.838733 0.998048
vt 0.833952 0.995942
vt 0.715073 0.925139
vt 0.712546 0.923867
vt 0.558775 0.984736
vt 0.555832 0.985682
vt 0.099463 0.991116
vt 0.102021 0.992299
vt 0.102021 0.995902
vt 0.098503 0.994276
vt 0.836080 0.988781
vt 0.838733 0.989819
vt 0.713014 0.927586
vt 0.711305 0.926726
vt 0.558832 0.987903
vt 0.556842 0.988543
vt 0.100291 0.988389
vt 0.102021 0.989189
vt 0.836939 0.985969
vt 0.838733 0.986671
vt 0.711169 0.929780
vt 0.710193 0.929289
vt 0.558883 0.990743
vt 0.557747 0.991108
vt 0.101034 0.985944
vt 0.102021 0.986401
vt 0.837708 0.983449
vt 0.838733 0.983850
vt 0.219071 0.979883
vt 0.216410 0.979883
vt 0.216234 0.976707
vt 0.219358 0.976707
vt 0.724728 0.946235
vt 0.722219 0.945391
vt 0.998899 0.425967
vt 0.996273 0.426389
vt 0.861838 0.933324
vt 0.864427 0.932667
vt 0.219014 0.982351
vt 0.216720 0.982351
vt 0.723544 0.948411
vt 0.721381 0.947684
vt 0.999164 0.428432
vt 0.996900 0.428797
vt 0.861340 0.930897
vt 0.863572 0.930331
vt 0.218964 0.984538
vt 0.216995 0.984538
vt 0.722494 0.950340
vt 0.720638 0.949716
vt 0.999398 0.430617
vt 0.997456 0.430930
vt 0.860899 0.928746
vt 0.862814 0.928260
vt 0.218918 0.986537
vt 0.217247 0.986537
vt 0.721534 0.952103
vt 0.719959 0.951573
vt 0.999612 0.432615
vt 0.997964 0.432880
vt 0.860496 0.926780
vt 0.862121 0.926367
vt 0.218875 0.988399
vt 0.217481 0.988399
vt 0.720641 0.953744
vt 0.719327 0.953302
vt 0.999812 0.434475
vt 0.998437 0.434696
vt 0.860120 0.924949
vt 0.861476 0.924605
vt 0.218834 0.990153
vt 0.217702 0.990153
vt 0.719799 0.955291
vt 0.718731 0.954932
vt 1.000000 0.436227
vt 0.998882 0.436407
vt 0.859766 0.923224
vt 0.860869 0.922944
vt 0.320563 0.995693
vt 0.323832 0.995693
vt 0.324209 0.998079
vt 0.320401 0.998079
vt 0.730614 0.944326
vt 0.728022 0.946001
vt 0.815375 0.994340
vt 0.818634 0.994340
vt 0.818760 0.997499
vt 0.814988 0.997499
vt 0.867730 0.933138
vt 0.870270 0.934968
vt 0.320701 0.993680
vt 0.323513 0.993680
vt 0.731212 0.946600
vt 0.728982 0.948040
vt 0.815727 0.991994
vt 0.818531 0.991994
vt 0.869049 0.931082
vt 0.871234 0.932657
vt 0.320824 0.991876
vt 0.323228 0.991876
vt 0.731749 0.948636
vt 0.729842 0.949868
vt 0.816041 0.989893
vt 0.818438 0.989893
vt 0.870230 0.929240
vt 0.872098 0.930586
vt 0.320937 0.990213
vt 0.322965 0.990213
vt 0.732243 0.950514
vt 0.730635 0.951553
vt 0.816331 0.987956
vt 0.818353 0.987956
vt 0.871319 0.927542
vt 0.872895 0.928678
vt 0.321044 0.988655
vt 0.322719 0.988655
vt 0.732707 0.952273
vt 0.731378 0.953131
vt 0.816603 0.986140
vt 0.818273 0.986140
vt 0.872339 0.925951
vt 0.873641 0.926889
vt 0.875830 0.858348
vt 0.861847 0.856419
vt 0.802315 0.288971
vt 0.788459 0.287441
vt 0.917858 0.906092
vt 0.903837 0.907522
vt 0.005717 0.779021
vt 0.019806 0.778439
vt 0.873908 0.869404
vt 0.860376 0.867537
vt 0.801888 0.299142
vt 0.788480 0.297662
vt 0.919044 0.916961
vt 0.905476 0.918345
vt 0.005053 0.769357
vt 0.018688 0.768794
vt 0.872334 0.902151
vt 0.865863 0.905260
vt 0.807797 0.340693
vt 0.801416 0.343998
vt 0.978251 0.495985
vt 0.985369 0.495090
vt 0.019981 0.731771
vt 0.025959 0.735550
vt 0.873478 0.906497
vt 0.868241 0.909013
vt 0.809825 0.346115
vt 0.804661 0.348789
vt 0.978513 0.491052
vt 0.984273 0.490328
vt 0.023429 0.727169
vt 0.028266 0.730227
vt 0.874456 0.910208
vt 0.870272 0.912217
vt 0.811558 0.350745
vt 0.807432 0.352881
vt 0.978735 0.486840
vt 0.983337 0.486261
vt 0.026373 0.723239
vt 0.030237 0.725682
vt 0.875325 0.913508
vt 0.872078 0.915068
vt 0.813098 0.354863
vt 0.809897 0.356520
vt 0.978934 0.483093
vt 0.982504 0.482644
vt 0.028992 0.719743
vt 0.031990 0.721639
vt 0.876117 0.916514
vt 0.873724 0.917664
vt 0.814502 0.358613
vt 0.812142 0.359835
vt 0.979114 0.479681
vt 0.981746 0.479350
vt 0.031377 0.716559
vt 0.033587 0.717956
vt 0.876849 0.919297
vt 0.875247 0.920066
vt 0.815800 0.362085
vt 0.814220 0.362903
vt 0.979282 0.476523
vt 0.981044 0.476301
vt 0.033584 0.713613
vt 0.035064 0.714548
vt 0.817016 0.365333
vt 0.816165 0.365774
vt 0.979438 0.473567
vt 0.980387 0.473448
vt 0.035650 0.710855
vt 0.036447 0.711359
vt 0.533860 0.906713
vt 0.541529 0.898166
vt 0.549417 0.904809
vt 0.541334 0.913816
vt 0.017182 0.979441
vt 0.028646 0.979291
vt 0.028646 0.986711
vt 0.016564 0.986869
vt 0.661793 0.975188
vt 0.673270 0.975188
vt 0.673592 0.985580
vt 0.661497 0.985580
vt 0.464742 0.709083
vt 0.453299 0.708882
vt 0.453708 0.701329
vt 0.465768 0.701540
vt 0.017770 0.972382
vt 0.028646 0.972240
vt 0.514926 0.977306
vt 0.505386 0.979265
vt 0.505791 0.970355
vt 0.514648 0.968537
vt 0.688738 0.831036
vt 0.683610 0.822523
vt 0.356824 0.973311
vt 0.347247 0.971456
vt 0.347219 0.963409
vt 0.356883 0.965282
vt 0.474830 0.736992
vt 0.468652 0.744315
vt 0.514829 0.985082
vt 0.505377 0.987023
vt 0.680497 0.835484
vt 0.675416 0.827050
vt 0.356764 0.981266
vt 0.347275 0.979427
vt 0.482110 0.743203
vt 0.475989 0.750458
vt 0.514926 0.992005
vt 0.505861 0.992665
vt 0.674473 0.838087
vt 0.666428 0.832257
vt 0.356883 0.990014
vt 0.347761 0.989512
vt 0.491250 0.751651
vt 0.482538 0.755677
vt 0.964945 0.517936
vt 0.954159 0.516572
vt 0.955331 0.507615
vt 0.965961 0.507659
vt 0.834488 0.976686
vt 0.845421 0.976070
vt 0.845444 0.983438
vt 0.834771 0.983449
vt 0.927748 0.206862
vt 0.938299 0.204069
vt 0.940842 0.214928
vt 0.930275 0.216396
vt 0.684940 0.975234
vt 0.695899 0.975017
vt 0.695925 0.982628
vt 0.685245 0.983440
vt 0.963876 0.528654
vt 0.952846 0.527259
vt 0.834223 0.968689
vt 0.845405 0.968059
vt 0.925013 0.196478
vt 0.935803 0.193621
vt 0.684676 0.967291
vt 0.695883 0.967069
vt 0.962781 0.539634
vt 0.951500 0.538207
vt 0.833952 0.960496
vt 0.845388 0.959852
vt 0.922211 0.185839
vt 0.933246 0.182917
vt 0.684405 0.959154
vt 0.695867 0.958927
vt 0.961636 0.550414
vt 0.950544 0.554103
vt 0.834607 0.949479
vt 0.845444 0.951302
vt 0.919349 0.174653
vt 0.930840 0.176852
vt 0.685088 0.953568
vt 0.695925 0.950866
vt 0.962762 0.480662
vt 0.952781 0.481841
vt 0.952466 0.476325
vt 0.961965 0.473448
vt 0.674601 0.842492
vt 0.664950 0.839867
vt 0.931136 0.243186
vt 0.941213 0.243019
vt 0.941154 0.254304
vt 0.931350 0.252698
vt 0.492901 0.761311
vt 0.482813 0.761770
vt 0.963805 0.489428
vt 0.953634 0.490630
vt 0.673651 0.849608
vt 0.663815 0.846932
vt 0.930848 0.234345
vt 0.941119 0.234174
vt 0.493737 0.768786
vt 0.483455 0.769254
vt 0.964870 0.498375
vt 0.954504 0.499600
vt 0.672680 0.856869
vt 0.662656 0.854143
vt 0.930555 0.225322
vt 0.941022 0.225148
vt 0.494590 0.776415
vt 0.484112 0.776892
vt 0.671768 0.863385
vt 0.661497 0.861279
vt 0.495504 0.785013
vt 0.484786 0.784807
vt 0.965961 0.555522
vt 0.959037 0.561457
vt 0.091902 0.850471
vt 0.082744 0.851492
vt 0.080197 0.841052
vt 0.090564 0.835600
vt 0.926101 0.167993
vt 0.933694 0.173062
vt 0.427376 0.901742
vt 0.436347 0.902538
vt 0.436565 0.912586
vt 0.426343 0.907299
vt 0.278975 0.967149
vt 0.271377 0.967751
vt 0.270203 0.963047
vt 0.279396 0.962320
vt 0.091872 0.857097
vt 0.084303 0.857941
vt 0.930333 0.163932
vt 0.936609 0.168122
vt 0.428857 0.895222
vt 0.436271 0.895880
vt 0.278613 0.971301
vt 0.272387 0.971794
vt 0.091847 0.862794
vt 0.085644 0.863485
vt 0.933971 0.160441
vt 0.939114 0.163875
vt 0.430131 0.889617
vt 0.436206 0.890156
vt 0.278305 0.975399
vt 0.273317 0.975711
vt 0.091833 0.868320
vt 0.086847 0.868033
vt 0.937040 0.157549
vt 0.941213 0.160229
vt 0.431269 0.884887
vt 0.436169 0.884495
vt 0.992436 0.076226
vt 0.997427 0.076490
vt 0.997438 0.095499
vt 0.993403 0.095639
vt 0.419747 0.869518
vt 0.421866 0.866096
vt 0.805394 0.992476
vt 0.809432 0.992476
vt 0.809796 0.996330
vt 0.804969 0.996330
vt 0.077651 0.886889
vt 0.075562 0.883432
vt 0.997252 0.098730
vt 0.993850 0.098848
vt 0.417116 0.867542
vt 0.418902 0.864657
vt 0.805735 0.989383
vt 0.809139 0.989383
vt 0.074676 0.888318
vt 0.072915 0.885403
vt 0.997090 0.101533
vt 0.994238 0.101633
vt 0.414832 0.865828
vt 0.416330 0.863409
vt 0.806031 0.986698
vt 0.808886 0.986698
vt 0.072094 0.889557
vt 0.070617 0.887113
vt 0.996945 0.104057
vt 0.994587 0.104139
vt 0.412777 0.864285
vt 0.414015 0.862285
vt 0.806298 0.984282
vt 0.808657 0.984282
vt 0.069770 0.890673
vt 0.068549 0.888653
vt 0.996811 0.106378
vt 0.994909 0.106444
vt 0.410887 0.862866
vt 0.411886 0.861252
vt 0.806543 0.982060
vt 0.808447 0.982060
vt 0.067632 0.891699
vt 0.066647 0.890069
vt 0.996687 0.108542
vt 0.995208 0.108594
vt 0.409124 0.861542
vt 0.409901 0.860288
vt 0.806772 0.979988
vt 0.808251 0.979988
vt 0.065639 0.892656
vt 0.064874 0.891389
vt 0.996569 0.110581
vt 0.995490 0.110619
vt 0.407464 0.860295
vt 0.408030 0.859380
vt 0.806987 0.978036
vt 0.808067 0.978036
vt 0.063761 0.893557
vt 0.063202 0.892633
vt 0.651727 0.989751
vt 0.656213 0.989751
vt 0.656673 0.993167
vt 0.651543 0.993167
vt 0.090983 0.892703
vt 0.086546 0.893211
vt 0.998950 0.445879
vt 0.994465 0.445723
vt 0.430673 0.860159
vt 0.435118 0.860683
vt 0.651875 0.987000
vt 0.655843 0.987000
vt 0.091126 0.896522
vt 0.087202 0.896972
vt 0.998520 0.449071
vt 0.994553 0.448933
vt 0.431412 0.856428
vt 0.435344 0.856891
vt 0.652004 0.984608
vt 0.655520 0.984608
vt 0.091250 0.899842
vt 0.087773 0.900241
vt 0.998146 0.451846
vt 0.994630 0.451723
vt 0.432055 0.853183
vt 0.435540 0.853593
vt 0.652121 0.982452
vt 0.655230 0.982452
vt 0.091363 0.902836
vt 0.088287 0.903188
vt 0.997809 0.454347
vt 0.994700 0.454239
vt 0.432635 0.850258
vt 0.435716 0.850621
vt 0.652228 0.980467
vt 0.654963 0.980467
vt 0.091466 0.905592
vt 0.088761 0.905902
vt 0.997499 0.456651
vt 0.994764 0.456556
vt 0.433169 0.847565
vt 0.435879 0.847884
vt 0.652328 0.978614
vt 0.654713 0.978614
vt 0.091562 0.908165
vt 0.089203 0.908436
vt 0.997209 0.458801
vt 0.994824 0.458718
vt 0.433667 0.845051
vt 0.436031 0.845329
vt 0.652422 0.976866
vt 0.654478 0.976866
vt 0.091653 0.910591
vt 0.089620 0.910824
vt 0.996935 0.460829
vt 0.994880 0.460757
vt 0.434137 0.842680
vt 0.436174 0.842920
vt 0.652511 0.975206
vt 0.654254 0.975206
vt 0.091740 0.912896
vt 0.090016 0.913094
vt 0.996676 0.462755
vt 0.994933 0.462694
vt 0.434584 0.840428
vt 0.436310 0.840631
vt 0.652597 0.973620
vt 0.654040 0.973620
vt 0.091822 0.915098
vt 0.090394 0.915262
vt 0.996428 0.464595
vt 0.994984 0.464545
vt 0.435010 0.838276
vt 0.436440 0.838445
vt 0.652679 0.972098
vt 0.653835 0.972098
vt 0.091902 0.917211
vt 0.090758 0.917343
vt 0.996190 0.466361
vt 0.995034 0.466321
vt 0.435419 0.836211
vt 0.436565 0.836346
vt 0.523083 0.876454
vt 0.530231 0.877953
vt 0.707316 0.831134
vt 0.700043 0.831388
vt 0.981762 0.793844
vt 0.974507 0.793035
vt 0.973843 0.788087
vt 0.983180 0.789130
vt 0.457920 0.741482
vt 0.450926 0.739672
vt 0.524892 0.870724
vt 0.530877 0.872151
vt 0.706994 0.836865
vt 0.700908 0.835937
vt 0.980785 0.798136
vt 0.974657 0.797621
vt 0.456512 0.745649
vt 0.450501 0.745263
vt 0.989960 0.055599
vt 0.983645 0.054720
vt 0.983584 0.049595
vt 0.992263 0.051552
vt 0.998039 0.228708
vt 0.991936 0.230381
vt 0.990693 0.226476
vt 0.998056 0.224458
vt 0.279873 0.990504
vt 0.286151 0.989484
vt 0.287621 0.994771
vt 0.280048 0.996002
vt 0.866353 0.498246
vt 0.872695 0.498166
vt 0.873228 0.502797
vt 0.866108 0.502797
vt 0.988889 0.059856
vt 0.983697 0.059133
vt 0.998024 0.232368
vt 0.993006 0.233743
vt 0.279723 0.985769
vt 0.284885 0.984930
vt 0.866564 0.494328
vt 0.871778 0.494262
vt 0.987916 0.063445
vt 0.983749 0.063837
vt 0.998056 0.236245
vt 0.993996 0.237015
vt 0.279583 0.981190
vt 0.283742 0.981504
vt 0.866862 0.491260
vt 0.870989 0.490911
vt 0.989123 0.066725
vt 0.985917 0.067795
vt 0.997839 0.241140
vt 0.994496 0.241444
vt 0.281530 0.977170
vt 0.284740 0.978196
vt 0.758267 0.993563
vt 0.761258 0.994249
vt 0.761280 0.998198
vt 0.757683 0.996945
vt 0.989911 0.068899
vt 0.987135 0.069826
vt 0.997694 0.243742
vt 0.994799 0.244005
vt 0.282683 0.974863
vt 0.285463 0.975751
vt 0.758673 0.991060
vt 0.761263 0.991654
vt 0.990580 0.070747
vt 0.988169 0.071552
vt 0.997571 0.245952
vt 0.995057 0.246181
vt 0.283663 0.972902
vt 0.286077 0.973673
vt 0.759019 0.988933
vt 0.761268 0.989449
vt 0.991182 0.072410
vt 0.989100 0.073105
vt 0.997460 0.247942
vt 0.995289 0.248139
vt 0.284545 0.971138
vt 0.286630 0.971804
vt 0.759329 0.987018
vt 0.761272 0.987464
vt 0.991739 0.073948
vt 0.989961 0.074542
vt 0.997357 0.249782
vt 0.995503 0.249950
vt 0.285361 0.969506
vt 0.287141 0.970074
vt 0.759617 0.985248
vt 0.761276 0.985629
vt 0.992263 0.075393
vt 0.990770 0.075891
vt 0.997261 0.251510
vt 0.995705 0.251652
vt 0.286127 0.967972
vt 0.287621 0.968450
vt 0.759887 0.983584
vt 0.761280 0.983904
vt 0.536891 0.843619
vt 0.541840 0.846632
vt 0.707058 0.861577
vt 0.701549 0.862659
vt 0.295477 0.980518
vt 0.289775 0.981494
vt 0.453653 0.773760
vt 0.448317 0.771478
vt 0.539665 0.840168
vt 0.543720 0.842637
vt 0.707836 0.865524
vt 0.703323 0.866410
vt 0.295795 0.984461
vt 0.291123 0.985260
vt 0.451860 0.776552
vt 0.447488 0.774683
vt 0.542070 0.837177
vt 0.545350 0.839173
vt 0.708510 0.868945
vt 0.704860 0.869662
vt 0.296070 0.987879
vt 0.292291 0.988525
vt 0.450306 0.778972
vt 0.446770 0.777460
vt 0.544233 0.834486
vt 0.546815 0.836059
vt 0.709117 0.872021
vt 0.706242 0.872586
vt 0.296318 0.990952
vt 0.293342 0.991461
vt 0.448908 0.781148
vt 0.446124 0.779958
vt 0.546220 0.832015
vt 0.548162 0.833197
vt 0.709674 0.874848
vt 0.707513 0.875273
vt 0.296545 0.993776
vt 0.294308 0.994159
vt 0.447624 0.783148
vt 0.445530 0.782253
vt 0.548072 0.829710
vt 0.549417 0.830529
vt 0.710193 0.877483
vt 0.708697 0.877777
vt 0.296758 0.996409
vt 0.295208 0.996674
vt 0.446427 0.785013
vt 0.444977 0.784393
vt 0.527097 0.811511
vt 0.552039 0.804560
vt 0.557382 0.822953
vt 0.533138 0.829710
vt 0.316220 0.314789
vt 0.297391 0.332155
vt 0.473115 0.818423
vt 0.447288 0.816413
vt 0.109899 0.171505
vt 0.133288 0.182623
vt 0.521239 0.794314
vt 0.547519 0.789917
vt 0.329179 0.329574
vt 0.314917 0.351775
vt 0.471599 0.839816
vt 0.444977 0.840659
vt 0.122664 0.145856
vt 0.143118 0.162808
vt 0.523508 0.774265
vt 0.544575 0.773275
vt 0.345078 0.337137
vt 0.338584 0.356982
vt 0.472418 0.864061
vt 0.451578 0.867260
vt 0.145715 0.131438
vt 0.158039 0.148491
vt 0.524875 0.760258
vt 0.542383 0.759435
vt 0.358277 0.343390
vt 0.352880 0.359882
vt 0.472836 0.878663
vt 0.455518 0.881321
vt 0.158245 0.124319
vt 0.168487 0.138491
vt 0.922376 0.845039
vt 0.935256 0.847658
vt 0.388102 0.380492
vt 0.375135 0.382721
vt 0.176783 0.957431
vt 0.189932 0.957431
vt 0.189741 0.969193
vt 0.177410 0.969193
vt 0.173149 0.097244
vt 0.186063 0.095117
vt 0.924728 0.833079
vt 0.938470 0.835874
vt 0.390654 0.393271
vt 0.376819 0.395650
vt 0.176108 0.944769
vt 0.190137 0.944769
vt 0.170929 0.084579
vt 0.184708 0.082310
vt 0.926652 0.822723
vt 0.941298 0.825702
vt 0.392470 0.404240
vt 0.379450 0.411654
vt 0.175319 0.929170
vt 0.190271 0.929170
vt 0.168681 0.068720
vt 0.183206 0.071443
vt 0.308831 0.799313
vt 0.320999 0.793641
vt 0.327201 0.804232
vt 0.313632 0.810557
vt 0.403388 0.413980
vt 0.394663 0.424203
vt 0.251318 0.716783
vt 0.238917 0.711632
vt 0.245255 0.695373
vt 0.259084 0.701116
vt 0.179120 0.051943
vt 0.190437 0.058703
vt 0.304824 0.790184
vt 0.316005 0.784973
vt 0.412238 0.422245
vt 0.404221 0.431639
vt 0.246440 0.726521
vt 0.235045 0.721788
vt 0.185803 0.041821
vt 0.196202 0.048033
vt 0.301275 0.782100
vt 0.311581 0.777295
vt 0.420077 0.429565
vt 0.412686 0.438224
vt 0.242119 0.735146
vt 0.231615 0.730783
vt 0.191722 0.032857
vt 0.201307 0.038583
vt 0.297994 0.774626
vt 0.307492 0.770198
vt 0.427323 0.436332
vt 0.420512 0.444312
vt 0.238124 0.743119
vt 0.228444 0.739098
vt 0.197194 0.024569
vt 0.206027 0.029847
vt 0.294899 0.767576
vt 0.303635 0.763504
vt 0.434158 0.442715
vt 0.427894 0.450055
vt 0.234356 0.750640
vt 0.225453 0.746942
vt 0.202355 0.016752
vt 0.210480 0.021606
vt 0.291944 0.760846
vt 0.299953 0.757113
vt 0.440682 0.448808
vt 0.434940 0.455537
vt 0.230759 0.757819
vt 0.222598 0.754429
vt 0.207282 0.009290
vt 0.214730 0.013739
vt 0.288890 0.753265
vt 0.296843 0.753220
vt 0.444977 0.453263
vt 0.440748 0.460121
vt 0.227471 0.763582
vt 0.219500 0.763965
vt 0.213412 0.000000
vt 0.219500 0.005136
vt 0.293657 0.744375
vt 0.300292 0.747790
vt 0.551402 0.954021
vt 0.558699 0.952687
vt 0.558883 0.959227
vt 0.551525 0.959677
vt 0.231513 0.770140
vt 0.225003 0.773957
vt 0.399554 0.946455
vt 0.406947 0.947804
vt 0.407094 0.956373
vt 0.399590 0.955910
vt 0.297271 0.738071
vt 0.303692 0.741376
vt 0.551663 0.947893
vt 0.558725 0.946602
vt 0.235143 0.776468
vt 0.228843 0.780162
vt 0.399813 0.940229
vt 0.406968 0.941535
vt 0.300633 0.732207
vt 0.306856 0.735410
vt 0.551906 0.942192
vt 0.558750 0.940941
vt 0.238520 0.782355
vt 0.232414 0.785934
vt 0.400054 0.934438
vt 0.406988 0.935704
vt 0.303841 0.726611
vt 0.309874 0.729716
vt 0.552138 0.936753
vt 0.558774 0.935540
vt 0.241742 0.787972
vt 0.235822 0.791442
vt 0.400284 0.928913
vt 0.407007 0.930140
vt 0.306939 0.721207
vt 0.312790 0.724218
vt 0.552363 0.931499
vt 0.558797 0.930323
vt 0.244854 0.793396
vt 0.239114 0.796762
vt 0.400506 0.923576
vt 0.407025 0.924766
vt 0.309952 0.715951
vt 0.315625 0.718870
vt 0.552580 0.926390
vt 0.558819 0.925249
vt 0.247880 0.798672
vt 0.242315 0.801936
vt 0.400722 0.918385
vt 0.407043 0.919539
vt 0.312897 0.710814
vt 0.318396 0.713645
vt 0.552793 0.921397
vt 0.558841 0.920291
vt 0.250838 0.803828
vt 0.245443 0.806992
vt 0.400933 0.913313
vt 0.407060 0.914432
vt 0.315784 0.705779
vt 0.321113 0.708521
vt 0.553002 0.916501
vt 0.558862 0.915430
vt 0.253738 0.808883
vt 0.248510 0.811949
vt 0.401140 0.908340
vt 0.407077 0.909424
vt 0.318622 0.700829
vt 0.323783 0.703485
vt 0.553207 0.911690
vt 0.558883 0.910652
vt 0.256588 0.813852
vt 0.251525 0.816821
vt 0.401343 0.903452
vt 0.407094 0.904502
vt 0.321705 0.695373
vt 0.327201 0.696936
vt 0.553884 0.905442
vt 0.558730 0.906500
vt 0.259084 0.818165
vt 0.253644 0.820037
vt 0.401966 0.900154
vt 0.406956 0.899100
vt 0.677708 0.995956
vt 0.681077 0.995956
vt 0.681210 0.999055
vt 0.677504 0.999055
vt 0.614536 0.845400
vt 0.612112 0.843059
vt 0.979069 0.527176
vt 0.982241 0.528314
vt 0.674009 0.995992
vt 0.677372 0.995992
vt 0.677504 0.999102
vt 0.673804 0.999102
vt 0.677889 0.993206
vt 0.680958 0.993206
vt 0.612494 0.847294
vt 0.610286 0.845161
vt 0.980090 0.524654
vt 0.982980 0.525691
vt 0.674192 0.993232
vt 0.677255 0.993232
vt 0.678057 0.990662
vt 0.680848 0.990662
vt 0.610605 0.849046
vt 0.608596 0.847106
vt 0.981035 0.522320
vt 0.983664 0.523263
vt 0.674360 0.990678
vt 0.677147 0.990678
vt 0.678215 0.988259
vt 0.680745 0.988259
vt 0.608820 0.850701
vt 0.607000 0.848943
vt 0.981927 0.520116
vt 0.984309 0.520971
vt 0.674520 0.988267
vt 0.677045 0.988267
vt 0.678366 0.985965
vt 0.680646 0.985965
vt 0.607116 0.852281
vt 0.605476 0.850697
vt 0.982779 0.518011
vt 0.984926 0.518781
vt 0.674672 0.985965
vt 0.676948 0.985965
vt 0.710040 0.957625
vt 0.705824 0.959086
vt 0.706013 0.951376
vt 0.710162 0.950866
vt 0.637213 0.809406
vt 0.632395 0.807989
vt 0.635082 0.803271
vt 0.640822 0.802843
vt 0.980369 0.568248
vt 0.984780 0.569146
vt 0.984926 0.573716
vt 0.980659 0.573786
vt 0.390955 0.910262
vt 0.395308 0.908583
vt 0.398879 0.914703
vt 0.393466 0.914295
vt 0.710060 0.962646
vt 0.705998 0.964053
vt 0.634698 0.813608
vt 0.630055 0.812242
vt 0.979974 0.563269
vt 0.984224 0.564135
vt 0.388397 0.905695
vt 0.392592 0.904078
vt 0.710078 0.967307
vt 0.706159 0.968665
vt 0.632363 0.817509
vt 0.627883 0.816191
vt 0.979606 0.558647
vt 0.983707 0.559482
vt 0.386022 0.901455
vt 0.390070 0.899894
vt 0.710096 0.971750
vt 0.706312 0.973061
vt 0.630137 0.821227
vt 0.625813 0.819955
vt 0.979256 0.554241
vt 0.983215 0.555048
vt 0.383759 0.897413
vt 0.387666 0.895907
vt 0.710113 0.976036
vt 0.706461 0.977302
vt 0.627990 0.824814
vt 0.623815 0.823586
vt 0.978918 0.549990
vt 0.982740 0.550769
vt 0.381575 0.893514
vt 0.385347 0.892059
vt 0.710130 0.980202
vt 0.706605 0.981424
vt 0.625903 0.828301
vt 0.621874 0.827116
vt 0.978589 0.545859
vt 0.982278 0.546611
vt 0.379453 0.889724
vt 0.383093 0.888320
vt 0.710146 0.984271
vt 0.706745 0.985450
vt 0.623865 0.831706
vt 0.619978 0.830563
vt 0.978268 0.541824
vt 0.981827 0.542549
vt 0.377380 0.886023
vt 0.380892 0.884668
vt 0.710162 0.988258
vt 0.706883 0.989395
vt 0.257864 0.831908
vt 0.254018 0.831941
vt 0.624406 0.847836
vt 0.620849 0.849292
vt 0.441033 0.798083
vt 0.444880 0.798083
vt 0.377112 0.869133
vt 0.380554 0.870707
vt 0.257874 0.835678
vt 0.254156 0.835709
vt 0.625821 0.851457
vt 0.622383 0.852865
vt 0.441120 0.794244
vt 0.444839 0.794244
vt 0.378806 0.865636
vt 0.382134 0.867157
vt 0.257883 0.839177
vt 0.254285 0.839207
vt 0.627135 0.854818
vt 0.623807 0.856181
vt 0.441201 0.790680
vt 0.444801 0.790681
vt 0.380379 0.862390
vt 0.383601 0.863862
vt 0.257892 0.842488
vt 0.254406 0.842517
vt 0.628378 0.857999
vt 0.625154 0.859319
vt 0.441277 0.787309
vt 0.444765 0.787309
vt 0.381868 0.859318
vt 0.384988 0.860744
vt 0.257901 0.845656
vt 0.254522 0.845684
vt 0.629568 0.861042
vt 0.626443 0.862322
vt 0.441350 0.784082
vt 0.444730 0.784083
vt 0.383292 0.856379
vt 0.386316 0.857761
vt 0.257909 0.848710
vt 0.254634 0.848737
vt 0.630714 0.863976
vt 0.627686 0.865216
vt 0.441421 0.780972
vt 0.444697 0.780972
vt 0.384665 0.853545
vt 0.387596 0.854885
vt 0.257917 0.851670
vt 0.254743 0.851696
vt 0.631826 0.866820
vt 0.628890 0.868021
vt 0.441489 0.777957
vt 0.444664 0.777958
vt 0.385996 0.850799
vt 0.388836 0.852098
vt 0.257924 0.854550
vt 0.254849 0.854576
vt 0.632907 0.869586
vt 0.630062 0.870751
vt 0.441556 0.775024
vt 0.444633 0.775025
vt 0.387290 0.848127
vt 0.390043 0.849386
vt 0.257932 0.857360
vt 0.254952 0.857385
vt 0.633962 0.872286
vt 0.631206 0.873415
vt 0.441621 0.772162
vt 0.444602 0.772163
vt 0.388554 0.845520
vt 0.391221 0.846739
vt 0.257939 0.860110
vt 0.255053 0.860134
vt 0.634994 0.874928
vt 0.632325 0.876021
vt 0.441685 0.769362
vt 0.444572 0.769362
vt 0.389790 0.842969
vt 0.392373 0.844150
vt 0.257947 0.862805
vt 0.255152 0.862829
vt 0.636006 0.877517
vt 0.633422 0.878575
vt 0.441747 0.766617
vt 0.444543 0.766617
vt 0.391002 0.840468
vt 0.393503 0.841611
vt 0.257954 0.865452
vt 0.255249 0.865475
vt 0.637000 0.880059
vt 0.634499 0.881084
vt 0.441808 0.763921
vt 0.444514 0.763921
vt 0.392191 0.838013
vt 0.394612 0.839119
vt 0.257961 0.868055
vt 0.255344 0.868077
vt 0.637977 0.882560
vt 0.635558 0.883550
vt 0.441868 0.761271
vt 0.444485 0.761271
vt 0.393362 0.835598
vt 0.395703 0.836668
vt 0.257967 0.870617
vt 0.255439 0.870638
vt 0.638939 0.885021
vt 0.636600 0.885979
vt 0.441928 0.758661
vt 0.444457 0.758662
vt 0.394513 0.833221
vt 0.396777 0.834255
vt 0.257974 0.873142
vt 0.255531 0.873163
vt 0.639887 0.887447
vt 0.637628 0.888372
vt 0.441986 0.756090
vt 0.444430 0.756090
vt 0.395649 0.830878
vt 0.397835 0.831878
vt 0.257981 0.875633
vt 0.255623 0.875653
vt 0.640822 0.889840
vt 0.638641 0.890733
vt 0.442043 0.753553
vt 0.444402 0.753553
vt 0.396768 0.828567
vt 0.398879 0.829532
vt 0.540331 0.729102
vt 0.545214 0.736679
vt 0.471017 0.963155
vt 0.462669 0.962504
vt 0.461679 0.953734
vt 0.471017 0.954462
vt 0.384153 0.344055
vt 0.392131 0.345293
vt 0.933867 0.883176
vt 0.926491 0.886954
vt 0.545223 0.726836
vt 0.549600 0.733628
vt 0.471017 0.970747
vt 0.463534 0.970163
vt 0.387384 0.337455
vt 0.394536 0.338565
vt 0.936557 0.890684
vt 0.929945 0.894071
vt 0.549704 0.724760
vt 0.553618 0.730834
vt 0.471017 0.977701
vt 0.464326 0.977179
vt 0.390344 0.331409
vt 0.396739 0.332401
vt 0.939022 0.897562
vt 0.933109 0.900590
vt 0.553902 0.722815
vt 0.557382 0.728215
vt 0.471017 0.984217
vt 0.465068 0.983752
vt 0.987584 0.420889
vt 0.983022 0.421418
vt 0.410143 0.311176
vt 0.411673 0.315425
vt 0.992571 0.551677
vt 0.997165 0.551677
vt 0.997328 0.556004
vt 0.992349 0.556004
vt 0.444093 0.923917
vt 0.439947 0.924610
vt 0.987814 0.424762
vt 0.983568 0.425254
vt 0.413791 0.309607
vt 0.415214 0.313561
vt 0.992755 0.548097
vt 0.997030 0.548097
vt 0.444099 0.928266
vt 0.440241 0.928912
vt 0.988017 0.428187
vt 0.984052 0.428647
vt 0.417018 0.308219
vt 0.418347 0.311912
vt 0.992918 0.544929
vt 0.996911 0.544929
vt 0.444104 0.932115
vt 0.440501 0.932717
vt 0.988203 0.431315
vt 0.984493 0.431746
vt 0.419965 0.306951
vt 0.421208 0.310406
vt 0.993067 0.542038
vt 0.996802 0.542038
vt 0.444109 0.935628
vt 0.440738 0.936192
vt 0.988375 0.434225
vt 0.984904 0.434627
vt 0.422705 0.305772
vt 0.423869 0.309006
vt 0.993205 0.539348
vt 0.996700 0.539348
vt 0.444113 0.938896
vt 0.440959 0.939424
vt 0.988538 0.436964
vt 0.985291 0.437341
vt 0.425285 0.304662
vt 0.426374 0.307687
vt 0.993335 0.536816
vt 0.996605 0.536816
vt 0.444118 0.941973
vt 0.441167 0.942467
vt 0.988692 0.439566
vt 0.985658 0.439918
vt 0.427736 0.303608
vt 0.428753 0.306435
vt 0.993459 0.534410
vt 0.996514 0.534410
vt 0.444122 0.944895
vt 0.441364 0.945357
vt 0.988840 0.442053
vt 0.986009 0.442381
vt 0.430079 0.302601
vt 0.431028 0.305238
vt 0.993577 0.532111
vt 0.996428 0.532111
vt 0.444125 0.947689
vt 0.441553 0.948120
vt 0.988982 0.444443
vt 0.986346 0.444748
vt 0.432330 0.301632
vt 0.433213 0.304088
vt 0.993690 0.529902
vt 0.996344 0.529902
vt 0.444129 0.950373
vt 0.441734 0.950774
vt 0.989118 0.446748
vt 0.986671 0.447031
vt 0.434501 0.300699
vt 0.435321 0.302978
vt 0.993800 0.527771
vt 0.996264 0.527771
vt 0.444133 0.952962
vt 0.441909 0.953334
vt 0.989251 0.448978
vt 0.986986 0.449241
vt 0.436602 0.299795
vt 0.437362 0.301904
vt 0.993906 0.525709
vt 0.996186 0.525709
vt 0.444136 0.955468
vt 0.442078 0.955812
vt 0.989379 0.451143
vt 0.987292 0.451386
vt 0.438642 0.298917
vt 0.439342 0.300862
vt 0.994008 0.523708
vt 0.996111 0.523708
vt 0.444139 0.957900
vt 0.442242 0.958217
vt 0.989504 0.453249
vt 0.987589 0.453471
vt 0.440625 0.298064
vt 0.441267 0.299849
vt 0.994109 0.521761
vt 0.996037 0.521761
vt 0.444143 0.960265
vt 0.442402 0.960556
vt 0.989626 0.455302
vt 0.987878 0.455504
vt 0.442559 0.297233
vt 0.443144 0.298861
vt 0.994206 0.519863
vt 0.995966 0.519863
vt 0.444146 0.962570
vt 0.442558 0.962836
vt 0.989745 0.457305
vt 0.988161 0.457489
vt 0.444446 0.296421
vt 0.444977 0.297896
vt 0.994301 0.518011
vt 0.995896 0.518011
vt 0.444149 0.964821
vt 0.442710 0.965062
vt 0.223823 0.875763
vt 0.230169 0.872403
vt 0.233562 0.880219
vt 0.226625 0.886336
vt 0.597204 0.905689
vt 0.604571 0.906623
vt 0.604365 0.915022
vt 0.595044 0.914598
vt 0.301908 0.839455
vt 0.295587 0.836289
vt 0.298494 0.825520
vt 0.305474 0.831455
vt 0.369915 0.886834
vt 0.362528 0.887531
vt 0.360365 0.877166
vt 0.369699 0.877051
vt 0.222592 0.870325
vt 0.227985 0.867469
vt 0.598501 0.900059
vt 0.604762 0.900852
vt 0.299446 0.844897
vt 0.294074 0.842207
vt 0.370013 0.892123
vt 0.363736 0.892716
vt 0.221562 0.865770
vt 0.226156 0.863337
vt 0.599587 0.895343
vt 0.604921 0.896019
vt 0.297383 0.849456
vt 0.292806 0.847164
vt 0.370096 0.896553
vt 0.364748 0.897058
vt 0.220643 0.861708
vt 0.224525 0.859652
vt 0.600556 0.891137
vt 0.605063 0.891708
vt 0.295543 0.853521
vt 0.291676 0.851585
vt 0.370170 0.900503
vt 0.365650 0.900930
vt 0.601446 0.887274
vt 0.605194 0.887749
vt 0.245773 0.898682
vt 0.249642 0.893142
vt 0.253862 0.896555
vt 0.250368 0.901559
vt 0.597366 0.936172
vt 0.604113 0.935887
vt 0.605194 0.940714
vt 0.597958 0.941856
vt 0.319612 0.818940
vt 0.315663 0.813483
vt 0.319899 0.810557
vt 0.323044 0.815428
vt 0.370133 0.853709
vt 0.363393 0.853199
vt 0.364150 0.847516
vt 0.370237 0.847977
vt 0.240337 0.895279
vt 0.244649 0.889105
vt 0.596667 0.929449
vt 0.604186 0.929131
vt 0.315053 0.823026
vt 0.310653 0.816943
vt 0.370010 0.860488
vt 0.362498 0.859920
vt 0.234273 0.891483
vt 0.239080 0.884600
vt 0.595887 0.921948
vt 0.604268 0.921594
vt 0.309968 0.827584
vt 0.305062 0.820804
vt 0.369873 0.868052
vt 0.361499 0.867419
vt 0.225839 0.849706
vt 0.227309 0.852130
vt 0.994593 0.070020
vt 0.997401 0.069602
vt 0.296310 0.862602
vt 0.294876 0.865044
vt 0.919193 0.949903
vt 0.916524 0.949253
vt 0.916816 0.946664
vt 0.920192 0.947066
vt 0.228030 0.848404
vt 0.229453 0.850750
vt 0.994296 0.067682
vt 0.997013 0.067277
vt 0.298502 0.863958
vt 0.297113 0.866322
vt 0.918840 0.952257
vt 0.916256 0.951628
vt 0.230102 0.847172
vt 0.231480 0.849445
vt 0.994014 0.065470
vt 0.996647 0.065078
vt 0.300575 0.865241
vt 0.299229 0.867531
vt 0.918506 0.954484
vt 0.916002 0.953874
vt 0.232090 0.845991
vt 0.233426 0.848194
vt 0.993744 0.063349
vt 0.996295 0.062969
vt 0.302563 0.866471
vt 0.301259 0.868690
vt 0.918185 0.956620
vt 0.915759 0.956028
vt 0.234013 0.844848
vt 0.235308 0.846983
vt 0.993483 0.061296
vt 0.995955 0.060928
vt 0.304487 0.867662
vt 0.303223 0.869812
vt 0.917875 0.958686
vt 0.915524 0.958113
vt 0.235884 0.843736
vt 0.237139 0.845805
vt 0.993228 0.059300
vt 0.995624 0.058943
vt 0.306358 0.868820
vt 0.305134 0.870904
vt 0.917574 0.960697
vt 0.915295 0.960141
vt 0.237712 0.842650
vt 0.238927 0.844654
vt 0.992980 0.057349
vt 0.995301 0.057004
vt 0.308186 0.869951
vt 0.307000 0.871970
vt 0.917279 0.962660
vt 0.915072 0.962122
vt 0.239502 0.841586
vt 0.240679 0.843527
vt 0.992737 0.055438
vt 0.994985 0.055104
vt 0.309977 0.871059
vt 0.308829 0.873014
vt 0.916991 0.964584
vt 0.914853 0.964063
vt 0.241260 0.840541
vt 0.242400 0.842420
vt 0.992498 0.053562
vt 0.994674 0.053238
vt 0.311736 0.872147
vt 0.310624 0.874040
vt 0.916707 0.966473
vt 0.914638 0.965969
vt 0.248329 0.837627
vt 0.248744 0.839382
vt 0.993758 0.046974
vt 0.995404 0.047321
vt 0.317465 0.875075
vt 0.317076 0.876832
vt 0.767342 0.663863
vt 0.768887 0.664454
vt 0.249474 0.837355
vt 0.249865 0.839012
vt 0.994379 0.045848
vt 0.995934 0.046175
vt 0.318687 0.875470
vt 0.318320 0.877129
vt 0.218058 0.528215
vt 0.219394 0.528705
vt 0.217980 0.529579
vt 0.250553 0.837099
vt 0.250923 0.838664
vt 0.994966 0.044786
vt 0.996434 0.045095
vt 0.319840 0.875842
vt 0.319493 0.877408
vt 0.218133 0.526930
vt 0.219394 0.527392
vt 0.251586 0.836854
vt 0.251935 0.838331
vt 0.995527 0.043770
vt 0.996912 0.044061
vt 0.320943 0.876198
vt 0.320616 0.877676
vt 0.218204 0.525699
vt 0.219394 0.526135
vt 0.252584 0.836617
vt 0.252913 0.838009
vt 0.996069 0.042788
vt 0.997374 0.043063
vt 0.322009 0.876541
vt 0.321700 0.877934
vt 0.218272 0.524510
vt 0.219394 0.524921
vt 0.253553 0.836387
vt 0.253862 0.837696
vt 0.996595 0.041834
vt 0.997823 0.042093
vt 0.323044 0.876875
vt 0.322754 0.878185
vt 0.218339 0.523355
vt 0.219394 0.523742
vt 0.244370 0.834694
vt 0.246202 0.834796
vt 0.518732 0.848751
vt 0.520441 0.848519
vt 0.520469 0.850720
vt 0.518644 0.850601
vt 0.316003 0.878903
vt 0.314173 0.879036
vt 0.917361 0.973091
vt 0.915559 0.973331
vt 0.244469 0.833224
vt 0.246222 0.833322
vt 0.518809 0.847125
vt 0.520444 0.846904
vt 0.316087 0.880454
vt 0.314336 0.880582
vt 0.917645 0.974585
vt 0.915921 0.974815
vt 0.244560 0.831873
vt 0.246240 0.831967
vt 0.518879 0.845630
vt 0.520446 0.845418
vt 0.316164 0.881881
vt 0.314486 0.882003
vt 0.917906 0.975959
vt 0.916254 0.976179
vt 0.244646 0.830603
vt 0.246257 0.830693
vt 0.518946 0.844226
vt 0.520449 0.844023
vt 0.316237 0.883221
vt 0.314627 0.883338
vt 0.918151 0.977250
vt 0.916566 0.977461
vt 0.244728 0.829395
vt 0.246274 0.829482
vt 0.519009 0.842890
vt 0.520451 0.842695
vt 0.316306 0.884496
vt 0.314761 0.884609
vt 0.918384 0.978478
vt 0.916864 0.978680
vt 0.244806 0.828236
vt 0.246289 0.828319
vt 0.519069 0.841608
vt 0.520453 0.841421
vt 0.316372 0.885720
vt 0.314890 0.885828
vt 0.918608 0.979656
vt 0.917149 0.979850
vt 0.244881 0.827117
vt 0.246305 0.827197
vt 0.519128 0.840371
vt 0.520455 0.840191
vt 0.316436 0.886901
vt 0.315014 0.887004
vt 0.918824 0.980794
vt 0.917424 0.980980
vt 0.244955 0.826033
vt 0.246319 0.826109
vt 0.519184 0.839171
vt 0.520457 0.838999
vt 0.316497 0.888046
vt 0.315134 0.888145
vt 0.919034 0.981896
vt 0.917691 0.982075
vt 0.245026 0.824977
vt 0.246334 0.825051
vt 0.519240 0.838004
vt 0.520459 0.837839
vt 0.316558 0.889160
vt 0.315251 0.889255
vt 0.919238 0.982969
vt 0.917951 0.983141
vt 0.245096 0.823948
vt 0.246348 0.824018
vt 0.519293 0.836865
vt 0.520461 0.836707
vt 0.316616 0.890247
vt 0.315365 0.890338
vt 0.919436 0.984016
vt 0.918205 0.984180
vt 0.245163 0.822941
vt 0.246361 0.823008
vt 0.519346 0.835751
vt 0.520463 0.835600
vt 0.316674 0.891310
vt 0.315477 0.891397
vt 0.919631 0.985040
vt 0.918453 0.985196
vt 0.245230 0.821955
vt 0.246375 0.822019
vt 0.519398 0.834661
vt 0.520465 0.834516
vt 0.316730 0.892351
vt 0.315587 0.892434
vt 0.919821 0.986042
vt 0.918695 0.986192
vt 0.245295 0.820987
vt 0.246388 0.821048
vt 0.519448 0.833590
vt 0.520467 0.833452
vt 0.316785 0.893372
vt 0.315694 0.893452
vt 0.920008 0.987026
vt 0.918934 0.987169
vt 0.245360 0.820037
vt 0.246400 0.820095
vt 0.519498 0.832539
vt 0.520469 0.832407
vt 0.316840 0.894376
vt 0.315800 0.894452
vt 0.920192 0.987993
vt 0.919168 0.988129
vt 0.939371 0.917287
vt 0.936418 0.916869
vt 0.936751 0.914172
vt 0.939742 0.914595
vt 0.942049 0.144203
vt 0.944241 0.142418
vt 0.944950 0.144998
vt 0.943368 0.146584
vt 0.291993 0.865732
vt 0.289012 0.865821
vt 0.832583 0.802457
vt 0.835550 0.802515
vt 0.835693 0.805028
vt 0.832687 0.804969
vt 0.939014 0.919884
vt 0.936097 0.919471
vt 0.940776 0.141906
vt 0.942942 0.140143
vt 0.292075 0.868420
vt 0.289129 0.868507
vt 0.832482 0.800035
vt 0.835413 0.800092
vt 0.938665 0.922420
vt 0.935783 0.922013
vt 0.939533 0.139663
vt 0.941673 0.137921
vt 0.292154 0.871045
vt 0.289244 0.871132
vt 0.832383 0.797669
vt 0.835279 0.797725
vt 0.938322 0.924913
vt 0.935475 0.924511
vt 0.938312 0.137458
vt 0.940425 0.135737
vt 0.292232 0.873626
vt 0.289357 0.873711
vt 0.832286 0.795343
vt 0.835147 0.795399
vt 0.937984 0.927372
vt 0.935171 0.926974
vt 0.937107 0.135283
vt 0.939195 0.133583
vt 0.292309 0.876171
vt 0.289469 0.876255
vt 0.832190 0.793049
vt 0.835017 0.793104
vt 0.937650 0.929803
vt 0.934870 0.929410
vt 0.935916 0.133134
vt 0.937979 0.131454
vt 0.292385 0.878686
vt 0.289579 0.878770
vt 0.832096 0.790782
vt 0.834889 0.790836
vt 0.937319 0.932209
vt 0.934573 0.931821
vt 0.934736 0.131005
vt 0.936774 0.129346
vt 0.292460 0.881178
vt 0.289688 0.881260
vt 0.832002 0.788537
vt 0.834762 0.788590
vt 0.936991 0.934595
vt 0.934278 0.934212
vt 0.933567 0.128895
vt 0.935581 0.127255
vt 0.292535 0.883647
vt 0.289796 0.883729
vt 0.831909 0.786311
vt 0.834635 0.786364
vt 0.936665 0.936963
vt 0.933985 0.936584
vt 0.932406 0.126801
vt 0.934396 0.125181
vt 0.292609 0.886098
vt 0.289903 0.886179
vt 0.831817 0.784102
vt 0.834510 0.784154
vt 0.292683 0.888532
vt 0.290010 0.888612
vt 0.518676 0.950699
vt 0.517055 0.951158
vt 0.661333 0.846523
vt 0.659627 0.846836
vt 0.659548 0.844517
vt 0.661333 0.844190
vt 0.933723 0.116759
vt 0.935222 0.117581
vt 0.520418 0.950911
vt 0.518822 0.952798
vt 0.517268 0.953237
vt 0.661333 0.848631
vt 0.659698 0.848931
vt 0.935058 0.115126
vt 0.936494 0.115914
vt 0.520491 0.953001
vt 0.518959 0.954763
vt 0.517468 0.955185
vt 0.661333 0.850606
vt 0.659764 0.850893
vt 0.936308 0.113597
vt 0.937686 0.114353
vt 0.520559 0.954958
vt 0.519089 0.956635
vt 0.517659 0.957040
vt 0.661333 0.852487
vt 0.659828 0.852763
vt 0.937499 0.112141
vt 0.938821 0.112866
vt 0.520625 0.956822
vt 0.519214 0.958436
vt 0.517842 0.958824
vt 0.661333 0.854296
vt 0.659889 0.854561
vt 0.938645 0.110740
vt 0.939913 0.111436
vt 0.520688 0.958616
vt 0.519335 0.960180
vt 0.518019 0.960552
vt 0.661333 0.856048
vt 0.659948 0.856302
vt 0.939754 0.109384
vt 0.940971 0.110051
vt 0.520749 0.960352
vt 0.519453 0.961876
vt 0.518192 0.962232
vt 0.661333 0.857752
vt 0.660006 0.857995
vt 0.940833 0.108064
vt 0.941999 0.108704
vt 0.520808 0.962041
vt 0.519569 0.963532
vt 0.518360 0.963873
vt 0.661333 0.859415
vt 0.660062 0.859648
vt 0.941887 0.106776
vt 0.943003 0.107389
vt 0.520866 0.963690
vt 0.519681 0.965152
vt 0.518525 0.965479
vt 0.661333 0.861044
vt 0.660117 0.861267
vt 0.942918 0.105515
vt 0.943986 0.106101
vt 0.520922 0.965303
vt 0.519792 0.966742
vt 0.518687 0.967054
vt 0.661333 0.862641
vt 0.660171 0.862854
vt 0.943929 0.104279
vt 0.944950 0.104839
vt 0.520978 0.966886
vt 0.936768 0.947736
vt 0.934399 0.948000
vt 0.521130 0.731134
vt 0.518751 0.731073
vt 0.518649 0.728953
vt 0.521130 0.729017
vt 0.831033 0.837085
vt 0.833413 0.837163
vt 0.518715 0.779027
vt 0.521098 0.779027
vt 0.521130 0.781086
vt 0.518644 0.781086
vt 0.936992 0.950164
vt 0.934712 0.950418
vt 0.521130 0.732969
vt 0.518840 0.732910
vt 0.831167 0.834661
vt 0.833458 0.834737
vt 0.518776 0.777242
vt 0.521071 0.777242
vt 0.937197 0.952378
vt 0.934998 0.952622
vt 0.521130 0.734642
vt 0.518921 0.734585
vt 0.831290 0.832452
vt 0.833500 0.832525
vt 0.518832 0.775615
vt 0.521045 0.775615
vt 0.937389 0.954444
vt 0.935264 0.954681
vt 0.521130 0.736205
vt 0.518996 0.736149
vt 0.831404 0.830390
vt 0.833539 0.830460
vt 0.518884 0.774095
vt 0.521022 0.774095
vt 0.937570 0.956401
vt 0.935517 0.956629
vt 0.521130 0.737683
vt 0.519068 0.737630
vt 0.831512 0.828437
vt 0.833575 0.828505
vt 0.518934 0.772657
vt 0.521000 0.772657
vt 0.937743 0.958270
vt 0.935758 0.958491
vt 0.521130 0.739097
vt 0.519136 0.739045
vt 0.831615 0.826571
vt 0.833611 0.826637
vt 0.518981 0.771282
vt 0.520978 0.771282
vt 0.937909 0.960068
vt 0.935990 0.960282
vt 0.521130 0.740456
vt 0.519202 0.740406
vt 0.831715 0.824776
vt 0.833644 0.824840
vt 0.519026 0.769960
vt 0.520958 0.769960
vt 0.938070 0.961806
vt 0.936214 0.962013
vt 0.521130 0.741770
vt 0.519265 0.741721
vt 0.831811 0.823042
vt 0.833677 0.823103
vt 0.519070 0.768682
vt 0.520938 0.768682
vt 0.938227 0.963492
vt 0.936431 0.963692
vt 0.521130 0.743044
vt 0.519327 0.742998
vt 0.831904 0.821359
vt 0.833709 0.821418
vt 0.519113 0.767442
vt 0.520919 0.767442
vt 0.938379 0.965133
vt 0.936643 0.965327
vt 0.521130 0.744285
vt 0.519387 0.744240
vt 0.831995 0.819721
vt 0.833739 0.819778
vt 0.519154 0.766236
vt 0.520900 0.766236
vt 0.938527 0.966734
vt 0.936849 0.966921
vt 0.521130 0.745495
vt 0.519445 0.745451
vt 0.832084 0.818123
vt 0.833769 0.818179
vt 0.519194 0.765059
vt 0.520882 0.765059
vt 0.938672 0.968299
vt 0.937051 0.968480
vt 0.521130 0.746678
vt 0.519502 0.746636
vt 0.832170 0.816561
vt 0.833799 0.816614
vt 0.519234 0.763908
vt 0.520865 0.763908
vt 0.938814 0.969832
vt 0.937249 0.970006
vt 0.521130 0.747837
vt 0.519558 0.747796
vt 0.832255 0.815031
vt 0.833827 0.815083
vt 0.519273 0.762781
vt 0.520847 0.762781
vt 0.938953 0.971335
vt 0.937443 0.971503
vt 0.521130 0.748973
vt 0.519613 0.748934
vt 0.832338 0.813530
vt 0.833856 0.813580
vt 0.519311 0.761676
vt 0.520830 0.761676
vt 0.939090 0.972812
vt 0.937633 0.972974
vt 0.521130 0.750089
vt 0.519667 0.750051
vt 0.832420 0.812057
vt 0.833883 0.812105
vt 0.519348 0.760590
vt 0.520813 0.760590
vt 0.939224 0.974263
vt 0.937820 0.974419
vt 0.521130 0.751186
vt 0.519720 0.751149
vt 0.832500 0.810608
vt 0.833911 0.810655
vt 0.519385 0.759523
vt 0.520797 0.759523
vt 0.939356 0.975692
vt 0.938004 0.975842
vt 0.521130 0.752266
vt 0.519772 0.752231
vt 0.832579 0.809182
vt 0.833937 0.809227
vt 0.519421 0.758473
vt 0.520781 0.758473
vt 0.939487 0.977099
vt 0.938186 0.977243
vt 0.521130 0.753329
vt 0.519824 0.753296
vt 0.832657 0.807778
vt 0.833964 0.807821
vt 0.519456 0.757438
vt 0.520765 0.757438
vt 0.939615 0.978486
vt 0.938365 0.978625
vt 0.521130 0.754378
vt 0.519874 0.754345
vt 0.832733 0.806393
vt 0.833990 0.806435
vt 0.519491 0.756418
vt 0.520749 0.756418
vt 0.939742 0.979854
vt 0.938541 0.979988
vt 0.521130 0.755412
vt 0.519924 0.755381
vt 0.832809 0.805028
vt 0.834015 0.805068
vt 0.519526 0.755412
vt 0.520733 0.755412
vt 0.947467 0.357666
vt 0.949502 0.361960
vt 0.188326 0.924273
vt 0.193304 0.923416
vt 0.193343 0.927987
vt 0.187557 0.928982
vt 0.007709 0.990631
vt 0.012103 0.988824
vt 0.013913 0.993174
vt 0.008072 0.995518
vt 0.947038 0.570553
vt 0.946291 0.575646
vt 0.189150 0.919158
vt 0.193343 0.918779
vt 0.950544 0.571042
vt 0.950250 0.575324
vt 0.873641 0.980281
vt 0.879446 0.980418
vt 0.879640 0.986646
vt 0.873813 0.986104
vt 0.976132 0.402599
vt 0.981779 0.401761
vt 0.982977 0.406847
vt 0.976206 0.408652
vt 0.981035 0.635653
vt 0.986837 0.635556
vt 0.987048 0.641051
vt 0.981043 0.641151
vt 0.981259 0.415663
vt 0.975599 0.414383
vt 0.975590 0.408652
vt 0.982361 0.410671
vt 0.873867 0.975120
vt 0.879481 0.975253
vt 0.975193 0.397797
vt 0.980655 0.396987
vt 0.981028 0.630491
vt 0.986639 0.630397
vt 0.980225 0.420350
vt 0.974750 0.419111
vt 0.874083 0.970165
vt 0.879516 0.970294
vt 0.974291 0.393188
vt 0.979576 0.392405
vt 0.981020 0.625536
vt 0.986450 0.625445
vt 0.979232 0.424849
vt 0.973935 0.423651
vt 0.874293 0.965359
vt 0.879549 0.965484
vt 0.973417 0.388717
vt 0.978529 0.387959
vt 0.981013 0.620729
vt 0.986266 0.620641
vt 0.978269 0.429213
vt 0.973145 0.428054
vt 0.874499 0.960668
vt 0.879581 0.960789
vt 0.972563 0.384353
vt 0.977507 0.383620
vt 0.981006 0.616038
vt 0.986086 0.615953
vt 0.977328 0.433472
vt 0.972373 0.432351
vt 0.874700 0.956071
vt 0.879612 0.956187
vt 0.971726 0.380076
vt 0.976505 0.379368
vt 0.981000 0.611440
vt 0.985910 0.611357
vt 0.976407 0.437647
vt 0.971617 0.436563
vt 0.874896 0.951167
vt 0.879640 0.950952
vt 0.970844 0.375195
vt 0.975553 0.375554
vt 0.980990 0.607302
vt 0.985732 0.607547
vt 0.975555 0.441069
vt 0.970844 0.441072
vt 0.874634 0.945287
vt 0.878742 0.944834
vt 0.973041 0.368616
vt 0.976984 0.369838
vt 0.981854 0.602082
vt 0.985959 0.602556
vt 0.976827 0.446478
vt 0.972873 0.447410
vt 0.874493 0.942010
vt 0.878235 0.941597
vt 0.974278 0.365112
vt 0.977870 0.366225
vt 0.982381 0.598772
vt 0.986120 0.599203
vt 0.977645 0.450103
vt 0.974044 0.450951
vt 0.874374 0.939253
vt 0.877808 0.938874
vt 0.975320 0.362163
vt 0.978616 0.363185
vt 0.982824 0.595987
vt 0.986256 0.596383
vt 0.978334 0.453153
vt 0.975029 0.453931
vt 0.874268 0.936787
vt 0.877426 0.936438
vt 0.976251 0.359526
vt 0.979282 0.360465
vt 0.983221 0.593496
vt 0.986377 0.593860
vt 0.978950 0.455880
vt 0.975910 0.456597
vt 0.874170 0.934517
vt 0.877074 0.934196
vt 0.977108 0.357098
vt 0.979896 0.357963
vt 0.983586 0.591203
vt 0.986488 0.591537
vt 0.979516 0.458391
vt 0.976721 0.459050
vt 0.874079 0.932392
vt 0.876745 0.932097
vt 0.977911 0.354826
vt 0.980471 0.355620
vt 0.983928 0.589056
vt 0.986593 0.589364
vt 0.980047 0.460742
vt 0.977480 0.461346
vt 0.873992 0.930380
vt 0.876434 0.930111
vt 0.978670 0.352675
vt 0.981015 0.353402
vt 0.984251 0.587024
vt 0.986691 0.587306
vt 0.980549 0.462967
vt 0.978199 0.463520
vt 0.873910 0.928461
vt 0.876137 0.928215
vt 0.979395 0.350623
vt 0.981534 0.351285
vt 0.984560 0.585086
vt 0.986786 0.585342
vt 0.981029 0.465090
vt 0.978884 0.465595
vt 0.873830 0.926619
vt 0.875852 0.926396
vt 0.980091 0.348653
vt 0.982032 0.349254
vt 0.984856 0.583225
vt 0.986876 0.583458
vt 0.981489 0.467127
vt 0.979543 0.467585
vt 0.873754 0.924843
vt 0.875577 0.924642
vt 0.980762 0.346753
vt 0.982512 0.347296
vt 0.985142 0.581431
vt 0.986963 0.581641
vt 0.981932 0.469092
vt 0.980177 0.469505
vt 0.873680 0.923124
vt 0.875311 0.922944
vt 0.981411 0.344915
vt 0.982977 0.345401
vt 0.985418 0.579694
vt 0.987048 0.579882
vt 0.982361 0.470993
vt 0.980791 0.471363
vt 0.330558 0.985788
vt 0.324267 0.985778
vt 0.324313 0.980860
vt 0.329386 0.982995
vt 0.401365 0.893748
vt 0.406072 0.890668
vt 0.407464 0.899100
vt 0.402298 0.898715
vt 0.939742 0.987127
vt 0.933452 0.987042
vt 0.933500 0.982171
vt 0.938533 0.979988
vt 0.992550 0.123577
vt 0.986951 0.121751
vt 0.987696 0.120059
vt 0.993270 0.118308
vt 0.330558 0.990584
vt 0.324277 0.990574
vt 0.400459 0.888981
vt 0.405158 0.885905
vt 0.939742 0.992080
vt 0.933463 0.991995
vt 0.991835 0.129002
vt 0.986245 0.127179
vt 0.330558 0.995372
vt 0.324288 0.995361
vt 0.939742 0.997024
vt 0.933474 0.996938
vt 0.978037 0.684500
vt 0.973006 0.682758
vt 0.400590 0.867940
vt 0.405465 0.869114
vt 0.113947 0.992779
vt 0.119265 0.992779
vt 0.119337 0.997819
vt 0.113619 0.997819
vt 0.985132 0.976570
vt 0.990278 0.975309
vt 0.990138 0.979950
vt 0.985741 0.981159
vt 0.976432 0.688828
vt 0.971745 0.687205
vt 0.401249 0.863430
vt 0.405790 0.864523
vt 0.114246 0.988199
vt 0.119200 0.988199
vt 0.984577 0.972399
vt 0.989372 0.971225
vt 0.974923 0.692895
vt 0.970560 0.691384
vt 0.401869 0.859190
vt 0.406096 0.860208
vt 0.114526 0.983895
vt 0.119138 0.983895
vt 0.984056 0.968479
vt 0.988520 0.967386
vt 0.973482 0.696779
vt 0.969428 0.695376
vt 0.402460 0.855141
vt 0.406388 0.856087
vt 0.114794 0.979783
vt 0.119079 0.979783
vt 0.983559 0.964735
vt 0.987706 0.963720
vt 0.972221 0.699549
vt 0.968319 0.699360
vt 0.403037 0.851087
vt 0.406712 0.851038
vt 0.115256 0.974833
vt 0.118994 0.975959
vt 0.983091 0.961272
vt 0.987003 0.961223
vt 0.973842 0.702756
vt 0.970831 0.703412
vt 0.402873 0.845868
vt 0.405894 0.845057
vt 0.710193 0.910651
vt 0.706885 0.910908
vt 0.706437 0.906955
vt 0.710193 0.905921
vt 0.984483 0.956125
vt 0.987669 0.956866
vt 0.974890 0.705021
vt 0.972212 0.705605
vt 0.402787 0.843041
vt 0.405474 0.842319
vt 0.710091 0.912934
vt 0.707149 0.913163
vt 0.985269 0.953170
vt 0.988102 0.953829
vt 0.975757 0.706894
vt 0.973354 0.707418
vt 0.402715 0.840703
vt 0.405126 0.840056
vt 0.710007 0.914821
vt 0.707367 0.915026
vt 0.985918 0.950726
vt 0.988460 0.951318
vt 0.976523 0.708550
vt 0.974363 0.709021
vt 0.402652 0.838637
vt 0.404819 0.838055
vt 0.709933 0.916490
vt 0.707560 0.916674
vt 0.986492 0.948566
vt 0.988777 0.949097
vt 0.977223 0.710062
vt 0.975285 0.710484
vt 0.402595 0.836750
vt 0.404539 0.836229
vt 0.709865 0.918013
vt 0.707736 0.918178
vt 0.987016 0.946594
vt 0.989066 0.947070
vt 0.977873 0.711467
vt 0.976142 0.711844
vt 0.402541 0.834996
vt 0.404278 0.834530
vt 0.709802 0.919429
vt 0.707900 0.919577
vt 0.987504 0.944760
vt 0.989335 0.945186
vt 0.978485 0.712790
vt 0.976948 0.713125
vt 0.402491 0.833345
vt 0.404033 0.832931
vt 0.709742 0.920763
vt 0.708054 0.920894
vt 0.987962 0.943034
vt 0.989588 0.943412
vt 0.979066 0.714047
vt 0.977714 0.714342
vt 0.402443 0.831777
vt 0.403800 0.831413
vt 0.709686 0.922029
vt 0.708200 0.922144
vt 0.988398 0.941394
vt 0.989828 0.941727
vt 0.979622 0.715248
vt 0.978446 0.715504
vt 0.402398 0.830278
vt 0.403577 0.829961
vt 0.709632 0.923239
vt 0.708340 0.923340
vt 0.988814 0.939827
vt 0.990058 0.940117
vt 0.980156 0.716402
vt 0.979150 0.716621
vt 0.402354 0.828838
vt 0.403363 0.828567
vt 0.989214 0.938322
vt 0.990278 0.938570
s 0
usemtl Material
f 1215/1/1 1216/2/1 1212/3/1 1211/4/1
f 1214/5/2 1215/6/2 1211/7/2 1210/8/2
f 1213/9/3 1214/10/3 1210/11/3 1209/12/3
f 632/13/4 5668/14/4 5669/15/4
f 1212/16/5 1209/17/5 53/18/5 56/19/5
f 1211/4/6 1212/3/6 56/20/6 55/21/6
f 1210/8/7 1211/7/7 55/22/7 54/23/7
f 1209/12/8 1210/11/8 54/24/8 53/25/8
f 56/19/9 53/18/9 1205/26/9 1208/27/9
f 55/21/10 56/20/10 1208/28/10 1207/29/10
f 629/30/11 632/13/11 5669/15/11
f 54/23/12 55/22/12 1207/31/12 1206/32/12
f 53/25/13 54/24/13 1206/33/13 1205/34/13
f 1208/27/14 1205/26/14 1201/35/14 1204/36/14
f 1207/29/15 1208/28/15 1204/37/15 1203/38/15
f 1206/32/16 1207/31/16 1203/39/16 1202/40/16
f 1205/34/17 1206/33/17 1202/41/17 1201/42/17
f 1204/36/14 1201/35/14 1197/43/14 1200/44/14
f 1203/38/15 1204/37/15 1200/45/15 1199/46/15
f 1202/40/16 1203/39/16 1199/47/16 1198/48/16
f 1201/42/17 1202/41/17 1198/49/17 1197/50/17
f 52/51/18 49/52/18 1193/53/18 1196/54/18
f 633/55/19 630/56/19 629/57/19
f 51/58/20 52/59/20 1196/60/20 1195/61/20
f 50/62/21 51/63/21 1195/64/21 1194/65/21
f 631/66/22 5668/67/22 632/68/22
f 631/66/23 5670/69/23 5668/67/23
f 49/70/24 50/71/24 1194/72/24 1193/73/24
f 635/74/25 636/75/25 5670/76/25
f 1196/54/18 1193/53/18 1189/77/18 1192/78/18
f 1195/61/26 1196/60/26 1192/79/26 1191/80/26
f 1194/65/27 1195/64/27 1191/81/27 1190/82/27
f 1193/73/28 1194/72/28 1190/83/28 1189/84/28
f 1350/85/29 684/86/29 683/87/29
f 1192/78/18 1189/77/18 1185/88/18 1188/89/18
f 1191/80/20 1192/79/20 1188/90/20 1187/91/20
f 684/92/30 1341/93/30 681/94/30
f 1190/82/21 1191/81/21 1187/95/21 1186/96/21
f 702/97/31 698/98/31 701/99/31
f 1189/84/24 1190/83/24 1186/100/24 1185/101/24
f 1188/89/32 1185/88/32 1181/102/32 1184/103/32
f 1187/91/20 1188/90/20 1184/104/20 1183/105/20
f 1186/96/27 1187/95/27 1183/106/27 1182/107/27
f 1185/101/24 1186/100/24 1182/108/24 1181/109/24
f 1184/103/18 1181/102/18 1177/110/18 1180/111/18
f 1183/105/26 1184/104/26 1180/112/26 1179/113/26
f 1182/107/21 1183/106/21 1179/114/21 1178/115/21
f 1181/109/28 1182/108/28 1178/116/28 1177/117/28
f 1180/111/18 1177/110/18 1173/118/18 1176/119/18
f 1179/113/20 1180/112/20 1176/120/20 1175/121/20
f 1178/115/27 1179/114/27 1175/122/27 1174/123/27
f 1177/117/24 1178/116/24 1174/124/24 1173/125/24
f 1176/119/18 1173/118/18 1169/126/18 1172/127/18
f 1175/121/26 1176/120/26 1172/128/26 1171/129/26
f 1174/123/21 1175/122/21 1171/130/21 1170/131/21
f 861/132/33 862/133/33 930/134/33
f 704/135/34 1034/136/34 822/137/34
f 1173/125/28 1174/124/28 1170/138/28 1169/139/28
f 1172/127/18 1169/126/18 1165/140/18 1168/141/18
f 1008/142/35 907/143/35 904/144/35
f 1171/129/26 1172/128/26 1168/145/26 1167/146/26
f 1170/131/27 1171/130/27 1167/147/27 1166/148/27
f 1169/139/24 1170/138/24 1166/149/24 1165/150/24
f 1164/151/36 1161/152/36 6432/153/36 1160/154/36
f 1163/155/37 1164/156/37 1160/157/37 6430/158/37
f 1009/159/38 1007/160/38 859/161/38
f 1162/162/39 1163/163/39 6430/164/39 6431/165/39
f 904/166/40 905/167/40 857/168/40
f 1161/169/41 1162/170/41 6431/171/41 6432/172/41
f 907/173/42 1009/174/42 906/175/42
f 48/176/43 45/177/43 1153/178/43 1156/179/43
f 47/180/44 48/181/44 1156/182/44 1155/183/44
f 46/184/45 47/185/45 1155/186/45 1154/187/45
f 45/188/46 46/189/46 1154/190/46 1153/191/46
f 1156/179/47 1153/178/47 1149/192/47 1152/193/47
f 1155/183/44 1156/182/44 1152/194/44 1151/195/44
f 1154/187/45 1155/186/45 1151/196/45 1150/197/45
f 1153/191/46 1154/190/46 1150/198/46 1149/199/46
f 1152/193/48 1149/192/48 1145/200/48 1148/201/48
f 1151/195/44 1152/194/44 1148/202/44 1147/203/44
f 1150/197/45 1151/196/45 1147/204/45 1146/205/45
f 1149/199/46 1150/198/46 1146/206/46 1145/207/46
f 861/208/49 928/209/49 860/210/49
f 1148/201/48 1145/200/48 1141/211/48 1144/212/48
f 1147/203/44 1148/202/44 1144/213/44 1143/214/44
f 1017/215/50 1014/216/50 1013/217/50
f 1159/218/51 1071/219/51 1072/220/51
f 1146/205/52 1147/204/52 1143/221/52 1142/222/52
f 1145/207/46 1146/206/46 1142/223/46 1141/224/46
f 1144/212/47 1141/211/47 1137/225/47 1140/226/47
f 1143/214/44 1144/213/44 1140/227/44 1139/228/44
f 1142/222/45 1143/221/45 1139/229/45 1138/230/45
f 1141/224/46 1142/223/46 1138/231/46 1137/232/46
f 972/233/53 973/234/53 1012/235/53
f 1140/226/43 1137/225/43 1133/236/43 1136/237/43
f 1139/228/44 1140/227/44 1136/238/44 1135/239/44
f 1138/230/45 1139/229/45 1135/240/45 1134/241/45
f 1137/232/46 1138/231/46 1134/242/46 1133/243/46
f 1136/237/43 1133/236/43 1129/244/43 1132/245/43
f 1135/239/44 1136/238/44 1132/246/44 1131/247/44
f 1250/248/54 1251/249/54 6276/250/54
f 1134/241/45 1135/240/45 1131/251/45 1130/252/45
f 1133/243/46 1134/242/46 1130/253/46 1129/254/46
f 1132/245/47 1129/244/47 1125/255/47 1128/256/47
f 1158/257/55 1157/258/55 1070/259/55
f 1131/247/44 1132/246/44 1128/260/44 1127/261/44
f 1130/252/45 1131/251/45 1127/262/45 1126/263/45
f 1163/155/56 1199/46/56 1200/45/56
f 1129/254/46 1130/253/46 1126/264/46 1125/265/46
f 1128/256/47 1125/255/47 1121/266/47 1124/267/47
f 1127/261/44 1128/260/44 1124/268/44 1123/269/44
f 1126/263/45 1127/262/45 1123/270/45 1122/271/45
f 1125/265/46 1126/264/46 1122/272/46 1121/273/46
f 1124/267/43 1121/266/43 1117/274/43 1120/275/43
f 1123/269/44 1124/268/44 1120/276/44 1119/277/44
f 1122/271/45 1123/270/45 1119/278/45 1118/279/45
f 1164/156/57 1167/146/57 1168/145/57
f 1121/273/46 1122/272/46 1118/280/46 1117/281/46
f 1120/275/58 1117/274/58 41/282/58 44/283/58
f 1119/277/59 1120/276/59 44/284/59 43/285/59
f 1118/279/60 1119/278/60 43/286/60 42/287/60
f 1117/281/61 1118/280/61 42/288/61 41/289/61
f 44/283/62 41/282/62 1113/290/62 1116/291/62
f 43/285/63 44/284/63 1116/292/63 1115/293/63
f 42/287/64 43/286/64 1115/294/64 1114/295/64
f 41/289/65 42/288/65 1114/296/65 1113/297/65
f 1116/291/66 1113/290/66 1109/298/66 1112/299/66
f 1115/293/67 1116/292/67 1112/300/67 1111/301/67
f 1114/295/68 1115/294/68 1111/302/68 1110/303/68
f 1113/297/69 1114/296/69 1110/304/69 1109/305/69
f 6277/306/70 6278/307/70 1235/308/70
f 1112/299/66 1109/298/66 1105/309/66 1108/310/66
f 1111/301/67 1112/300/67 1108/311/67 1107/312/67
f 1251/313/71 1252/314/71 6278/315/71
f 1451/316/72 1393/317/72 1452/318/72
f 1110/303/68 1111/302/68 1107/319/68 1106/320/68
f 1109/305/69 1110/304/69 1106/321/69 1105/322/69
f 1250/323/73 1233/324/73 1249/325/73
f 1314/326/74 1281/327/74 1313/328/74
f 1108/310/66 1105/309/66 1101/329/66 1104/330/66
f 1107/312/67 1108/311/67 1104/331/67 1103/332/67
f 1106/320/68 1107/319/68 1103/333/68 1102/334/68
f 1105/322/69 1106/321/69 1102/335/69 1101/336/69
f 1104/330/75 1101/329/75 1097/337/75 1100/338/75
f 1103/332/67 1104/331/67 1100/339/67 1099/340/67
f 1102/334/68 1103/333/68 1099/341/68 1098/342/68
f 1101/336/69 1102/335/69 1098/343/69 1097/344/69
f 1100/338/66 1097/337/66 1093/345/66 1096/346/66
f 1099/340/67 1100/339/67 1096/347/67 1095/348/67
f 1098/342/68 1099/341/68 1095/349/68 1094/350/68
f 1097/344/69 1098/343/69 1094/351/69 1093/352/69
f 1283/353/76 1287/354/76 1284/355/76
f 1096/346/66 1093/345/66 1089/356/66 1092/357/66
f 1095/348/67 1096/347/67 1092/358/67 1091/359/67
f 1593/360/77 1360/361/77 1358/362/77
f 1094/350/68 1095/349/68 1091/363/68 1090/364/68
f 1093/352/69 1094/351/69 1090/365/69 1089/366/69
f 1092/357/66 1089/356/66 1085/367/66 1088/368/66
f 1091/359/67 1092/358/67 1088/369/67 1087/370/67
f 1090/364/68 1091/363/68 1087/371/68 1086/372/68
f 1089/366/69 1090/365/69 1086/373/69 1085/374/69
f 1359/375/78 1592/376/78 1357/377/78
f 1088/368/66 1085/367/66 1081/378/66 1084/379/66
f 1391/380/79 1388/381/79 1387/382/79
f 1087/370/67 1088/369/67 1084/383/67 1083/384/67
f 1392/385/80 1454/386/80 1393/387/80
f 1520/388/81 1459/389/81 1519/390/81
f 1086/372/68 1087/371/68 1083/391/68 1082/392/68
f 1085/374/69 1086/373/69 1082/393/69 1081/394/69
f 1084/379/66 1081/378/66 1077/395/66 1080/396/66
f 1083/384/67 1084/383/67 1080/397/67 1079/398/67
f 1082/392/68 1083/391/68 1079/399/68 1078/400/68
f 1081/394/69 1082/393/69 1078/401/69 1077/402/69
f 1393/387/82 1454/386/82 1394/403/82
f 1080/396/66 1077/395/66 1073/404/66 1076/405/66
f 1079/398/67 1080/397/67 1076/406/67 1075/407/67
f 1078/400/68 1079/399/68 1075/408/68 1074/409/68
f 1077/402/69 1078/401/69 1074/410/69 1073/411/69
f 1076/405/66 1073/404/66 1069/412/66 1072/413/66
f 1075/407/67 1076/406/67 1072/220/67 1071/219/67
f 1074/409/68 1075/408/68 1071/414/68 1070/415/68
f 1073/411/69 1074/410/69 1070/416/69 1069/417/69
f 1068/418/83 1065/419/83 1061/420/83 1064/421/83
f 1067/422/84 1068/423/84 1064/424/84 1063/425/84
f 1066/426/85 1067/427/85 1063/428/85 1062/429/85
f 1065/430/86 1066/431/86 1062/432/86 1061/433/86
f 1064/421/83 1061/420/83 1057/434/83 1060/435/83
f 1063/425/87 1064/424/87 1060/436/87 1059/437/87
f 1062/429/85 1063/428/85 1059/438/85 1058/439/85
f 1521/440/88 1462/441/88 1461/442/88
f 1061/433/86 1062/432/86 1058/443/86 1057/444/86
f 1060/435/83 1057/434/83 1053/445/83 1056/446/83
f 1059/437/87 1060/436/87 1056/447/87 1055/448/87
f 1058/439/85 1059/438/85 1055/449/85 1054/450/85
f 1558/451/89 1498/452/89 1495/453/89
f 1057/444/86 1058/443/86 1054/454/86 1053/455/86
f 1056/446/83 1053/445/83 1049/456/83 1052/457/83
f 1055/448/87 1056/447/87 1052/458/87 1051/459/87
f 1054/450/85 1055/449/85 1051/460/85 1050/461/85
f 1492/462/90 1559/463/90 1496/464/90
f 1053/455/86 1054/454/86 1050/465/86 1049/466/86
f 1052/457/83 1049/456/83 1045/467/83 1048/468/83
f 1051/459/87 1052/458/87 1048/469/87 1047/470/87
f 1050/461/85 1051/460/85 1047/471/85 1046/472/85
f 1600/473/91 1650/474/91 1596/475/91
f 1049/466/86 1050/465/86 1046/476/86 1045/477/86
f 1048/468/83 1045/467/83 1041/478/83 1044/479/83
f 1651/480/92 1601/481/92 1597/482/92
f 1047/470/87 1048/469/87 1044/483/87 1043/484/87
f 1046/472/85 1047/471/85 1043/485/85 1042/486/85
f 1045/477/86 1046/476/86 1042/487/86 1041/488/86
f 1044/479/83 1041/478/83 1037/489/83 1040/490/83
f 1681/491/93 1764/492/93 1765/493/93
f 1766/494/94 1859/495/94 1763/496/94
f 1043/484/87 1044/483/87 1040/497/87 1039/498/87
f 1042/486/85 1043/485/85 1039/499/85 1038/500/85
f 1041/488/86 1042/487/86 1038/501/86 1037/502/86
f 1040/490/95 1037/489/95 6428/503/95 6425/504/95
f 1039/498/84 1040/497/84 6425/505/84 6426/506/84
f 1038/500/85 1039/499/85 6426/507/85 6427/508/85
f 1037/509/96 1038/510/96 6427/511/96 6428/512/96
f 40/513/97 37/514/97 1030/515/97 1033/516/97
f 39/517/98 40/518/98 1033/519/98 1032/520/98
f 38/521/99 39/522/99 1032/523/99 1031/524/99
f 37/525/100 38/526/100 1031/527/100 1030/528/100
f 1033/516/101 1030/515/101 1026/529/101 1029/530/101
f 1032/520/98 1033/519/98 1029/531/98 1028/532/98
f 1031/524/99 1032/523/99 1028/533/99 1027/534/99
f 1030/528/100 1031/527/100 1027/535/100 1026/536/100
f 1029/530/101 1026/529/101 1022/537/101 1025/538/101
f 680/539/102 677/540/102 1670/541/102
f 1028/532/98 1029/531/98 1025/542/98 1024/543/98
f 1027/534/99 1028/533/99 1024/544/99 1023/545/99
f 1026/536/100 1027/535/100 1023/546/100 1022/547/100
f 1025/538/101 1022/537/101 1018/548/101 1021/549/101
f 1024/543/103 1025/542/103 1021/550/103 1020/551/103
f 1664/552/104 1667/553/104 1668/554/104
f 1023/545/99 1024/544/99 1020/555/99 1019/556/99
f 1022/547/100 1023/546/100 1019/557/100 1018/558/100
f 1021/549/97 1018/548/97 1014/559/97 1017/560/97
f 1859/561/105 1857/562/105 1763/563/105
f 1020/551/98 1021/550/98 1017/564/98 1016/565/98
f 1682/566/106 1766/567/106 1679/568/106
f 1019/556/99 1020/555/99 1016/569/99 1015/570/99
f 1018/558/100 1019/557/100 1015/571/100 1014/572/100
f 1013/573/107 1010/574/107 1007/160/107 1009/159/107
f 1012/575/108 1013/576/108 1009/577/108 907/578/108
f 1011/579/109 1012/580/109 907/143/109 1008/142/109
f 1010/581/110 1011/579/110 1008/142/110 1007/582/110
f 36/583/111 33/584/111 1003/585/111 1006/586/111
f 35/587/112 36/588/112 1006/589/112 1005/590/112
f 34/591/113 35/592/113 1005/593/113 1004/594/113
f 1727/595/114 1695/596/114 1696/597/114
f 33/598/115 34/599/115 1004/600/115 1003/601/115
f 1006/586/111 1003/585/111 999/602/111 1002/603/111
f 1005/590/112 1006/589/112 1002/604/112 1001/605/112
f 1004/594/113 1005/593/113 1001/606/113 1000/607/113
f 1003/601/115 1004/600/115 1000/608/115 999/609/115
f 1002/603/111 999/602/111 995/610/111 998/611/111
f 1001/605/116 1002/604/116 998/612/116 997/613/116
f 1000/607/113 1001/606/113 997/614/113 996/615/113
f 1729/616/117 1733/617/117 1730/618/117
f 999/609/118 1000/608/118 996/619/118 995/620/118
f 1953/621/119 1956/622/119 1957/623/119
f 998/611/111 995/610/111 991/624/111 994/625/111
f 997/613/116 998/612/116 994/626/116 993/627/116
f 996/615/113 997/614/113 993/628/113 992/629/113
f 995/620/118 996/619/118 992/630/118 991/631/118
f 994/625/111 991/624/111 987/632/111 990/633/111
f 993/627/116 994/626/116 990/634/116 989/635/116
f 1776/636/120 1684/637/120 1772/638/120
f 992/629/113 993/628/113 989/639/113 988/640/113
f 991/631/118 992/630/118 988/641/118 987/642/118
f 990/633/111 987/632/111 983/643/111 986/644/111
f 989/635/116 990/634/116 986/645/116 985/646/116
f 1775/647/121 1771/648/121 1683/649/121
f 988/640/113 989/639/113 985/650/113 984/651/113
f 987/642/118 988/641/118 984/652/118 983/653/118
f 2074/654/122 1932/655/122 1931/656/122
f 986/644/111 983/643/111 979/657/111 982/658/111
f 985/646/116 986/645/116 982/659/116 981/660/116
f 984/651/113 985/650/113 981/661/113 980/662/113
f 983/653/115 984/652/115 980/663/115 979/664/115
f 982/658/111 979/657/111 975/665/111 978/666/111
f 981/660/116 982/659/116 978/667/116 977/668/116
f 980/662/113 981/661/113 977/669/113 976/670/113
f 1916/671/123 1917/672/123 1935/673/123
f 2094/674/124 596/675/124 2091/676/124
f 1917/677/125 1914/678/125 1934/679/125
f 979/664/118 980/663/118 976/680/118 975/681/118
f 978/666/111 975/665/111 971/682/111 974/683/111
f 977/668/112 978/667/112 974/684/112 973/685/112
f 2096/686/126 2094/687/126 2091/688/126
f 2049/689/127 1955/690/127 1954/691/127
f 976/670/113 977/669/113 973/234/113 972/233/113
f 2009/692/128 1933/693/128 1932/655/128
f 975/681/118 976/680/118 972/694/118 971/695/118
f 32/696/129 29/697/129 967/698/129 970/699/129
f 31/700/130 32/701/130 970/702/130 969/703/130
f 30/704/131 31/705/131 969/706/131 968/707/131
f 29/708/132 30/709/132 968/710/132 967/711/132
f 970/699/129 967/698/129 963/712/129 966/713/129
f 969/703/133 970/702/133 966/714/133 965/715/133
f 968/707/131 969/706/131 965/716/131 964/717/131
f 967/711/132 968/710/132 964/718/132 963/719/132
f 966/713/129 963/712/129 959/720/129 962/721/129
f 2093/722/134 2098/723/134 2097/724/134
f 965/715/133 966/714/133 962/725/133 961/726/133
f 964/717/131 965/716/131 961/727/131 960/728/131
f 963/719/132 964/718/132 960/729/132 959/730/132
f 2098/731/135 595/732/135 2097/733/135
f 962/721/129 959/720/129 955/734/129 958/735/129
f 961/726/130 962/725/130 958/736/130 957/737/130
f 960/728/131 961/727/131 957/738/131 956/739/131
f 2098/723/136 2093/722/136 2095/740/136
f 959/730/132 960/729/132 956/741/132 955/742/132
f 6451/743/137 6459/744/137 6460/745/137 2096/745/137
f 2097/746/138 2094/687/138 2096/686/138
f 2092/747/139 2095/748/139 2096/749/139
f 2095/740/140 2093/722/140 2096/750/140
f 2093/751/141 2097/746/141 2096/686/141
f 2097/733/142 596/752/142 2094/753/142
f 958/735/129 955/734/129 951/754/129 954/755/129
f 2097/733/143 595/732/143 596/752/143
f 957/737/130 958/736/130 954/756/130 953/757/130
f 956/739/131 957/738/131 953/758/131 952/759/131
f 955/742/132 956/741/132 952/760/132 951/761/132
f 954/755/129 951/754/129 947/762/129 950/763/129
f 953/757/133 954/756/133 950/764/133 949/765/133
f 952/759/131 953/758/131 949/766/131 948/767/131
f 951/761/132 952/760/132 948/768/132 947/769/132
f 950/763/129 947/762/129 943/770/129 946/771/129
f 949/765/130 950/764/130 946/772/130 945/773/130
f 2127/774/144 2131/775/144 2132/776/144
f 948/767/131 949/766/131 945/777/131 944/778/131
f 947/769/132 948/768/132 944/779/132 943/780/132
f 946/771/129 943/770/129 939/781/129 942/782/129
f 2633/783/145 2632/784/145 2133/785/145
f 945/773/130 946/772/130 942/786/130 941/787/130
f 944/778/131 945/777/131 941/788/131 940/789/131
f 943/780/132 944/779/132 940/790/132 939/791/132
f 942/782/129 939/781/129 935/792/129 938/793/129
f 941/787/133 942/786/133 938/794/133 937/795/133
f 2260/796/146 2535/797/146 2264/798/146
f 940/789/131 941/788/131 937/799/131 936/800/131
f 2537/801/147 2262/802/147 2266/803/147
f 939/791/132 940/790/132 936/804/132 935/805/132
f 938/793/129 935/792/129 931/806/129 934/807/129
f 937/795/130 938/794/130 934/808/130 933/809/130
f 936/800/131 937/799/131 933/810/131 932/811/131
f 935/805/132 936/804/132 932/812/132 931/813/132
f 934/807/148 931/806/148 928/209/148 861/208/148
f 2448/814/149 2348/815/149 2447/816/149
f 933/809/150 934/808/150 861/817/150 930/818/150
f 932/811/131 933/810/131 930/819/131 929/820/131
f 931/813/132 932/812/132 929/821/132 928/822/132
f 927/823/151 924/824/151 920/825/151 923/826/151
f 926/827/152 927/828/152 923/829/152 922/830/152
f 925/831/153 926/832/153 922/833/153 921/834/153
f 924/835/154 925/836/154 921/837/154 920/838/154
f 923/826/151 920/825/151 916/839/151 919/840/151
f 2447/841/155 2351/842/155 2352/843/155
f 922/830/156 923/829/156 919/844/156 918/845/156
f 921/834/153 922/833/153 918/846/153 917/847/153
f 920/838/154 921/837/154 917/848/154 916/849/154
f 919/840/151 916/839/151 912/850/151 915/851/151
f 2776/852/157 2775/853/157 2950/854/157
f 918/845/156 919/844/156 915/855/156 914/856/156
f 917/847/153 918/846/153 914/857/153 913/858/153
f 916/849/154 917/848/154 913/859/154 912/860/154
f 915/851/151 912/850/151 908/861/151 911/862/151
f 914/856/156 915/855/156 911/863/156 910/864/156
f 913/858/153 914/857/153 910/865/153 909/866/153
f 2652/867/158 2653/868/158 2732/869/158
f 2650/870/159 2731/871/159 2653/872/159
f 912/860/154 913/859/154 909/873/154 908/874/154
f 911/862/160 908/861/160 904/144/160 907/143/160
f 910/864/161 911/863/161 907/875/161 906/876/161
f 909/866/153 910/865/153 906/877/153 905/878/153
f 908/874/154 909/873/154 905/167/154 904/166/154
f 28/879/162 25/880/162 900/881/162 903/882/162
f 27/883/163 28/884/163 903/885/163 902/886/163
f 26/887/164 27/888/164 902/889/164 901/890/164
f 25/891/165 26/892/165 901/893/165 900/894/165
f 903/882/162 900/881/162 896/895/162 899/896/162
f 902/886/163 903/885/163 899/897/163 898/898/163
f 901/890/164 902/889/164 898/899/164 897/900/164
f 900/894/165 901/893/165 897/901/165 896/902/165
f 2660/903/166 2665/904/166 2661/905/166
f 899/896/162 896/895/162 892/906/162 895/907/162
f 3034/908/167 3074/909/167 3033/910/167
f 898/898/163 899/897/163 895/911/163 894/912/163
f 897/900/164 898/899/164 894/913/164 893/914/164
f 896/902/165 897/901/165 893/915/165 892/916/165
f 895/907/162 892/906/162 888/917/162 891/918/162
f 2717/919/168 2714/920/168 2663/921/168
f 894/912/169 895/911/169 891/922/169 890/923/169
f 2949/924/170 2770/925/170 2774/926/170
f 893/914/164 894/913/164 890/927/164 889/928/164
f 892/916/165 893/915/165 889/929/165 888/930/165
f 891/918/162 888/917/162 884/931/162 887/932/162
f 890/923/163 891/922/163 887/933/163 886/934/163
f 889/928/171 890/927/171 886/935/171 885/936/171
f 888/930/172 889/929/172 885/937/172 884/938/172
f 887/932/162 884/931/162 880/939/162 883/940/162
f 886/934/163 887/933/163 883/941/163 882/942/163
f 885/936/164 886/935/164 882/943/164 881/944/164
f 884/938/165 885/937/165 881/945/165 880/946/165
f 2897/947/173 2898/948/173 2849/949/173
f 883/940/162 880/939/162 876/950/162 879/951/162
f 2900/952/174 2854/953/174 2855/954/174
f 882/942/163 883/941/163 879/955/163 878/956/163
f 881/944/164 882/943/164 878/957/164 877/958/164
f 880/946/172 881/945/172 877/959/172 876/960/172
f 879/951/162 876/950/162 872/961/162 875/962/162
f 878/956/163 879/955/163 875/963/163 874/964/163
f 877/958/164 878/957/164 874/965/164 873/966/164
f 876/960/165 877/959/165 873/967/165 872/968/165
f 875/962/162 872/961/162 868/969/162 871/970/162
f 874/964/163 875/963/163 871/971/163 870/972/163
f 2087/973/175 2088/974/175 3101/975/175
f 873/966/164 874/965/164 870/976/164 869/977/164
f 872/968/165 873/967/165 869/978/165 868/979/165
f 871/970/162 868/969/162 864/980/162 867/981/162
f 870/972/163 871/971/163 867/982/163 866/983/163
f 869/977/164 870/976/164 866/984/164 865/985/164
f 868/979/165 869/978/165 865/986/165 864/987/165
f 867/981/162 864/980/162 860/988/162 863/989/162
f 866/983/163 867/982/163 863/990/163 862/991/163
f 865/985/176 866/984/176 862/133/176 861/132/176
f 3071/992/177 3028/993/177 3027/994/177
f 864/987/178 865/986/178 861/995/178 860/996/178
f 859/161/179 856/997/179 852/998/179 855/999/179
f 858/1000/180 859/1001/180 855/1002/180 854/1003/180
f 857/1004/181 858/1005/181 854/1006/181 853/1007/181
f 856/1008/182 857/1009/182 853/1010/182 852/1011/182
f 2088/1012/183 3102/1013/183 3101/1014/183
f 855/999/179 852/998/179 848/1015/179 851/1016/179
f 3151/1017/184 4510/1018/184 3152/1019/184
f 854/1003/180 855/1002/180 851/1020/180 850/1021/180
f 853/1007/181 854/1006/181 850/1022/181 849/1023/181
f 3156/1024/185 3133/1025/185 3132/1026/185
f 3099/1027/186 3104/1028/186 3100/1029/186
f 852/1011/182 853/1010/182 849/1030/182 848/1031/182
f 851/1016/179 848/1015/179 844/1032/179 847/1033/179
f 3155/1034/187 3136/1035/187 3135/1036/187
f 850/1021/180 851/1020/180 847/1037/180 846/1038/180
f 2089/1039/188 3102/1013/188 2088/1012/188
f 849/1023/181 850/1022/181 846/1040/181 845/1041/181
f 848/1031/182 849/1030/182 845/1042/182 844/1043/182
f 847/1033/179 844/1032/179 840/1044/179 843/1045/179
f 846/1038/180 847/1037/180 843/1046/180 842/1047/180
f 845/1041/181 846/1040/181 842/1048/181 841/1049/181
f 844/1043/182 845/1042/182 841/1050/182 840/1051/182
f 843/1045/179 840/1044/179 836/1052/179 839/1053/179
f 842/1047/180 843/1046/180 839/1054/180 838/1055/180
f 841/1049/181 842/1048/181 838/1056/181 837/1057/181
f 840/1051/182 841/1050/182 837/1058/182 836/1059/182
f 839/1053/179 836/1052/179 832/1060/179 835/1061/179
f 838/1055/180 839/1054/180 835/1062/180 834/1063/180
f 837/1057/181 838/1056/181 834/1064/181 833/1065/181
f 836/1059/182 837/1058/182 833/1066/182 832/1067/182
f 3745/1068/189 3746/1069/189 4511/1070/189
f 4509/1071/190 3154/1072/190 4511/1073/190
f 835/1061/179 832/1060/179 828/1074/179 831/1075/179
f 834/1063/180 835/1062/180 831/1076/180 830/1077/180
f 833/1065/181 834/1064/181 830/1078/181 829/1079/181
f 832/1067/182 833/1066/182 829/1080/182 828/1081/182
f 831/1075/179 828/1074/179 824/1082/179 827/1083/179
f 830/1077/180 831/1076/180 827/1084/180 826/1085/180
f 829/1079/181 830/1078/181 826/1086/181 825/1087/181
f 828/1081/182 829/1080/182 825/1088/182 824/1089/182
f 827/1083/179 824/1082/179 821/1090/179 823/1091/179
f 3746/1092/191 3743/1093/191 4510/1094/191
f 826/1085/192 827/1084/192 823/1095/192 704/1096/192
f 825/1087/193 826/1086/193 704/135/193 822/137/193
f 3209/1097/194 3519/1098/194 3525/1099/194
f 824/1089/195 825/1088/195 822/1100/195 821/1101/195
f 24/1102/196 21/1103/196 817/1104/196 820/1105/196
f 23/1106/197 24/1107/197 820/1108/197 819/1109/197
f 3517/1110/198 3526/1111/198 3520/1112/198
f 22/1113/199 23/1114/199 819/1115/199 818/1116/199
f 21/1117/200 22/1118/200 818/1119/200 817/1120/200
f 820/1105/196 817/1104/196 813/1121/196 816/1122/196
f 819/1109/201 820/1108/201 816/1123/201 815/1124/201
f 818/1116/202 819/1115/202 815/1125/202 814/1126/202
f 3243/1127/203 3242/1128/203 3487/1129/203
f 817/1120/200 818/1119/200 814/1130/200 813/1131/200
f 816/1122/204 813/1121/204 809/1132/204 812/1133/204
f 815/1124/201 816/1123/201 812/1134/201 811/1135/201
f 3247/1136/205 3248/1137/205 3486/1138/205
f 3248/1139/206 3249/1140/206 3488/1141/206
f 3249/1142/207 3244/1143/207 3488/1144/207
f 814/1126/208 815/1125/208 811/1145/208 810/1146/208
f 813/1131/209 814/1130/209 810/1147/209 809/1148/209
f 812/1133/196 809/1132/196 805/1149/196 808/1150/196
f 3299/1151/210 3298/1152/210 3430/1153/210
f 811/1135/201 812/1134/201 808/1154/201 807/1155/201
f 3303/1156/211 3431/1157/211 3302/1158/211
f 3781/1159/212 6485/1160/212 6484/1161/212 3786/1162/212
f 810/1146/208 811/1145/208 807/1163/208 806/1164/208
f 3300/1165/213 3388/1166/213 3301/1167/213
f 3430/1168/214 3298/1169/214 3302/1170/214
f 809/1148/209 810/1147/209 806/1171/209 805/1172/209
f 3388/1166/215 3389/1173/215 3301/1167/215
f 3388/1174/216 3300/1175/216 3389/1176/216
f 3433/1177/217 3305/1178/217 3302/1170/217
f 3433/1177/218 3301/1179/218 3305/1178/218
f 3430/1180/219 6483/1180/219 6482/1180/219 3431/1180/219
f 3300/1181/220 3387/1182/220 3386/1176/220
f 808/1150/196 805/1149/196 801/1183/196 804/1184/196
f 807/1155/201 808/1154/201 804/1185/201 803/1186/201
f 3387/1187/221 3299/1151/221 3386/1188/221
f 3387/1189/222 3300/1190/222 3299/1191/222
f 806/1164/199 807/1163/199 803/1192/199 802/1193/199
f 805/1172/223 806/1171/223 802/1194/223 801/1195/223
f 3386/1188/224 3431/1157/224 3303/1156/224
f 804/1184/196 801/1183/196 797/1196/196 800/1197/196
f 803/1186/201 804/1185/201 800/1198/201 799/1199/201
f 802/1193/202 803/1192/202 799/1200/202 798/1201/202
f 801/1195/200 802/1194/200 798/1202/200 797/1203/200
f 800/1197/196 797/1196/196 793/1204/196 796/1205/196
f 3785/1206/225 3781/1207/225 3786/1208/225
f 799/1199/201 800/1198/201 796/1209/201 795/1210/201
f 798/1201/199 799/1200/199 795/1211/199 794/1212/199
f 797/1203/200 798/1202/200 794/1213/200 793/1214/200
f 3716/1215/226 3720/1216/226 3717/1217/226
f 796/1205/196 793/1204/196 789/1218/196 792/1219/196
f 795/1210/197 796/1209/197 792/1220/197 791/1221/197
f 794/1212/199 795/1211/199 791/1222/199 790/1223/199
f 793/1214/200 794/1213/200 790/1224/200 789/1225/200
f 792/1219/196 789/1218/196 785/1226/196 788/1227/196
f 791/1221/201 792/1220/201 788/1228/201 787/1229/201
f 790/1223/199 791/1222/199 787/1230/199 786/1231/199
f 3941/1232/227 3841/1233/227 3842/1234/227
f 3611/1235/228 3717/1236/228 3614/1237/228
f 3839/1238/229 3941/1239/229 3842/1240/229
f 789/1225/209 790/1224/209 786/1241/209 785/1242/209
f 788/1227/196 785/1226/196 781/1243/196 784/1244/196
f 787/1229/201 788/1228/201 784/1245/201 783/1246/201
f 786/1231/199 787/1230/199 783/1247/199 782/1248/199
f 785/1242/200 786/1241/200 782/1249/200 781/1250/200
f 784/1244/196 781/1243/196 777/1251/196 780/1252/196
f 783/1246/201 784/1245/201 780/1253/201 779/1254/201
f 782/1248/199 783/1247/199 779/1255/199 778/1256/199
f 781/1250/200 782/1249/200 778/1257/200 777/1258/200
f 780/1252/196 777/1251/196 773/1259/196 776/1260/196
f 779/1254/201 780/1253/201 776/1261/201 775/1262/201
f 778/1256/208 779/1255/208 775/1263/208 774/1264/208
f 777/1258/200 778/1257/200 774/1265/200 773/1266/200
f 3781/1267/230 3785/1268/230 3782/1269/230
f 3781/1270/231 3784/1271/231 3783/1272/231
f 776/1260/196 773/1259/196 769/1273/196 772/1274/196
f 3786/1275/232 4335/1276/232 4336/1277/232
f 775/1262/201 776/1261/201 772/1278/201 771/1279/201
f 774/1264/199 775/1263/199 771/1280/199 770/1281/199
f 773/1266/209 774/1265/209 770/1282/209 769/1283/209
f 772/1274/196 769/1273/196 765/1284/196 768/1285/196
f 3783/1286/233 4334/1287/233 4335/1288/233
f 771/1279/201 772/1278/201 768/1289/201 767/1290/201
f 3784/1271/234 3781/1270/234 3780/1291/234
f 770/1281/199 771/1280/199 767/1292/199 766/1293/199
f 769/1283/200 770/1282/200 766/1294/200 765/1295/200
f 768/1285/196 765/1284/196 761/1296/196 764/1297/196
f 767/1290/201 768/1289/201 764/1298/201 763/1299/201
f 766/1293/199 767/1292/199 763/1300/199 762/1301/199
f 765/1295/209 766/1294/209 762/1302/209 761/1303/209
f 3840/1304/235 3940/1305/235 3839/1306/235
f 3914/1307/236 3905/1308/236 3913/1309/236
f 764/1297/196 761/1296/196 757/1310/196 760/1311/196
f 763/1299/201 764/1298/201 760/1312/201 759/1313/201
f 3814/1314/237 3813/1315/237 3841/1316/237
f 762/1301/199 763/1300/199 759/1317/199 758/1318/199
f 761/1303/200 762/1302/200 758/1319/200 757/1320/200
f 760/1311/196 757/1310/196 753/1321/196 756/1322/196
f 759/1313/201 760/1312/201 756/1323/201 755/1324/201
f 758/1318/199 759/1317/199 755/1325/199 754/1326/199
f 757/1320/200 758/1319/200 754/1327/200 753/1328/200
f 756/1322/196 753/1321/196 749/1329/196 752/1330/196
f 3901/1331/238 3900/1332/238 3904/1333/238
f 3913/1334/239 3905/1335/239 3904/1336/239
f 755/1324/201 756/1323/201 752/1337/201 751/1338/201
f 754/1326/199 755/1325/199 751/1339/199 750/1340/199
f 753/1328/200 754/1327/200 750/1341/200 749/1342/200
f 752/1330/196 749/1329/196 745/1343/196 748/1344/196
f 751/1338/201 752/1337/201 748/1345/201 747/1346/201
f 3902/1347/240 3911/1348/240 3912/1349/240
f 750/1340/199 751/1339/199 747/1350/199 746/1351/199
f 749/1342/200 750/1341/200 746/1352/200 745/1353/200
f 4049/1354/241 4050/1355/241 4100/1356/241
f 748/1344/196 745/1343/196 741/1357/196 744/1358/196
f 747/1346/201 748/1345/201 744/1359/201 743/1360/201
f 746/1351/208 747/1350/208 743/1361/208 742/1362/208
f 745/1353/200 746/1352/200 742/1363/200 741/1364/200
f 744/1358/196 741/1357/196 737/1365/196 740/1366/196
f 743/1360/201 744/1359/201 740/1367/201 739/1368/201
f 742/1362/199 743/1361/199 739/1369/199 738/1370/199
f 741/1364/209 742/1363/209 738/1371/209 737/1372/209
f 740/1366/242 737/1365/242 17/1373/242 20/1374/242
f 739/1368/243 740/1367/243 20/1375/243 19/1376/243
f 3965/1377/244 3962/1378/244 3961/1379/244
f 738/1370/245 739/1369/245 19/1380/245 18/1381/245
f 737/1372/246 738/1371/246 18/1382/246 17/1383/246
f 20/1374/247 17/1373/247 733/1384/247 736/1385/247
f 4173/1386/248 4174/1387/248 3959/1388/248
f 19/1376/249 20/1375/249 736/1389/249 735/1390/249
f 18/1381/250 19/1380/250 735/1391/250 734/1392/250
f 17/1383/251 18/1382/251 734/1393/251 733/1394/251
f 736/1385/252 733/1384/252 729/1395/252 732/1396/252
f 735/1390/253 736/1389/253 732/1397/253 731/1398/253
f 734/1392/254 735/1391/254 731/1399/254 730/1400/254
f 733/1394/255 734/1393/255 730/1401/255 729/1402/255
f 4044/1403/256 4047/1404/256 4101/1405/256
f 732/1396/252 729/1395/252 725/1406/252 728/1407/252
f 4117/1408/257 4114/1409/257 4156/1410/257
f 4116/1411/258 4117/1412/258 4156/1413/258
f 731/1398/253 732/1397/253 728/1414/253 727/1415/253
f 4154/1416/259 4155/1417/259 4112/1418/259
f 730/1400/254 731/1399/254 727/1419/254 726/1420/254
f 729/1402/255 730/1401/255 726/1421/255 725/1422/255
f 728/1407/252 725/1406/252 721/1423/252 724/1424/252
f 727/1415/253 728/1414/253 724/1425/253 723/1426/253
f 726/1420/254 727/1419/254 723/1427/254 722/1428/254
f 725/1422/255 726/1421/255 722/1429/255 721/1430/255
f 724/1424/252 721/1423/252 717/1431/252 720/1432/252
f 4131/1433/260 4163/1434/260 4130/1435/260
f 723/1426/253 724/1425/253 720/1436/253 719/1437/253
f 4115/1438/261 4116/1439/261 4154/1440/261
f 722/1428/254 723/1427/254 719/1441/254 718/1442/254
f 721/1430/255 722/1429/255 718/1443/255 717/1444/255
f 720/1432/252 717/1431/252 713/1445/252 716/1446/252
f 719/1437/253 720/1436/253 716/1447/253 715/1448/253
f 718/1442/254 719/1441/254 715/1449/254 714/1450/254
f 717/1444/255 718/1443/255 714/1451/255 713/1452/255
f 716/1446/252 713/1445/252 709/1453/252 712/1454/252
f 715/1448/253 716/1447/253 712/1455/253 711/1456/253
f 714/1450/254 715/1449/254 711/1457/254 710/1458/254
f 4132/1459/262 4133/1460/262 4168/1461/262
f 713/1452/255 714/1451/255 710/1462/255 709/1463/255
f 712/1454/252 709/1453/252 705/1464/252 708/1465/252
f 711/1456/253 712/1455/253 708/1466/253 707/1467/253
f 710/1458/254 711/1457/254 707/1468/254 706/1469/254
f 709/1463/255 710/1462/255 706/1470/255 705/1471/255
f 708/1465/263 705/1464/263 6424/1472/263 6421/1473/263
f 4233/1474/264 4234/1475/264 4193/1476/264
f 707/1467/265 708/1466/265 6421/1477/265 6422/1478/265
f 706/1469/254 707/1468/254 6422/1479/254 6423/1480/254
f 705/1471/255 706/1470/255 6423/1481/255 6424/1482/255
f 700/1483/266 697/1484/266 693/1485/266 696/1486/266
f 4235/1487/267 4236/1488/267 4198/1489/267
f 699/1490/268 700/1491/268 696/1492/268 695/1493/268
f 698/1494/269 699/1495/269 695/1496/269 694/1497/269
f 697/1498/270 698/98/270 694/1499/270 693/1500/270
f 696/1486/266 693/1485/266 689/1501/266 692/1502/266
f 695/1493/268 696/1492/268 692/1503/268 691/1504/268
f 4408/1505/271 4488/1506/271 4407/1507/271
f 4359/1508/272 4360/1509/272 4422/1510/272
f 694/1497/269 695/1496/269 691/1511/269 690/1512/269
f 4487/1513/273 4354/1514/273 4406/1515/273
f 693/1500/270 694/1499/270 690/1516/270 689/1517/270
f 692/1502/266 689/1501/266 685/1518/266 688/1519/266
f 691/1504/274 692/1503/274 688/1520/274 687/1521/274
f 690/1512/269 691/1511/269 687/1522/269 686/1523/269
f 689/1517/270 690/1516/270 686/1524/270 685/1525/270
f 688/1519/275 685/1518/275 69/1526/275 72/1527/275
f 687/1521/276 688/1520/276 72/1528/276 71/1529/276
f 686/1523/277 687/1522/277 71/1530/277 70/1531/277
f 685/1525/278 686/1524/278 70/1532/278 69/1533/278
f 684/1534/279 681/1535/279 677/540/279 680/539/279
f 683/1536/280 684/1537/280 680/1538/280 679/1539/280
f 682/1540/281 683/1541/281 679/1542/281 678/1543/281
f 4358/1544/282 4418/1545/282 4357/1546/282
f 681/1547/283 682/1548/283 678/1549/283 677/1550/283
f 16/1551/284 13/1552/284 673/1553/284 676/1554/284
f 15/1555/285 16/1556/285 676/1557/285 675/1558/285
f 14/1559/286 15/1560/286 675/1561/286 674/1562/286
f 13/1563/287 14/1564/287 674/1565/287 673/1566/287
f 4527/1567/288 4541/1568/288 4524/1569/288
f 676/1554/289 673/1553/289 669/1570/289 672/1571/289
f 4525/1572/290 4529/1573/290 4728/1574/290
f 675/1558/291 676/1557/291 672/1575/291 671/1576/291
f 674/1562/292 675/1561/292 671/1577/292 670/1578/292
f 673/1566/293 674/1565/293 670/1579/293 669/1580/293
f 672/1571/289 669/1570/289 665/1581/289 668/1582/289
f 4542/1583/294 4730/1584/294 4531/1585/294
f 4542/1586/295 4527/1587/295 4730/1588/295
f 671/1576/291 672/1575/291 668/1589/291 667/1590/291
f 670/1578/292 671/1577/292 667/1591/292 666/1592/292
f 669/1580/293 670/1579/293 666/1593/293 665/1594/293
f 668/1582/289 665/1581/289 661/1595/289 664/1596/289
f 667/1590/291 668/1589/291 664/1597/291 663/1598/291
f 666/1592/292 667/1591/292 663/1599/292 662/1600/292
f 665/1594/293 666/1593/293 662/1601/293 661/1602/293
f 664/1596/289 661/1595/289 657/1603/289 660/1604/289
f 663/1598/291 664/1597/291 660/1605/291 659/1606/291
f 662/1600/292 663/1599/292 659/1607/292 658/1608/292
f 661/1602/293 662/1601/293 658/1609/293 657/1610/293
f 660/1604/289 657/1603/289 6417/1611/289 6420/1612/289
f 659/1606/296 660/1605/296 6420/1613/296 6419/1614/296
f 658/1608/297 659/1607/297 6419/1615/297 6418/1616/297
f 657/1610/298 658/1609/298 6418/1617/298 6417/1618/298
f 12/1619/299 9/1620/299 649/1621/299 652/1622/299
f 11/1623/300 12/1624/300 652/1625/300 651/1626/300
f 10/1627/301 11/1628/301 651/1629/301 650/1630/301
f 9/1631/302 10/1632/302 650/1633/302 649/1634/302
f 652/1622/303 649/1621/303 645/1635/303 648/1636/303
f 4615/1637/304 4603/1638/304 4575/1639/304
f 651/1626/305 652/1625/305 648/1640/305 647/1641/305
f 650/1630/306 651/1629/306 647/1642/306 646/1643/306
f 4615/1644/307 4602/1645/307 4612/1334/307
f 649/1634/308 650/1633/308 646/1646/308 645/1647/308
f 648/1636/303 645/1635/303 641/1648/303 644/1649/303
f 647/1641/305 648/1640/305 644/1650/305 643/1651/305
f 646/1643/306 647/1642/306 643/1652/306 642/1653/306
f 645/1647/308 646/1646/308 642/1654/308 641/1655/308
f 644/1649/303 641/1648/303 637/1656/303 640/1657/303
f 643/1651/305 644/1650/305 640/1658/305 639/1659/305
f 642/1653/306 643/1652/306 639/1660/306 638/1661/306
f 641/1655/308 642/1654/308 638/1662/308 637/1663/308
f 640/1657/309 637/1656/309 633/55/309 636/1664/309
f 639/1659/310 640/1658/310 636/1665/310 635/1666/310
f 638/1661/306 639/1660/306 635/1667/306 634/1668/306
f 637/1663/308 638/1662/308 634/1669/308 633/1670/308
f 632/13/311 629/30/311 625/1671/311 628/1672/311
f 4577/1180/219 6513/1180/219 6512/1180/219 4578/1180/219
f 631/66/312 632/68/312 628/1673/312 627/1674/312
f 630/1675/313 631/1676/313 627/1677/313 626/1678/313
f 629/57/314 630/56/314 626/1679/314 625/1680/314
f 628/1672/311 625/1671/311 621/1681/311 624/1682/311
f 4677/1683/315 4569/1684/315 4672/1685/315
f 627/1674/312 628/1673/312 624/1686/312 623/1687/312
f 626/1678/313 627/1677/313 623/1688/313 622/1689/313
f 625/1680/314 626/1679/314 622/1690/314 621/1691/314
f 624/1682/316 621/1681/316 5/1692/316 8/1693/316
f 623/1687/317 624/1686/317 8/1694/317 7/1695/317
f 4568/1696/318 4677/1697/318 4676/1698/318
f 622/1689/319 623/1688/319 7/1699/319 6/1700/319
f 4568/1696/320 4678/1701/320 4677/1697/320
f 621/1691/321 622/1690/321 6/1702/321 5/1703/321
f 8/1693/322 5/1692/322 617/1704/322 620/1705/322
f 7/1695/323 8/1694/323 620/1706/323 619/1707/323
f 5001/1708/324 4964/1709/324 4961/1710/324
f 6/1700/325 7/1699/325 619/1711/325 618/1712/325
f 5/1703/326 6/1702/326 618/1713/326 617/1714/326
f 4910/1715/327 5001/1716/327 4961/1717/327
f 620/1705/328 617/1704/328 613/1718/328 616/1719/328
f 619/1707/329 620/1706/329 616/1720/329 615/1721/329
f 4718/1722/330 4690/1723/330 4687/1724/330
f 618/1712/331 619/1711/331 615/1725/331 614/1726/331
f 617/1714/332 618/1713/332 614/1727/332 613/1728/332
f 616/1719/328 613/1718/328 609/1729/328 612/1730/328
f 615/1721/329 616/1720/329 612/1731/329 611/1732/329
f 4683/1733/333 4718/1734/333 4715/1735/333
f 614/1726/331 615/1725/331 611/1736/331 610/1737/331
f 613/1728/332 614/1727/332 610/1738/332 609/1739/332
f 612/1730/328 609/1729/328 605/1740/328 608/1741/328
f 611/1732/329 612/1731/329 608/1742/329 607/1743/329
f 610/1737/331 611/1736/331 607/1744/331 606/1745/331
f 609/1739/332 610/1738/332 606/1746/332 605/1747/332
f 608/1741/328 605/1740/328 1/1748/328 4/1749/328
f 607/1743/329 608/1742/329 4/1750/329 3/1751/329
f 4741/1752/334 4738/1753/334 4737/1754/334
f 606/1745/331 607/1744/331 3/1755/331 2/1756/331
f 605/1747/332 606/1746/332 2/1757/332 1/1758/332
f 604/1759/335 601/1760/335 597/1761/335 600/1762/335
f 4739/1763/336 5217/1764/336 5216/1765/336
f 603/1766/337 604/1767/337 600/1768/337 599/1769/337
f 602/1770/338 603/1771/338 599/1772/338 598/1773/338
f 601/1774/339 602/1775/339 598/1776/339 597/1777/339
f 600/1762/335 597/1761/335 593/1778/335 596/675/335
f 4791/1779/340 4894/1780/340 4794/1781/340
f 599/1769/337 600/1768/337 596/752/337 595/732/337
f 4936/1782/341 4933/1783/341 4776/1784/341
f 598/1773/338 599/1772/338 595/1785/338 594/1786/338
f 597/1777/339 598/1776/339 594/1787/339 593/1788/339
f 592/1789/342 591/1790/342 590/1791/342 589/1792/342
f 588/1793/343 587/1794/343 586/1795/343 585/1796/343
f 576/1797/344 575/1798/344 574/1799/344 573/1800/344
f 572/1801/345 571/1802/345 570/1803/345 569/1804/345
f 568/1805/346 567/1806/346 566/1807/346 565/1808/346
f 564/1809/347 563/1810/347 562/1811/347 561/1812/347
f 556/1813/348 555/1814/348 554/1815/348 553/1816/348
f 4771/1817/349 4909/1818/349 4910/1819/349
f 552/1820/350 551/1821/350 550/1822/350 549/1823/350
f 548/1824/351 547/1825/351 546/1826/351 545/1827/351
f 528/1828/352 527/1829/352 526/1830/352 525/1831/352
f 4896/1832/353 4793/1833/353 4792/1834/353
f 524/1835/354 523/1836/354 522/1837/354 521/1838/354
f 4911/1839/355 5003/1840/355 4964/1841/355
f 512/1842/356 511/1843/356 510/1844/356 509/1845/356
f 508/1846/357 507/1847/357 506/1848/357 505/1849/357
f 488/1850/358 487/1851/358 486/1852/358 485/1853/358
f 484/1854/359 483/1855/359 482/1856/359 481/1857/359
f 480/1858/360 479/1859/360 478/1860/360 477/1861/360
f 476/1862/361 475/1863/361 474/1864/361 473/1865/361
f 472/1866/362 471/1867/362 470/1868/362 469/1869/362
f 468/1870/363 467/1871/363 466/1872/363 465/1873/363
f 456/1874/364 455/1875/364 454/1876/364 453/1877/364
f 452/1878/365 451/1879/365 450/1880/365 449/1881/365
f 448/1882/366 447/1883/366 446/1865/366 445/1884/366
f 444/1885/367 443/1886/367 442/1887/367 441/1888/367
f 436/1889/368 435/1890/368 434/1891/368 433/1858/368
f 4814/1892/369 4869/1893/369 4813/1894/369
f 4814/1895/370 4811/1896/370 4868/1897/370
f 5123/1898/371 5203/1899/371 5127/1900/371
f 432/1901/372 431/1902/372 430/1903/372 429/1904/372
f 428/1905/373 427/1906/373 426/1907/373 425/1908/373
f 424/1909/374 423/1910/374 422/1911/374 421/1912/374
f 420/1913/375 419/1914/375 418/1915/375 417/1916/375
f 4813/1917/376 4869/1918/376 4867/1919/376
f 412/1920/377 411/1921/377 410/1922/377 409/1923/377
f 4775/1924/378 4778/1925/378 4935/1926/378
f 408/1927/379 407/1928/379 406/1929/379 405/1930/379
f 404/1931/380 403/1932/380 402/1933/380 401/1934/380
f 400/1935/381 399/1936/381 398/1937/381 397/1938/381
f 4811/1939/382 4812/1940/382 4809/1941/382
f 396/1942/383 395/1943/383 394/1944/383 393/1866/383
f 380/1945/384 379/1946/384 378/1947/384 377/1948/384
f 376/1949/385 375/1950/385 374/1951/385 373/1809/385
f 372/1952/386 371/1953/386 370/1954/386 369/1955/386
f 368/1956/387 367/1957/387 366/1958/387 365/1959/387
f 364/1960/388 363/1961/388 362/1962/388 361/1963/388
f 360/1964/389 359/1965/389 358/1966/389 357/1967/389
f 356/1968/390 355/1969/390 354/1970/390 353/1971/390
f 352/1972/391 351/1973/391 350/1974/391 349/1975/391
f 348/1976/392 347/1977/392 346/1978/392 345/1979/392
f 5063/1980/393 5012/1981/393 5015/1982/393
f 336/1983/394 335/1984/394 334/1985/394 333/1986/394
f 332/1987/395 331/1988/395 330/1989/395 329/1990/395
f 5060/1991/396 5061/1992/396 5013/1993/396
f 328/1994/397 327/1995/397 326/1996/397 325/1997/397
f 300/1998/398 299/1902/398 298/1999/398 297/2000/398
f 5060/2001/399 5014/2002/399 5061/2003/399
f 5060/2001/400 5063/2004/400 5014/2002/400
f 296/2005/401 295/2006/401 294/2007/401 293/2008/401
f 5015/2009/402 5012/2010/402 5000/2011/402
f 292/2012/403 291/2013/403 290/2014/403 289/2015/403
f 272/2016/404 271/1882/404 270/2017/404 269/2018/404
f 264/2019/405 263/2020/405 262/2021/405 261/2022/405
f 260/2023/406 259/2024/406 258/2025/406 257/2026/406
f 256/2027/407 255/2028/407 254/2029/407 253/1943/407
f 5014/2002/408 5063/2004/408 5062/2030/408
f 5063/2004/409 5015/2031/409 5062/2030/409
f 5117/2032/410 6553/2032/410 6552/2033/410 5228/2034/410
f 5118/2035/411 5229/2036/411 5226/2037/411
f 240/2038/412 239/2039/412 238/2040/412 237/2041/412
f 236/2042/413 235/1813/413 234/2043/413 233/2044/413
f 220/2045/414 219/2046/414 218/2047/414 217/2048/414
f 5126/2049/415 5201/2050/415 5125/2051/415
f 216/2052/416 215/2053/416 214/2054/416 213/2055/416
f 192/2056/417 191/2057/417 190/2058/417 189/2028/417
f 188/2059/418 187/2060/418 186/2061/418 185/2062/418
f 184/2063/419 183/2064/419 182/2065/419 181/2066/419
f 180/2067/420 179/2068/420 178/2069/420 177/2070/420
f 176/2053/421 175/2071/421 174/2072/421 173/2073/421
f 164/2074/422 163/2075/422 162/2076/422 161/2077/422
f 160/2078/423 159/2079/423 158/2080/423 157/2081/423
f 156/2082/424 155/2083/424 154/2084/424 153/2085/424
f 5119/2086/425 5116/2087/425 5224/2088/425
f 152/2089/426 151/2090/426 150/2091/426 149/2092/426
f 140/2093/427 139/2094/427 138/2095/427 137/2096/427
f 128/2097/428 127/2098/428 126/2099/428 125/2100/428
f 124/2101/429 123/2102/429 122/2103/429 121/2104/429
f 112/2105/430 111/2106/430 110/2107/430 109/2108/430
f 108/2109/431 107/2110/431 106/2111/431 105/2112/431
f 104/2078/432 103/2113/432 102/2114/432 101/2115/432
f 96/2116/433 95/2117/433 94/2118/433 93/2119/433
f 92/2120/434 91/2121/434 90/2122/434 89/2123/434
f 88/2124/435 87/2125/435 86/2126/435 85/2127/435
f 5228/2128/436 5229/2129/436 5118/2130/436
f 5117/2131/437 5228/2128/437 5118/2130/437
f 84/2132/438 83/2133/438 82/2134/438 81/2135/438
f 68/2136/439 67/2137/439 66/2138/439 65/2139/439
f 64/2059/440 63/2140/440 62/2141/440 61/2142/440
f 60/2143/441 59/2144/441 58/2145/441 57/2146/441
f 52/2147/442 51/2148/442 50/2149/442 49/2150/442
f 5369/2151/443 5252/2152/443 5253/2153/443
f 48/181/444 47/180/444 46/2154/444 45/2155/444
f 40/2156/445 39/2157/445 38/2158/445 37/2159/445
f 36/2160/446 35/2161/446 34/2162/446 33/2163/446
f 32/2164/447 31/2165/447 30/2166/447 29/2167/447
f 28/884/448 27/883/448 26/2168/448 25/2169/448
f 6364/2170/449 6578/2171/449 6577/2172/449 6363/2173/449
f 6363/2174/450 6577/2175/450 6576/2176/450 6285/2176/450
f 6285/1180/219 6576/1180/219 6572/1180/219 6286/1180/219
f 5247/2177/451 5250/2178/451 5370/2179/451
f 5975/2180/452 6575/2180/452 6573/2181/452 5892/2182/452
f 5892/2182/453 6573/2181/453 6574/2183/453 5893/2184/453
f 5893/2185/454 6574/2186/454 5976/2187/454 5896/2188/454
f 5612/1180/219 6565/1180/219 6571/1180/219 5609/1180/219
f 5609/2189/455 6571/2189/455 6570/2190/455 5647/2191/455
f 5647/2192/456 6570/2193/456 6569/2194/456 5611/2194/456
f 5304/2195/457 5272/2196/457 5268/2197/457
f 5446/2198/458 5472/2199/458 6567/2200/458 5473/2200/458
f 5473/1180/219 6567/1180/219 6566/1180/219 5474/1180/219
f 5271/2201/459 5270/2202/459 5274/2203/459
f 5474/1180/219 6566/1180/219 6568/1180/219 5471/1180/219
f 5370/1180/219 6562/1180/219 6555/1180/219 5254/1180/219
f 5254/2204/460 6555/2204/460 6564/2205/460 5253/2206/460
f 5253/2207/461 6564/2208/461 6563/2209/461 5369/2209/461
f 5219/1180/219 6559/1180/219 6561/1180/219 5216/1180/219
f 5216/2210/462 6561/2210/462 6560/2211/462 4739/2212/462
f 5440/2213/463 5444/2214/463 5441/2215/463
f 5481/2216/464 5484/2217/464 5485/2218/464
f 5391/2219/465 5367/2220/465 5390/2221/465
f 4739/2222/466 6560/2223/466 5218/2224/466 4742/2225/466
f 5127/2226/467 5200/2227/467 6558/2228/467 5126/2229/467
f 5392/2230/468 5389/2231/468 5368/2232/468
f 5126/2233/469 6558/2234/469 6557/2235/469 5202/2235/469
f 5202/1180/219 6557/1180/219 6556/1180/219 5203/1180/219
f 5359/2236/470 5375/2237/470 5358/2238/470
f 5228/2239/471 6552/2240/471 6551/2241/471 5119/2241/471
f 5119/1180/219 6551/1180/219 6554/1180/219 5116/1180/219
f 5116/1180/219 6554/1180/219 6553/1180/219 5117/1180/219
f 5062/2242/472 6547/2243/472 6550/2244/472 5014/2245/472
f 5360/2246/473 5357/2247/473 5374/2248/473
f 5060/2249/474 6544/2250/474 6543/2251/474 5063/2252/474
f 5063/1190/475 6543/2253/475 6546/2254/475 5012/2254/475
f 5012/1180/219 6546/1180/219 6545/1180/219 5013/1180/219
f 5003/2255/476 6539/2255/476 6542/2256/476 4964/2257/476
f 4964/2258/477 6542/2259/477 6541/2260/477 4963/2261/477
f 4963/2262/478 6541/2263/478 6540/2264/478 5002/2264/478
f 4896/2265/479 6537/2266/479 6536/2267/479 4793/2267/479
f 4793/1180/219 6536/1180/219 6532/1180/219 4794/1180/219
f 4794/1180/219 6532/1180/219 6538/1180/219 4791/1180/219
f 4936/2268/480 4777/2269/480 6533/2270/480 4935/2271/480
f 4935/2272/481 6533/2273/481 6535/2274/481 4775/2274/481
f 5446/2275/482 5473/2276/482 5445/2277/482
f 4775/1180/219 6535/1180/219 6534/1180/219 4776/1180/219
f 4730/2278/483 6525/2278/483 6531/2279/483 4530/2280/483
f 4530/2281/484 6531/2282/484 6530/2283/484 4728/2283/484
f 4728/1180/219 6530/1180/219 6526/1180/219 4729/1180/219
f 4715/1180/219 6529/1180/219 6528/1180/219 4716/1180/219
f 4716/2284/485 6528/2284/485 4717/2285/485 4687/1724/485
f 4687/1724/486 4717/2285/486 6527/1722/486 4718/1722/486
f 4570/2286/487 6522/2287/487 6523/2288/487 4571/2289/487
f 4571/2289/488 6523/2288/488 6524/2290/488 6509/2291/488
f 6509/2291/489 6524/2290/489 6521/2289/489 6503/2289/489
f 6503/2292/490 6521/2292/490 6522/2293/490 6507/2294/490
f 5483/2295/491 5603/2296/491 5486/2297/491
f 4602/2298/492 6520/2299/492 6519/2300/492 4613/2300/492
f 4613/1180/219 6519/1180/219 6518/1180/219 4614/1180/219
f 4614/1180/219 6518/1180/219 6517/1180/219 4615/1180/219
f 4615/2301/493 6514/2302/493 6510/2303/493 4603/2303/493
f 5536/2304/494 5537/2305/494 5566/2306/494
f 4603/1180/219 6510/1180/219 6516/1180/219 4600/1180/219
f 4600/2307/495 6516/2307/495 6515/2308/495 4612/2309/495
f 4578/2310/496 6512/2310/496 6511/2311/496 4623/2312/496
f 5809/2313/497 5808/2314/497 5761/2315/497
f 4623/2312/498 6511/2311/498 4576/2316/498 4622/2317/498
f 5534/2318/499 5563/2319/499 5531/2320/499
f 4622/2321/500 4576/2322/500 6513/2323/500 4577/2323/500
f 4678/2324/501 6508/2325/501 6507/2326/501 4570/2326/501
f 4718/1180/219 6527/1180/219 6529/1180/219 4715/1180/219
f 4527/2327/502 6506/2328/502 6505/2329/502 4730/2330/502
f 4730/2331/503 6505/2332/503 6504/2333/503 4729/2334/503
f 4729/2335/504 6504/2336/504 4540/2337/504 4526/2338/504
f 5611/2339/505 5610/2340/505 5647/2341/505
f 4528/1180/219 6502/1180/219 6501/1180/219 4529/1180/219
f 4529/2342/506 6501/2342/506 6500/2343/506 4727/2344/506
f 4727/2345/507 6500/2346/507 6487/2347/507 4531/2347/507
f 4197/1180/219 6499/1180/219 6498/1180/219 4198/1180/219
f 4198/2348/508 6498/2348/508 4199/2349/508 4235/2350/508
f 4235/2351/509 4199/2352/509 6497/2353/509 4234/2354/509
f 5612/2355/510 5609/2356/510 5645/2357/510
f 4173/1180/219 6496/1180/219 6495/1180/219 4174/1180/219
f 4174/1180/219 6495/1180/219 6494/1180/219 4175/1180/219
f 4175/2358/511 6494/2358/511 4176/2359/511 3982/2360/511
f 4133/2361/512 6491/2362/512 6493/2363/512 4165/2363/512
f 4165/1180/219 6493/1180/219 6492/1180/219 4166/1180/219
f 5688/2364/513 5877/2365/513 5878/2366/513
f 4166/2367/514 6492/2367/514 4167/2368/514 4130/2369/514
f 5686/2370/515 5690/2371/515 5683/2372/515
f 3913/2373/516 6488/2374/516 3906/2375/516 3912/2376/516
f 3912/2376/517 3906/2375/517 6490/2377/517 3903/2377/517
f 3903/1180/219 6490/1180/219 6489/1180/219 3904/1180/219
f 3786/1180/219 6484/1180/219 6480/1180/219 4335/1180/219
f 4335/1288/518 6480/2378/518 6486/1286/518 3783/1286/518
f 3783/2379/519 6486/2379/519 6485/2380/519 3781/2381/519
f 3431/2382/520 6482/2382/520 3432/2383/520 6481/2384/520 3302/2385/520
f 5811/2386/521 5807/2387/521 5810/2388/521
f 3302/2389/522 6481/2390/522 6483/2391/522 3430/2391/522
f 3300/2392/523 6478/2393/523 6477/2394/523 6476/2395/523 3389/2395/523
f 3389/1180/219 6476/1180/219 6479/1180/219 3386/1180/219
f 3138/1180/219 6472/1180/219 6475/1180/219 3135/1180/219
f 3135/2396/524 6475/2396/524 6474/2397/524 3155/2398/524
f 3155/2399/525 6474/2400/525 6473/2401/525 3137/2401/525
f 2773/1180/219 6471/1180/219 6470/1180/219 2774/1180/219
f 2774/2402/526 6470/2402/526 6469/2403/526 2950/2404/526
f 5759/2405/527 5814/2406/527 5762/2407/527
f 2950/2408/528 6469/2409/528 6462/2410/528 2776/2410/528
f 2133/2411/529 6466/2412/529 2630/2413/529 2132/2414/529
f 2132/2415/530 2630/2416/530 6468/2417/530 2631/2417/530
f 2631/1180/219 6468/1180/219 6467/1180/219 2632/1180/219
f 2536/2418/531 6465/2419/531 6464/2420/531 2265/2420/531
f 5812/2421/532 5813/2422/532 5760/2423/532
f 2265/1180/219 6464/1180/219 6463/1180/219 2266/1180/219
f 5891/2424/533 5975/2425/533 5892/2426/533
f 2266/2145/534 6463/2145/534 2263/2427/534 2537/2428/534
f 5895/2429/535 5896/2430/535 5975/2431/535
f 6113/2432/536 6114/2433/536 5990/2434/536
f 2096/2435/537 6460/2435/537 6461/2436/537 2092/2437/537
f 2092/2438/538 6461/2439/538 6458/2440/538 6455/2441/538
f 6455/2442/539 6458/2443/539 6459/2444/539 6451/2445/539
f 2092/2446/540 6455/2447/540 6456/2446/540 6457/2448/540 2091/2448/540
f 6114/2433/541 5993/2449/541 5990/2434/541
f 6058/2450/542 6059/2451/542 6030/2452/542
f 2091/2453/543 6457/2453/543 6451/743/543 2096/745/543
f 2050/2454/544 6453/2454/544 2051/2455/544 1960/2456/544
f 1960/2457/545 2051/2458/545 6452/2459/545 1959/2460/545
f 1959/2461/546 6452/2462/546 6454/2463/546 2049/2463/546
f 5991/2464/547 5992/2465/547 5973/2466/547
f 1765/1180/219 6448/1180/219 6444/1180/219 1766/1180/219
f 1766/2467/548 6444/2467/548 6450/2468/548 1859/2469/548
f 5993/2470/549 6115/2471/549 5992/2472/549
f 1859/2473/550 6450/2474/550 6449/2475/550 1764/2475/550
f 1695/2476/551 6447/2476/551 6446/2477/551 1731/2478/551
f 1731/2479/552 6446/2480/552 1697/2481/552 1734/2482/552
f 1734/2482/553 1697/2481/553 6445/2483/553 1698/2483/553
f 6031/2484/554 6034/2485/554 6035/2486/554
f 1521/2487/555 6440/2488/555 6443/2489/555 1520/2490/555
f 1520/2490/556 6443/2489/556 6442/2491/556 1460/2491/556
f 6037/2492/557 6060/2493/557 6036/2494/557
f 1460/1180/219 6442/1180/219 6441/1180/219 1461/1180/219
f 1393/2495/558 6439/2496/558 6438/2497/558 1452/2497/558
f 1452/1180/219 6438/1180/219 6437/1180/219 1453/1180/219
f 1453/2498/559 6437/2498/559 6436/2499/559 1394/2500/559
f 1454/2501/560 6433/2502/560 6429/2503/560 1394/2503/560
f 6059/2504/561 6037/2505/561 6034/2506/561
f 1394/1180/219 6429/1180/219 6435/1180/219 1391/1180/219
f 6197/2507/562 6198/2508/562 6153/2509/562
f 634/1669/563 631/1676/563 630/1675/563 633/1670/563
f 3745/2510/564 4511/2511/564 3154/2512/564 3153/2513/564
f 1391/1180/219 6435/1180/219 6434/1180/219 1392/1180/219
f 6199/2514/565 6196/2515/565 6157/2516/565
f 1159/2517/566 6430/2517/566 1160/2518/566 1071/414/566
f 1071/414/567 1160/2518/567 6432/2519/567 1070/415/567
f 6198/2508/568 6158/2520/568 6159/2521/568
f 631/66/569 634/1668/569 635/1667/569 5670/69/569
f 6157/2522/570 6155/2523/570 6156/2524/570
f 633/55/571 629/57/571 5669/2525/571 636/1664/571
f 1070/2526/572 6432/2527/572 6431/2528/572 1158/2528/572
f 1035/1180/219 6426/1180/219 6425/1180/219 1036/1180/219
f 1036/2529/573 6425/2529/573 6428/2530/573 704/2531/573
f 704/2532/574 6428/2533/574 6427/2534/574 1034/2534/574
f 703/2535/575 6422/2535/575 6421/2536/575 1034/2537/575
f 1034/2538/576 6421/2539/576 6424/2540/576 701/2540/576
f 701/1180/219 6424/1180/219 6423/1180/219 702/1180/219
f 1881/2541/577 6418/2542/577 6419/2543/577 655/2543/577
f 655/1180/219 6419/1180/219 6420/1180/219 656/1180/219
f 656/1180/219 6420/1180/219 6417/1180/219 653/1180/219
f 6363/2544/578 6285/2545/578 6361/2546/578
f 653/2547/579 6417/2547/579 6418/2548/579 1881/2549/579
f 1/2550/580 2/2551/580 3/2552/580 4/2553/580
f 6364/2554/581 6283/2555/581 6286/2556/581
f 4524/2557/582 4528/2558/582 4529/2559/582 4525/2560/582
f 3106/2561/583 3103/2562/583 3102/1013/583 2089/1039/583
f 2128/2563/584 2127/774/584 2132/776/584 2631/2564/584
f 3744/2565/585 3745/2566/585 3153/2567/585 3152/2568/585
f 701/99/586 698/98/586 697/1498/586 821/2569/586
f 3780/2570/587 3779/2571/587 4333/2572/587 4334/2573/587
f 3105/2574/588 2090/2575/588 3100/1029/588 3104/1028/588
f 1342/2576/589 1343/2577/589 1349/2578/589 682/2579/589
f 593/1778/590 2092/2580/590 2091/676/590 596/675/590
f 3779/2581/591 3782/2582/591 4336/2583/591 4333/2584/591
f 4526/2585/592 4525/1572/592 4728/1574/592 4729/2586/592
f 1858/2587/593 1680/2588/593 1679/2589/593 1857/2590/593
f 5219/2591/594 5216/2592/594 4735/2593/594 4738/2594/594
f 4571/2595/595 6509/2596/595 6508/2597/595 4678/2598/595
f 5216/2599/596 5217/2600/596 4736/2601/596 4735/2602/596
f 1857/2603/597 1679/568/597 1766/567/597 1763/2604/597
f 1667/2605/598 680/2606/598 1670/2607/598 1668/2608/598
f 4742/2609/599 5219/2610/599 4738/1753/599 4741/1752/599
f 702/2611/600 703/2612/600 699/1495/600 698/1494/600
f 3743/2613/601 3744/2614/601 3152/1019/601 4510/1018/601
f 3106/2615/602 2089/2616/602 2090/2617/602 3105/2618/602
f 5445/2619/603 5473/2620/603 5441/2215/603 5444/2214/603
f 4739/1763/604 4740/2621/604 4736/2622/604 5217/1764/604
f 4541/1568/605 4531/1585/605 4528/2623/605 4524/1569/605
f 4740/2624/606 4741/2625/606 4737/2626/606 4736/2627/606
f 594/2628/607 2095/2629/607 2092/2630/607 593/2631/607
f 2129/2632/608 2128/2633/608 2631/2634/608 2632/2635/608
f 1681/2636/609 1680/2637/609 1858/2638/609 1764/2639/609
f 3785/2640/610 3786/1275/610 4336/1277/610 3782/2641/610
f 1362/2642/611 1356/2643/611 1355/2644/611 1361/2645/611
f 5683/2372/612 5690/2371/612 5687/2646/612 5875/2647/612
f 1341/2648/613 1342/2649/613 682/1548/613 681/1547/613
f 2134/2650/614 2131/2651/614 2127/2652/614 2130/2653/614
f 699/1490/615 1035/2654/615 1036/2655/615 700/1491/615
f 700/1483/616 823/2656/616 821/2657/616 697/1484/616
f 3103/2658/617 3104/2659/617 3099/2660/617 3102/2661/617
f 4772/2662/618 4771/1817/618 4910/1819/618 4961/2663/618
f 1344/2664/619 1341/93/619 684/92/619 1350/2665/619
f 1359/375/620 1357/377/620 1356/2666/620 1362/2667/620
f 1360/361/621 1361/2668/621 1355/2669/621 1358/362/621
f 2633/783/622 2130/2670/622 2129/2671/622 2632/784/622
f 1880/2672/623 655/2673/623 603/1771/623 602/1770/623
f 1067/2674/624 1159/218/624 1072/220/624 1068/2675/624
f 5603/2296/625 5479/2676/625 5482/2677/625 5486/2297/625
f 5443/2678/626 5444/2679/626 5440/2680/626 5439/2681/626
f 601/1774/627 654/2682/627 1880/2683/627 602/1775/627
f 1394/2684/628 1391/380/628 1387/382/628 1453/2685/628
f 5689/2686/629 5685/2687/629 5877/2365/629 5688/2364/629
f 4774/2688/630 4773/2689/630 5002/2690/630 4912/2691/630
f 2049/1180/219 6454/1180/219 6453/1180/219 2050/1180/219
f 2776/1180/219 6462/1180/219 6471/1180/219 2773/1180/219
f 3904/2692/631 6489/2692/631 6488/2693/631 3913/2694/631
f 1162/170/632 1161/169/632 1165/150/632 1198/49/632
f 655/2695/633 656/2696/633 604/2697/633 603/2698/633
f 1164/156/634 1163/155/634 1200/45/634 1167/146/634
f 4527/1567/635 4542/1583/635 4531/1585/635 4541/1568/635
f 5644/2699/636 5612/2355/636 5645/2357/636 5641/2700/636
f 5369/1180/219 6563/1180/219 6562/1180/219 5370/1180/219
f 5687/2701/637 5688/2702/637 5878/2703/637 5875/2704/637
f 2648/2705/638 2652/867/638 2732/869/638 2649/2706/638
f 5611/1180/219 6569/1180/219 6565/1180/219 5612/1180/219
f 2134/2707/639 2130/2670/639 2633/783/639 2133/785/639
f 4776/1336/640 6534/1336/640 4777/2708/640 4936/2709/640
f 2646/2710/641 2649/2711/641 2732/2712/641 2730/2713/641
f 1357/2714/642 1592/2715/642 1593/2716/642 1358/2717/642
f 1068/418/643 1072/2718/643 1069/2719/643 1065/419/643
f 1452/2720/644 1453/2721/644 1387/2722/644 1390/2723/644
f 1664/2724/645 1668/2725/645 1669/2726/645 1665/2727/645
f 1350/85/646 683/87/646 682/2728/646 1349/2729/646
f 653/2730/647 601/1760/647 604/1759/647 656/2731/647
f 4509/2732/648 4510/1018/648 3151/1017/648 3154/2733/648
f 5473/2734/649 5474/2735/649 5442/2736/649 5441/2737/649
f 1392/2738/650 1389/2739/650 1388/2740/650 1391/2741/650
f 4173/1386/651 3959/1388/651 3958/2742/651 3963/2743/651
f 3783/2744/652 3784/2745/652 3780/2570/652 4334/2573/652
f 4526/2746/653 4540/2747/653 6506/2748/653 4527/2749/653
f 5248/2750/654 5247/2751/654 5251/2752/654 5252/2753/654
f 1462/2754/655 1457/2755/655 1456/2756/655 1461/2757/655
f 856/2758/656 1008/142/656 904/144/656 857/2759/656
f 1034/1180/219 6427/1180/219 6426/1180/219 1035/1180/219
f 5686/2760/657 5685/2761/657 5689/2762/657 5690/2763/657
f 5375/2237/658 5372/2764/658 5371/2765/658 5358/2238/658
f 679/2766/659 680/2767/659 1667/553/659 1666/2768/659
f 678/1543/660 1665/2769/660 1669/2770/660 677/2771/660
f 3138/2772/661 3135/2773/661 3131/2774/661 3134/2775/661
f 2646/2776/662 2730/2777/662 2731/2778/662 2650/2779/662
f 5247/2177/663 5370/2179/663 5254/2780/663 5251/2781/663
f 4727/2782/664 4530/2783/664 4728/1574/664 4529/1573/664
f 2098/723/665 2095/740/665 594/1786/665 595/1785/665
f 5876/2784/666 5684/2785/666 5683/2786/666 5875/2787/666
f 1389/2788/667 1451/316/667 1452/318/667 1390/2789/667
f 4046/2790/668 4045/2791/668 4049/1354/668 4100/1356/668
f 1284/355/669 1287/354/669 1288/2792/669 1316/2793/669
f 4730/2794/670 4530/2795/670 4727/2796/670 4531/2797/670
f 1161/152/671 1164/151/671 1168/141/671 1165/140/671
f 4962/2798/672 4773/2799/672 4772/2800/672 4961/2801/672
f 5474/2802/673 5471/2803/673 5439/2804/673 5442/2805/673
f 4619/2806/674 4618/2807/674 4578/2808/674 4623/2809/674
f 1685/2810/675 1686/2811/675 1774/2812/675 1773/2813/675
f 5685/2687/676 5684/2814/676 5876/2815/676 5877/2365/676
f 1250/323/677 6276/2816/677 1234/2817/677 1233/324/677
f 1282/2818/678 1281/327/678 1314/326/678 1286/2819/678
f 5644/2820/679 5643/2821/679 5611/2822/679 5612/2823/679
f 5641/2824/680 5645/2825/680 5646/2826/680 5642/2827/680
f 4356/2828/681 4408/2829/681 4405/2830/681 4353/2831/681
f 4356/2832/682 4355/2833/682 4488/1506/682 4408/1505/682
f 1685/2834/683 1773/2835/683 1772/638/683 1684/637/683
f 4354/1514/684 4353/2836/684 4405/2837/684 4406/1515/684
f 5471/2803/685 5446/2198/685 5443/2838/685 5439/2804/685
f 3074/909/686 3071/992/686 3027/994/686 3033/910/686
f 3814/1314/687 3841/1316/687 3941/2839/687 3939/2840/687
f 3135/2841/688 3136/2842/688 3132/2843/688 3131/2844/688
f 1914/678/689 1911/2845/689 1910/2846/689 1934/679/689
f 4601/2847/690 4613/2848/690 4573/2849/690 4572/2850/690
f 4614/2851/691 4615/2852/691 4575/2853/691 4574/2854/691
f 1392/2855/692 6434/2855/692 6433/2502/692 1454/2501/692
f 3812/2856/693 3811/2857/693 3940/1305/693 3840/1304/693
f 4613/2858/694 4614/2859/694 4574/2860/694 4573/2861/694
f 4174/2862/695 4175/2863/695 3960/2864/695 3959/2865/695
f 1683/649/696 1771/648/696 1774/2866/696 1686/2867/696
f 5603/2868/697 5604/2869/697 5480/2870/697 5479/2871/697
f 1682/2872/698 1681/2873/698 1765/2874/698 1766/2875/698
f 5360/2876/699 5374/2877/699 5373/2878/699 5376/2879/699
f 4616/2880/700 4620/2881/700 4621/2882/700 4617/2883/700
f 4620/2884/701 4616/2885/701 4619/2886/701 4623/2887/701
f 5643/2888/702 5642/2889/702 5610/2340/702 5611/2339/702
f 4774/2890/703 4912/2891/703 4909/2892/703 4771/2893/703
f 1157/2894/704 1065/430/704 1069/417/704 1070/416/704
f 3157/2895/705 3137/2896/705 3138/2897/705 3134/2898/705
f 2090/2575/706 2087/2899/706 3101/2900/706 3100/1029/706
f 5121/2901/707 5120/2902/707 5124/2903/707 5125/2904/707
f 5249/2905/708 5248/2906/708 5252/2152/708 5369/2151/708
f 3032/2907/709 3033/2908/709 3027/2909/709 3030/2910/709
f 5480/2911/710 5604/2912/710 5484/2217/710 5481/2216/710
f 3031/2913/711 3032/2914/711 3030/2915/711 3029/2916/711
f 5375/2237/712 5376/2917/712 5373/2918/712 5372/2764/712
f 1034/136/713 701/2919/713 821/2920/713 822/137/713
f 654/2921/714 601/2922/714 653/2923/714 1881/2924/714
f 1158/1180/219 6431/1180/219 6430/1180/219 1159/1180/219
f 1035/2925/715 699/1495/715 703/2612/715 1034/2926/715
f 5002/2927/716 5003/2928/716 4911/2929/716 4912/2930/716
f 4911/1839/717 4964/1841/717 5001/1716/717 4910/1715/717
f 1283/2931/718 1282/2932/718 1286/2933/718 1287/2934/718
f 1462/2935/719 1519/2936/719 1458/2937/719 1457/2938/719
f 4575/1639/720 4603/1638/720 4600/2939/720 4572/2940/720
f 5357/2247/721 5358/2941/721 5371/2942/721 5374/2248/721
f 5120/2943/722 5123/1898/722 5127/1900/722 5124/2944/722
f 5534/2318/723 5536/2304/723 5566/2306/723 5563/2319/723
f 1599/2945/724 1600/473/724 1596/475/724 1595/2946/724
f 1598/2947/725 1594/2948/725 1597/482/725 1601/481/725
f 1200/44/726 1197/43/726 1166/2949/726 1167/2950/726
f 1199/47/727 1163/2951/727 1162/2952/727 1198/48/727
f 4773/2689/728 4962/2953/728 4963/2954/728 5002/2690/728
f 1198/49/729 1165/150/729 1166/149/729 1197/50/729
f 3072/2955/730 3073/2956/730 3031/2913/730 3029/2916/730
f 1666/2957/731 1665/2769/731 678/1543/731 679/1542/731
f 5486/2958/732 5482/2959/732 5481/2960/732 5485/2961/732
f 3811/2962/733 3814/2963/733 3939/2964/733 3940/2965/733
f 1460/2966/734 1461/2967/734 1456/2968/734 1455/2969/734
f 1284/2970/735 1316/2971/735 1313/2972/735 1281/2973/735
f 3983/2974/736 3965/1377/736 3961/1379/736 3960/2975/736
f 1461/2976/737 6441/2976/737 6440/2977/737 1521/2978/737
f 3386/2979/738 6479/2979/738 6478/2980/738 3300/2981/738
f 2647/2982/739 2651/2983/739 2652/2984/739 2648/2985/739
f 1594/2986/740 1598/2987/740 1599/2988/740 1595/2989/740
f 4894/1780/741 4787/2990/741 4790/2991/741 4794/1781/741
f 5249/2992/742 5369/2993/742 5370/2994/742 5250/2995/742
f 1394/2996/743 6436/2997/743 6439/2998/743 1393/2999/743
f 1934/679/744 1910/2846/744 1913/3000/744 1936/3001/744
f 2769/3002/745 2773/3003/745 2774/926/745 2770/925/745
f 4792/3004/746 4793/3005/746 4789/3006/746 4788/3007/746
f 1009/3008/747 859/3009/747 858/3010/747 906/877/747
f 4793/3011/748 4794/3012/748 4790/3013/748 4789/3014/748
f 4114/1409/749 4110/3015/749 4113/3016/749 4156/1410/749
f 1249/3017/750 1233/3018/750 1236/3019/750 1252/3020/750
f 2647/3021/751 2646/2776/751 2650/2779/751 2651/3022/751
f 905/878/752 906/877/752 858/3010/752 857/3023/752
f 4419/3024/753 4359/1508/753 4422/1510/753 4420/3025/753
f 5565/3026/754 5538/3027/754 5532/3028/754 5564/3029/754
f 4775/3030/755 4776/3031/755 4930/3032/755 4929/3033/755
f 1067/427/756 1066/426/756 1158/3034/756 1159/3035/756
f 5122/3036/757 5121/3037/757 5125/3038/757 5201/3039/757
f 4618/3040/758 4617/3041/758 4577/3042/758 4578/3043/758
f 1451/316/759 1389/2788/759 1392/3044/759 1393/317/759
f 5531/3045/760 5563/3046/760 5564/3047/760 5532/3048/760
f 5230/3049/761 5227/3050/761 5226/3051/761 5229/3052/761
f 6286/3053/762 6572/3053/762 6578/2171/762 6364/2170/762
f 4047/3054/763 4046/3055/763 4100/3056/763 4101/3057/763
f 1519/390/764 1459/389/764 1455/3058/764 1458/3059/764
f 2049/689/765 1954/691/765 1958/3060/765 1959/3061/765
f 1912/3062/766 1935/3063/766 1936/3064/766 1913/3065/766
f 4718/1734/767 4683/1733/767 4686/3066/767 4690/3067/767
f 5119/2086/768 5224/2088/768 5227/3068/768 5230/3069/768
f 1650/3070/769 1651/3071/769 1597/3072/769 1596/3073/769
f 4051/3074/770 4048/3075/770 4044/3076/770 4101/3077/770
f 2771/3078/771 2775/853/771 2776/852/771 2772/3079/771
f 4417/3080/772 4421/3081/772 4357/1546/772 4418/1545/772
f 6283/3082/773 6284/3083/773 6360/3084/773 6359/3085/773
f 5471/2803/774 6568/2803/774 5472/2199/774 5446/2198/774
f 1007/160/775 1008/3086/775 856/997/775 859/161/775
f 1956/622/776 2050/3087/776 1960/3088/776 1957/623/776
f 4776/3089/777 4933/3090/777 4931/3091/777 4930/3092/777
f 3813/3093/778 3812/3094/778 3840/3095/778 3841/3096/778
f 4686/3097/779 4685/3098/779 4689/3099/779 4690/3100/779
f 4685/3101/780 4684/3102/780 4688/3103/780 4689/3104/780
f 4778/1925/781 4775/1924/781 4929/3105/781 4932/3106/781
f 6278/3107/782 1252/3020/782 1236/3019/782 1235/3108/782
f 4115/1438/783 4154/1440/783 4112/3109/783 4111/3110/783
f 1728/3111/784 1727/595/784 1696/597/784 1732/3112/784
f 2772/3113/785 2776/3114/785 2773/3115/785 2769/3116/785
f 5117/3117/786 5118/2035/786 5226/2037/786 5225/3118/786
f 4487/3119/787 4488/3120/787 4355/3121/787 4354/3122/787
f 1066/431/788 1065/430/788 1157/2894/788 1158/3123/788
f 971/682/789 1011/3124/789 1010/3125/789 1015/570/789
f 4421/3126/790 4417/3127/790 4420/3128/790 4422/3129/790
f 3155/3130/791 3156/1024/791 3132/1026/791 3136/3131/791
f 5897/3132/792 5894/3133/792 5893/3134/792 5896/3135/792
f 5122/3136/793 5202/3137/793 5203/3138/793 5123/3139/793
f 4683/3140/794 4715/3141/794 4716/3142/794 4684/3143/794
f 4571/2300/795 4674/3144/795 4673/3145/795 4570/3146/795
f 2771/3147/796 2770/3148/796 2949/3149/796 2775/3150/796
f 1695/3151/797 1727/3152/797 1730/3153/797 1698/3154/797
f 5535/3155/798 5533/3156/798 5532/3028/798 5538/3027/798
f 4164/3157/799 4132/3158/799 4168/3159/799 4161/3160/799
f 1730/618/800 1733/617/800 1734/3161/800 1698/3162/800
f 4045/3163/801 4044/3076/801 4048/3075/801 4049/3164/801
f 4894/3165/802 4895/3166/802 4788/3167/802 4787/3168/802
f 4115/3169/803 4111/3170/803 4110/3171/803 4114/3172/803
f 702/1180/219 6423/1180/219 6422/1180/219 703/1180/219
f 4419/3173/804 4418/3174/804 4358/3175/804 4359/3176/804
f 4813/1917/805 4867/1919/805 4807/3177/805 4810/3178/805
f 6507/1180/219 6522/1180/219 4570/1180/219
f 1624/3179/806 1604/3180/806 1603/3181/806 1623/3182/806
f 1625/3183/807 1622/3184/807 1602/3185/807 1605/3186/807
f 5267/3187/808 5303/3188/808 5304/3189/808 5268/3190/808
f 6286/3191/809 6283/3192/809 6359/3193/809 6362/3194/809
f 1622/3195/810 1623/3196/810 1603/3197/810 1602/3198/810
f 1234/3199/811 6276/3200/811 6277/306/811 1235/308/811
f 4617/3201/812 4621/3202/812 4622/3203/812 4577/3204/812
f 5536/3205/813 5534/3206/813 5533/3207/813 5535/3208/813
f 3207/3209/814 3206/3210/814 3526/1111/814 3517/1110/814
f 4155/3211/815 4156/1410/815 4113/3016/815 4112/3212/815
f 3902/1347/816 3912/1349/816 3903/3213/816 3899/3214/816
f 4236/1488/817 4196/3215/817 4195/3216/817 4198/1489/817
f 4811/1939/818 4809/1941/818 4808/3217/818 4868/3218/818
f 2660/3219/819 2716/3220/819 2664/3221/819 2665/3222/819
f 4688/3103/820 4684/3102/820 4716/3223/820 4687/3224/820
f 5268/2197/821 5272/2196/821 5273/3225/821 5269/3226/821
f 5303/3227/822 5267/3228/822 5270/2202/822 5271/2201/822
f 5274/3229/823 5270/3230/823 5269/3231/823 5273/3232/823
f 4197/3233/824 4194/3234/824 4193/1476/824 4234/1475/824
f 5116/3235/825 5117/3236/825 5225/3237/825 5224/3238/825
f 3242/3239/826 3247/3240/826 3486/3241/826 3487/3242/826
f 1771/3243/827 1775/3244/827 1776/3245/827 1772/3246/827
f 2714/3247/828 2658/3248/828 2662/3249/828 2663/3250/828
f 5898/3251/829 5891/3252/829 5894/3253/829 5897/3254/829
f 3964/3255/830 3982/3256/830 4173/3257/830 3963/3258/830
f 4196/3259/831 4236/3260/831 4233/3261/831 4193/3262/831
f 3962/3263/832 3963/3264/832 3958/3265/832 3961/3266/832
f 5610/2340/833 5642/2889/833 5646/3267/833 5647/2341/833
f 5898/3268/834 5895/3269/834 5975/2425/834 5891/2424/834
f 1520/388/835 1460/3270/835 1455/3058/835 1459/389/835
f 1491/3271/836 1494/3272/836 1498/452/836 1558/451/836
f 4175/2863/837 3982/3273/837 3983/3274/837 3960/2864/837
f 4130/1435/838 4163/1434/838 4162/3275/838 4166/3276/838
f 5390/2221/839 5367/2220/839 5366/3277/839 5414/3278/839
f 5389/2231/840 5413/3279/840 5365/3280/840 5368/2232/840
f 1036/2655/841 704/1096/841 823/1095/841 700/1491/841
f 3157/3281/842 3134/3282/842 3133/3283/842 3156/3284/842
f 3653/3285/843 3670/3286/843 3648/3287/843 3652/3288/843
f 5013/2427/844 6545/2427/844 6544/2250/844 5060/2249/844
f 5896/3289/845 5976/3290/845 6575/2180/845 5975/2180/845
f 4131/3291/846 4132/3292/846 4164/3293/846 4163/3294/846
f 5365/3295/847 5413/3296/847 5414/3297/847 5366/3298/847
f 4571/3299/848 4676/3300/848 4675/3301/848 4674/3302/848
f 2261/3303/849 2265/3304/849 2266/3305/849 2262/3306/849
f 973/234/850 1017/3307/850 1013/3308/850 1012/235/850
f 4868/3309/851 4808/3310/851 4807/3311/851 4867/3312/851
f 1954/3313/852 1953/3314/852 1957/3315/852 1958/3316/852
f 5812/2421/853 5760/2423/853 5761/2315/853 5808/2314/853
f 1911/3317/854 1914/3318/854 1915/3319/854 1912/3062/854
f 6284/3320/855 6363/2544/855 6361/2546/855 6360/3321/855
f 3905/1308/856 3914/1307/856 3901/1331/856 3904/1333/856
f 3911/3322/857 3902/3323/857 3901/3324/857 3914/3325/857
f 5392/3326/858 5368/3327/858 5367/3328/858 5391/3329/858
f 4162/3330/859 4161/3331/859 4165/3332/859 4166/3333/859
f 2534/3334/860 2259/3335/860 2262/802/860 2537/801/860
f 2715/3336/861 2716/3337/861 2660/3338/861 2659/3339/861
f 3073/3340/862 3074/3341/862 3034/3342/862 3031/3343/862
f 1729/3344/863 1728/3345/863 1732/3346/863 1733/3347/863
f 2010/3348/864 2011/3349/864 2073/3350/864 1930/3351/864
f 4570/3352/865 4673/3353/865 4672/1685/865 4569/1684/865
f 3072/3354/866 3029/3355/866 3028/3356/866 3071/3357/866
f 4742/3358/867 5218/3359/867 6559/3360/867 5219/3360/867
f 4615/3361/868 6517/3361/868 6520/2299/868 4602/2298/868
f 1288/3362/869 1285/3363/869 1315/3364/869 1316/3365/869
f 2715/3366/870 2659/3367/870 2658/3368/870 2714/3369/870
f 4812/3370/871 4813/3371/871 4810/3372/871 4809/3373/871
f 4234/3374/872 6497/3375/872 6499/3376/872 4197/3376/872
f 5814/3377/873 5811/2386/873 5810/2388/873 5762/3378/873
f 2658/3248/874 2661/3379/874 2665/3380/874 2662/3249/874
f 6285/3381/875 6286/3382/875 6362/3383/875 6361/3384/875
f 4197/3385/876 4198/3386/876 4195/3387/876 4194/3388/876
f 4677/3389/877 4672/3390/877 4675/3391/877 4676/3392/877
f 1916/3393/878 1935/3063/878 1912/3062/878 1915/3319/878
f 1011/579/879 971/695/879 972/694/879 1012/580/879
f 1698/1180/219 6445/1180/219 6447/1180/219 1695/1180/219
f 2853/3394/880 2897/3395/880 2849/3396/880 2852/3397/880
f 1285/3363/881 1286/3398/881 1314/3399/881 1315/3364/881
f 3244/1143/882 3243/3400/882 3487/3401/882 3488/1144/882
f 2535/3402/883 2260/3403/883 2259/3404/883 2534/3405/883
f 4791/3406/884 6538/3406/884 6537/3407/884 4896/3408/884
f 4933/3090/885 4934/3409/885 4932/3410/885 4931/3091/885
f 4601/2847/886 4572/2850/886 4600/3411/886 4612/3412/886
f 930/819/887 926/832/887 925/831/887 929/820/887
f 5202/3413/888 5122/3414/888 5201/2050/888 5126/2049/888
f 1604/3415/889 1608/3416/889 1609/3417/889 1605/3418/889
f 3900/3419/890 3899/3420/890 3903/3421/890 3904/3422/890
f 862/991/891 863/990/891 926/3423/891 930/3424/891
f 1764/1180/219 6449/1180/219 6448/1180/219 1765/1180/219
f 1955/3425/892 2049/3426/892 2050/3427/892 1956/3428/892
f 2898/3429/893 2899/3430/893 2850/3431/893 2849/3432/893
f 2261/3433/894 2260/796/894 2264/798/894 2265/3434/894
f 2537/3435/895 2263/3436/895 6465/3437/895 2536/3438/895
f 4729/1180/219 6526/1180/219 6525/1180/219 4730/1180/219
f 3717/1236/896 3720/3439/896 3721/3440/896 3614/1237/896
f 929/821/897 925/3441/897 924/3442/897 928/822/897
f 3650/3443/898 3668/3444/898 3651/3445/898 3647/3446/898
f 5002/1180/219 6540/1180/219 6539/1180/219 5003/1180/219
f 5203/3447/899 6556/3447/899 5200/3448/899 5127/3449/899
f 2851/3450/900 2856/3451/900 2853/3394/900 2852/3397/900
f 2855/3452/901 2856/3453/901 2851/3454/901 2850/3455/901
f 3137/1180/219 6473/1180/219 6472/1180/219 3138/1180/219
f 5807/3456/902 5811/3457/902 5812/3458/902 5808/3459/902
f 860/210/903 928/209/903 924/824/903 927/823/903
f 4896/3460/904 4792/3461/904 4788/3462/904 4895/3463/904
f 1015/3464/905 1010/3465/905 1013/217/905 1014/216/905
f 4612/3466/906 6515/3467/906 6514/3468/906 4615/3469/906
f 5537/3470/907 5538/3471/907 5565/3472/907 5566/3473/907
f 5810/3474/908 5809/3475/908 5761/3476/908 5762/3477/908
f 4935/3478/909 4778/3479/909 4932/3480/909 4934/3481/909
f 3722/3482/910 3719/3483/910 3715/3484/910 3613/3485/910
f 3719/3486/911 3720/3487/911 3716/3488/911 3715/3489/911
f 5061/1992/912 4998/3490/912 4997/3491/912 5013/1993/912
f 6113/3492/913 5990/3493/913 5972/3494/913 5971/3495/913
f 5015/2009/914 5000/2011/914 4999/3496/914 5062/3497/914
f 3208/3498/915 3207/3499/915 3517/3500/915 3518/3501/915
f 3647/3502/916 3651/3503/916 3652/3504/916 3648/3505/916
f 6113/3506/917 5971/3507/917 5974/3508/917 6115/3509/917
f 3206/3510/918 3209/1097/918 3525/1099/918 3526/3511/918
f 1609/3512/919 1606/3513/919 1625/3183/919 1605/3186/919
f 1607/3514/920 1608/3515/920 1604/3180/920 1624/3179/920
f 5992/2472/921 6115/2471/921 5974/3516/921 5973/3517/921
f 4571/3518/922 4678/1701/922 4568/1696/922 4676/1698/922
f 2012/3519/923 2009/692/923 1932/655/923 2074/654/923
f 6198/2508/924 6159/2521/924 6154/3520/924 6153/2509/924
f 3669/3521/925 3670/3522/925 3653/3523/925 3654/3524/925
f 2716/3525/926 2717/919/926 2663/921/926 2664/3526/926
f 4130/3527/927 4167/3528/927 6491/3529/927 4133/3530/927
f 1930/3531/928 2073/3532/928 2074/3533/928 1931/3534/928
f 3669/3535/929 3654/3536/929 3651/3445/929 3668/3444/929
f 5061/3537/930 5062/3538/930 4999/3539/930 4998/3540/930
f 3208/3541/931 3518/3542/931 3519/3543/931 3209/3544/931
f 1497/3545/932 1493/3546/932 1492/462/932 1496/464/932
f 4168/3159/933 4133/3547/933 4165/3548/933 4161/3160/933
f 4678/3549/934 4570/3352/934 4569/1684/934 4677/1683/934
f 1494/3550/935 1493/3551/935 1497/3552/935 1498/3553/935
f 3982/3554/936 4176/3555/936 6496/3556/936 4173/3556/936
f 1933/3557/937 2009/3558/937 2010/3559/937 1930/3560/937
f 2347/3561/938 2351/3562/938 2447/816/938 2348/815/938
f 6157/2516/939 6196/2515/939 6152/3563/939 6155/3564/939
f 974/3565/940 1016/565/940 1017/564/940 973/3566/940
f 863/989/941 860/988/941 927/828/941 926/827/941
f 3670/3567/942 3667/3568/942 3649/3569/942 3648/3570/942
f 5012/3571/943 5013/3572/943 4997/3573/943 5000/3574/943
f 1492/3575/944 1491/3576/944 1558/3577/944 1559/3578/944
f 974/683/945 971/682/945 1015/570/945 1016/569/945
f 4531/1180/219 6487/1180/219 6502/1180/219 4528/1180/219
f 3667/3579/946 3668/3580/946 3650/3581/946 3649/3582/946
f 24/3583/947 23/3584/947 22/3585/947 21/3586/947
f 3245/3587/948 3246/3588/948 3247/3589/948 3242/3590/948
f 3246/3591/949 3245/3592/949 3244/3593/949 3249/3594/949
f 4613/3595/950 4601/3596/950 4612/3597/950 4602/3598/950
f 6197/3599/951 6153/3600/951 6152/3601/951 6196/3602/951
f 3715/3603/952 3718/3604/952 3612/3605/952 3613/3606/952
f 3722/3607/953 3613/3608/953 3614/3609/953 3721/3610/953
f 2347/3611/954 2350/3612/954 2354/3613/954 2351/3614/954
f 3389/1173/955 3304/3615/955 3305/3616/955 3301/1167/955
f 2350/3617/956 2349/3618/956 2353/3619/956 2354/3620/956
f 3386/1188/957 3299/1151/957 3430/1153/957 3431/1157/957
f 1606/3621/958 1607/3622/958 1624/3623/958 1625/3624/958
f 2448/3625/959 2449/3626/959 2349/3627/959 2348/3628/959
f 5972/3494/960 5990/3493/960 5991/3629/960 5973/3630/960
f 5813/3631/961 5814/2406/961 5759/2405/961 5760/3632/961
f 3718/3604/962 3717/3633/962 3611/3634/962 3612/3605/962
f 2632/3635/963 6467/3635/963 6466/3636/963 2133/3637/963
f 2899/3430/964 2900/3638/964 2855/3639/964 2850/3431/964
f 3386/3640/965 3303/3641/965 3304/3642/965 3389/3643/965
f 2264/798/966 2535/797/966 2536/3644/966 2265/3434/966
f 6156/2524/967 6155/2523/967 6154/3645/967 6159/3646/967
f 6030/2452/968 6059/2451/968 6034/2485/968 6031/2484/968
f 6199/3647/969 6157/3648/969 6158/3649/969 6198/3650/969
f 3298/1169/970 3301/1179/970 3433/1177/970 3302/1170/970
f 6060/2493/971 6033/3651/971 6032/3652/971 6036/2494/971
f 6032/3653/972 6031/3654/972 6035/3655/972 6036/3656/972
f 5014/2245/973 6550/2244/973 6549/3657/973 5061/3657/973
f 1732/3658/974 1696/3659/974 1695/3660/974 1731/3661/974
f 6058/3662/975 6030/3663/975 6033/3664/975 6060/3665/975
f 2853/3394/976 2854/3666/976 2900/3667/976 2897/3395/976
f 2449/3668/977 2352/3669/977 2353/3619/977 2349/3618/977
f 1216/3670/978 1213/3671/978 1209/17/978 1212/16/978
f 1217/3672/979 1218/3673/979 1214/10/979 1213/9/979
f 1218/3674/2 1219/3675/2 1215/6/2 1214/5/2
f 1219/3676/1 1220/3677/1 1216/2/1 1215/1/1
f 1220/3678/978 1217/3679/978 1213/3671/978 1216/3670/978
f 1221/3680/979 1222/3681/979 1218/3673/979 1217/3672/979
f 1222/3682/2 1223/3683/2 1219/3675/2 1218/3674/2
f 1223/3684/1 1224/3685/1 1220/3677/1 1219/3676/1
f 1224/3686/978 1221/3687/978 1217/3679/978 1220/3678/978
f 1225/3688/3 1226/3689/3 1222/3681/3 1221/3680/3
f 1226/3690/2 1227/3691/2 1223/3683/2 1222/3682/2
f 1227/3692/1 1228/3693/1 1224/3685/1 1223/3684/1
f 1228/3694/980 1225/3695/980 1221/3687/980 1224/3686/980
f 1229/3696/3 1230/3697/3 1226/3689/3 1225/3688/3
f 1230/3698/2 1231/3699/2 1227/3691/2 1226/3690/2
f 1231/3700/1 1232/3701/1 1228/3693/1 1227/3692/1
f 1232/3702/978 1229/3703/978 1225/3695/978 1228/3694/978
f 1233/324/979 1234/2817/979 1230/3697/979 1229/3696/979
f 1234/3199/2 1235/308/2 1231/3699/2 1230/3698/2
f 1235/3704/1 1236/3705/1 1232/3701/1 1231/3700/1
f 1236/3706/978 1233/3707/978 1229/3703/978 1232/3702/978
f 1237/3708/981 1238/3709/981 578/3710/981 577/3711/981
f 1238/3709/982 1239/3712/982 579/3713/982 578/3710/982
f 1239/3714/983 1240/3715/983 580/3716/983 579/3717/983
f 1240/3715/984 1237/3718/984 577/3719/984 580/3716/984
f 1241/3720/985 1242/3721/985 1238/3709/985 1237/3708/985
f 1242/3721/986 1243/3722/986 1239/3712/986 1238/3709/986
f 1243/3723/987 1244/3724/987 1240/3715/987 1239/3714/987
f 1244/3724/988 1241/3725/988 1237/3718/988 1240/3715/988
f 1245/3726/985 1246/3727/985 1242/3721/985 1241/3720/985
f 1246/3727/989 1247/3728/989 1243/3722/989 1242/3721/989
f 1247/3729/987 1248/3730/987 1244/3724/987 1243/3723/987
f 1248/3730/988 1245/3731/988 1241/3725/988 1244/3724/988
f 57/3732/985 58/3733/985 1246/3727/985 1245/3726/985
f 58/3733/990 59/3734/990 1247/3728/990 1246/3727/990
f 59/3735/987 60/3736/987 1248/3730/987 1247/3729/987
f 60/3736/991 57/3737/991 1245/3731/991 1248/3730/991
f 1253/3738/992 1254/3739/992 1250/323/992 1249/325/992
f 1254/3740/993 1255/3741/993 1251/249/993 1250/248/993
f 1255/3742/994 1256/3743/994 1252/314/994 1251/313/994
f 1256/3744/995 1253/3745/995 1249/3017/995 1252/3020/995
f 1257/3746/992 1258/3747/992 1254/3739/992 1253/3738/992
f 1258/3748/996 1259/3749/996 1255/3741/996 1254/3740/996
f 1259/3750/997 1260/3751/997 1256/3743/997 1255/3742/997
f 1260/3752/995 1257/3753/995 1253/3745/995 1256/3744/995
f 1261/3754/992 1262/3755/992 1258/3747/992 1257/3746/992
f 1262/3756/996 1263/3757/996 1259/3749/996 1258/3748/996
f 1263/3758/998 1264/3759/998 1260/3751/998 1259/3750/998
f 1264/3760/995 1261/3761/995 1257/3753/995 1260/3752/995
f 1265/3762/992 1266/3763/992 1262/3755/992 1261/3754/992
f 1266/3764/996 1267/3765/996 1263/3757/996 1262/3756/996
f 1267/3766/997 1268/3767/997 1264/3759/997 1263/3758/997
f 1268/3768/995 1265/3769/995 1261/3761/995 1264/3760/995
f 1269/3770/992 1270/3771/992 1266/3763/992 1265/3762/992
f 1270/3772/996 1271/3773/996 1267/3765/996 1266/3764/996
f 1271/3774/997 1272/3775/997 1268/3767/997 1267/3766/997
f 1272/3776/995 1269/3777/995 1265/3769/995 1268/3768/995
f 1273/3778/992 1274/3779/992 1270/3771/992 1269/3770/992
f 1274/3780/996 1275/3781/996 1271/3773/996 1270/3772/996
f 1275/3782/997 1276/3783/997 1272/3775/997 1271/3774/997
f 1276/3784/995 1273/3785/995 1269/3777/995 1272/3776/995
f 1277/3786/992 1278/3787/992 1274/3779/992 1273/3778/992
f 1278/3788/996 1279/3789/996 1275/3781/996 1274/3780/996
f 1279/3790/997 1280/3791/997 1276/3783/997 1275/3782/997
f 1280/3792/995 1277/3793/995 1273/3785/995 1276/3784/995
f 1281/327/992 1282/2818/992 1278/3787/992 1277/3786/992
f 1282/2932/996 1283/2931/996 1279/3789/996 1278/3788/996
f 1283/353/997 1284/355/997 1280/3791/997 1279/3790/997
f 1284/2970/995 1281/2973/995 1277/3793/995 1280/3792/995
f 1289/3794/999 1290/3795/999 1286/3796/999 1285/3797/999
f 1290/3798/1000 1291/3799/1000 1287/2934/1000 1286/2933/1000
f 1291/3800/1001 1292/3801/1001 1288/2792/1001 1287/354/1001
f 1292/3802/1002 1289/3803/1002 1285/3804/1002 1288/3805/1002
f 1293/3806/999 1294/3807/999 1290/3795/999 1289/3794/999
f 1294/3808/1000 1295/3809/1000 1291/3799/1000 1290/3798/1000
f 1295/3810/1001 1296/3811/1001 1292/3801/1001 1291/3800/1001
f 1296/3812/1002 1293/3813/1002 1289/3803/1002 1292/3802/1002
f 1297/3814/999 1298/3815/999 1294/3807/999 1293/3806/999
f 1298/3816/1000 1299/3817/1000 1295/3809/1000 1294/3808/1000
f 1299/3818/1001 1300/3819/1001 1296/3811/1001 1295/3810/1001
f 1300/3820/1002 1297/3821/1002 1293/3813/1002 1296/3812/1002
f 1301/3822/1003 1302/3823/1003 1298/3815/1003 1297/3814/1003
f 1302/3824/1000 1303/3825/1000 1299/3817/1000 1298/3816/1000
f 1303/3826/1004 1304/3827/1004 1300/3819/1004 1299/3818/1004
f 1304/3828/1002 1301/3829/1002 1297/3821/1002 1300/3820/1002
f 1305/3830/999 1306/3831/999 1302/3823/999 1301/3822/999
f 1306/3832/1000 1307/3833/1000 1303/3825/1000 1302/3824/1000
f 1307/3834/1001 1308/3835/1001 1304/3827/1001 1303/3826/1001
f 1308/3836/1002 1305/3837/1002 1301/3829/1002 1304/3828/1002
f 1309/3838/999 1310/3839/999 1306/3831/999 1305/3830/999
f 1310/3840/1000 1311/3841/1000 1307/3833/1000 1306/3832/1000
f 1311/3842/1004 1312/3843/1004 1308/3835/1004 1307/3834/1004
f 1312/3844/1005 1309/3845/1005 1305/3837/1005 1308/3836/1005
f 61/3846/999 62/3847/999 1310/3839/999 1309/3838/999
f 62/3848/1000 63/3849/1000 1311/3841/1000 1310/3840/1000
f 63/3850/1001 64/3851/1001 1312/3843/1001 1311/3842/1001
f 64/3852/1002 61/3853/1002 1309/3845/1002 1312/3844/1002
f 1317/3854/1006 1318/3855/1006 1314/326/1006 1313/328/1006
f 1318/3856/1007 1319/3857/1007 1315/3858/1007 1314/3859/1007
f 1319/3860/1008 1320/3861/1008 1316/3862/1008 1315/3863/1008
f 1320/3864/1009 1317/3865/1009 1313/2972/1009 1316/2971/1009
f 1321/3866/1006 1322/3867/1006 1318/3855/1006 1317/3854/1006
f 1322/3868/1007 1323/3869/1007 1319/3857/1007 1318/3856/1007
f 1323/3870/1008 1324/3871/1008 1320/3861/1008 1319/3860/1008
f 1324/3872/1009 1321/3873/1009 1317/3865/1009 1320/3864/1009
f 1325/3874/1006 1326/3875/1006 1322/3867/1006 1321/3866/1006
f 1326/3876/1007 1327/3877/1007 1323/3869/1007 1322/3868/1007
f 1327/3878/1008 1328/3879/1008 1324/3871/1008 1323/3870/1008
f 1328/3880/1009 1325/3881/1009 1321/3873/1009 1324/3872/1009
f 1329/3882/1006 1330/3883/1006 1326/3875/1006 1325/3874/1006
f 1330/3884/1007 1331/3885/1007 1327/3877/1007 1326/3876/1007
f 1331/3886/1008 1332/3887/1008 1328/3879/1008 1327/3878/1008
f 1332/3888/1009 1329/3889/1009 1325/3881/1009 1328/3880/1009
f 1333/3890/1006 1334/3891/1006 1330/3883/1006 1329/3882/1006
f 1334/3892/1007 1335/3893/1007 1331/3885/1007 1330/3884/1007
f 1335/3894/1008 1336/3895/1008 1332/3887/1008 1331/3886/1008
f 1336/3896/1009 1333/3897/1009 1329/3889/1009 1332/3888/1009
f 1337/3898/1006 1338/3899/1006 1334/3891/1006 1333/3890/1006
f 1338/3900/1007 1339/3901/1007 1335/3893/1007 1334/3892/1007
f 1339/3902/1008 1340/3903/1008 1336/3895/1008 1335/3894/1008
f 1340/3904/1009 1337/3905/1009 1333/3897/1009 1336/3896/1009
f 65/3906/1006 66/3907/1006 1338/3899/1006 1337/3898/1006
f 66/3908/1007 67/3909/1007 1339/3901/1007 1338/3900/1007
f 67/3910/1008 68/3911/1008 1340/3903/1008 1339/3902/1008
f 68/3912/1010 65/3913/1010 1337/3905/1010 1340/3904/1010
f 1345/3914/1011 1346/3915/1011 1342/2649/1011 1341/2648/1011
f 1346/3916/1012 1347/3917/1012 1343/2577/1012 1342/2576/1012
f 1347/3918/1013 1348/3919/1013 1344/3920/1013 1343/3921/1013
f 1348/3922/1014 1345/3923/1014 1341/93/1014 1344/2664/1014
f 69/1533/1015 70/1532/1015 1346/3915/1015 1345/3914/1015
f 70/1531/1016 71/1530/1016 1347/3917/1016 1346/3916/1016
f 71/1529/1017 72/1528/1017 1348/3919/1017 1347/3918/1017
f 72/1527/1018 69/1526/1018 1345/3923/1018 1348/3922/1018
f 1351/3924/1019 1352/3925/1019 1343/3926/1019 1344/3927/1019
f 1352/3928/1020 1353/3929/1020 1349/2578/1020 1343/2577/1020
f 1353/3930/1021 1354/3931/1021 1350/85/1021 1349/2729/1021
f 1354/3932/1022 1351/3933/1022 1344/2664/1022 1350/2665/1022
f 1355/2644/1023 1356/2643/1023 1352/3925/1023 1351/3924/1023
f 1356/2666/1024 1357/377/1024 1353/3929/1024 1352/3928/1024
f 1357/2714/1021 1358/2717/1021 1354/3931/1021 1353/3930/1021
f 1358/362/1025 1355/2669/1025 1351/3933/1025 1354/3932/1025
f 1363/3934/1026 1364/3935/1026 1360/3936/1026 1359/3937/1026
f 1364/3938/1027 1365/3939/1027 1361/2668/1027 1360/361/1027
f 1365/3940/1028 1366/3941/1028 1362/2642/1028 1361/2645/1028
f 1366/3942/1029 1363/3943/1029 1359/375/1029 1362/2667/1029
f 1367/3944/1030 1368/3945/1030 1364/3935/1030 1363/3934/1030
f 1368/3946/1031 1369/3947/1031 1365/3939/1031 1364/3938/1031
f 1369/3948/1028 1370/3949/1028 1366/3941/1028 1365/3940/1028
f 1370/3950/1032 1367/3951/1032 1363/3943/1032 1366/3942/1032
f 1371/3952/1030 1372/3953/1030 1368/3945/1030 1367/3944/1030
f 1372/3954/1031 1373/3955/1031 1369/3947/1031 1368/3946/1031
f 1373/3956/1028 1374/3957/1028 1370/3949/1028 1369/3948/1028
f 1374/3958/1032 1371/3959/1032 1367/3951/1032 1370/3950/1032
f 1375/3960/1030 1376/3961/1030 1372/3953/1030 1371/3952/1030
f 1376/3962/1031 1377/3963/1031 1373/3955/1031 1372/3954/1031
f 1377/3964/1028 1378/3965/1028 1374/3957/1028 1373/3956/1028
f 1378/3966/1032 1375/3967/1032 1371/3959/1032 1374/3958/1032
f 73/3968/1033 74/3969/1033 1376/3961/1033 1375/3960/1033
f 74/3970/1034 75/3971/1034 1377/3963/1034 1376/3962/1034
f 75/3972/1035 76/3973/1035 1378/3965/1035 1377/3964/1035
f 76/3974/1036 73/3975/1036 1375/3967/1036 1378/3966/1036
f 1379/3976/1037 1380/3977/1037 74/3969/1037 73/3968/1037
f 1380/3978/1038 1381/3979/1038 75/3971/1038 74/3970/1038
f 1381/3980/1039 1382/3981/1039 76/3973/1039 75/3972/1039
f 1382/3982/1040 1379/3983/1040 73/3975/1040 76/3974/1040
f 1383/3984/1041 1384/3985/1041 1380/3977/1041 1379/3976/1041
f 1384/3986/1042 1385/3987/1042 1381/3979/1042 1380/3978/1042
f 1385/3988/1043 1386/3989/1043 1382/3981/1043 1381/3980/1043
f 1386/3990/1044 1383/3991/1044 1379/3983/1044 1382/3982/1044
f 1387/382/1045 1388/381/1045 1384/3985/1045 1383/3984/1045
f 1388/2740/1042 1389/2739/1042 1385/3987/1042 1384/3986/1042
f 1389/2788/1043 1390/2789/1043 1386/3989/1043 1385/3988/1043
f 1390/2723/1044 1387/2722/1044 1383/3991/1044 1386/3990/1044
f 1395/3992/1046 1396/3993/1046 6434/3994/1046 6435/3995/1046
f 1396/3996/1047 1397/3997/1047 6433/3998/1047 6434/3999/1047
f 1397/4000/1048 1398/4001/1048 6429/4002/1048 6433/4003/1048
f 1398/4004/1049 1395/4005/1049 6435/4006/1049 6429/4007/1049
f 1399/4008/1046 1400/4009/1046 1396/3993/1046 1395/3992/1046
f 1400/4010/1047 1401/4011/1047 1397/3997/1047 1396/3996/1047
f 1401/4012/1050 1402/4013/1050 1398/4001/1050 1397/4000/1050
f 1402/4014/1049 1399/4015/1049 1395/4005/1049 1398/4004/1049
f 1403/4016/1046 1404/4017/1046 1400/4009/1046 1399/4008/1046
f 1404/4018/1047 1405/4019/1047 1401/4011/1047 1400/4010/1047
f 1405/4020/1048 1406/4021/1048 1402/4013/1048 1401/4012/1048
f 1406/4022/1049 1403/4023/1049 1399/4015/1049 1402/4014/1049
f 1407/4024/1046 1408/4025/1046 1404/4017/1046 1403/4016/1046
f 1408/4026/1047 1409/4027/1047 1405/4019/1047 1404/4018/1047
f 1409/4028/1050 1410/4029/1050 1406/4021/1050 1405/4020/1050
f 1410/4030/1049 1407/4031/1049 1403/4023/1049 1406/4022/1049
f 1411/4032/1046 1412/4033/1046 1408/4025/1046 1407/4024/1046
f 1412/4034/1047 1413/4035/1047 1409/4027/1047 1408/4026/1047
f 1413/4036/1048 1414/4037/1048 1410/4029/1048 1409/4028/1048
f 1414/4038/1049 1411/4039/1049 1407/4031/1049 1410/4030/1049
f 77/4040/1051 78/4041/1051 1412/4033/1051 1411/4032/1051
f 78/4042/1052 79/4043/1052 1413/4035/1052 1412/4034/1052
f 79/4044/1053 80/4045/1053 1414/4037/1053 1413/4036/1053
f 80/4046/1054 77/4047/1054 1411/4039/1054 1414/4038/1054
f 1415/4048/1055 1416/4049/1055 98/4050/1055 97/4051/1055
f 1416/4052/1056 1417/4053/1056 99/4054/1056 98/4055/1056
f 1417/4056/1057 1418/4057/1057 100/4058/1057 99/4059/1057
f 1418/4060/1058 1415/4061/1058 97/4062/1058 100/4063/1058
f 1419/4064/1059 1420/4065/1059 1416/4049/1059 1415/4048/1059
f 1420/4066/1060 1421/4067/1060 1417/4053/1060 1416/4052/1060
f 1421/4068/1061 1422/4069/1061 1418/4057/1061 1417/4056/1061
f 1422/4070/1062 1419/4071/1062 1415/4061/1062 1418/4060/1062
f 1423/4072/1059 1424/4073/1059 1420/4065/1059 1419/4064/1059
f 1424/4074/1060 1425/4075/1060 1421/4067/1060 1420/4066/1060
f 1425/4076/1061 1426/4077/1061 1422/4069/1061 1421/4068/1061
f 1426/4078/1062 1423/4079/1062 1419/4071/1062 1422/4070/1062
f 1427/4080/1059 1428/4081/1059 1424/4073/1059 1423/4072/1059
f 1428/4082/1060 1429/4083/1060 1425/4075/1060 1424/4074/1060
f 1429/4084/1061 1430/4085/1061 1426/4077/1061 1425/4076/1061
f 1430/4086/1062 1427/4087/1062 1423/4079/1062 1426/4078/1062
f 1431/4088/1059 1432/4089/1059 1428/4081/1059 1427/4080/1059
f 1432/4090/1060 1433/4091/1060 1429/4083/1060 1428/4082/1060
f 1433/4092/1061 1434/4093/1061 1430/4085/1061 1429/4084/1061
f 1434/4094/1062 1431/4095/1062 1427/4087/1062 1430/4086/1062
f 1435/4096/1059 1436/4097/1059 1432/4089/1059 1431/4088/1059
f 1436/4098/1060 1437/4099/1060 1433/4091/1060 1432/4090/1060
f 1437/4100/1061 1438/4101/1061 1434/4093/1061 1433/4092/1061
f 1438/4102/1062 1435/4103/1062 1431/4095/1062 1434/4094/1062
f 1439/4104/1059 1440/4105/1059 1436/4097/1059 1435/4096/1059
f 1440/4106/1060 1441/4107/1060 1437/4099/1060 1436/4098/1060
f 1441/4108/1063 1442/4109/1063 1438/4101/1063 1437/4100/1063
f 1442/4110/1062 1439/4111/1062 1435/4103/1062 1438/4102/1062
f 1443/4112/1059 1444/4113/1059 1440/4105/1059 1439/4104/1059
f 1444/4114/1060 1445/4115/1060 1441/4107/1060 1440/4106/1060
f 1445/4116/1061 1446/4117/1061 1442/4109/1061 1441/4108/1061
f 1446/4118/1062 1443/4119/1062 1439/4111/1062 1442/4110/1062
f 1447/4120/1059 1448/4121/1059 1444/4113/1059 1443/4112/1059
f 1448/4122/1060 1449/4123/1060 1445/4115/1060 1444/4114/1060
f 1449/4124/1063 1450/4125/1063 1446/4117/1063 1445/4116/1063
f 1450/4126/1062 1447/4127/1062 1443/4119/1062 1446/4118/1062
f 81/4128/1059 82/4129/1059 1448/4121/1059 1447/4120/1059
f 82/4130/1060 83/4131/1060 1449/4123/1060 1448/4122/1060
f 83/4132/1061 84/4133/1061 1450/4125/1061 1449/4124/1061
f 84/4134/1062 81/4135/1062 1447/4127/1062 1450/4126/1062
f 1455/2969/1064 1456/2968/1064 6438/4136/1064 6439/4137/1064
f 1456/2756/1065 1457/2755/1065 6437/4138/1065 6438/4139/1065
f 1457/2938/1066 1458/2937/1066 6436/4140/1066 6437/4141/1066
f 1458/3059/1067 1455/3058/1067 6439/4142/1067 6436/4143/1067
f 1463/4144/1068 1464/4145/1068 6442/4146/1068 6443/4147/1068
f 1464/4148/1069 1465/4149/1069 6441/4150/1069 6442/4151/1069
f 1465/4152/1070 1466/4153/1070 6440/4154/1070 6441/4155/1070
f 1466/4156/1071 1463/4157/1071 6443/4158/1071 6440/4159/1071
f 1467/4160/1068 1468/4161/1068 1464/4145/1068 1463/4144/1068
f 1468/4162/1069 1469/4163/1069 1465/4149/1069 1464/4148/1069
f 1469/4164/1072 1470/4165/1072 1466/4153/1072 1465/4152/1072
f 1470/4166/1073 1467/4167/1073 1463/4157/1073 1466/4156/1073
f 1471/4168/1068 1472/4169/1068 1468/4161/1068 1467/4160/1068
f 1472/4170/1069 1473/4171/1069 1469/4163/1069 1468/4162/1069
f 1473/4172/1072 1474/4173/1072 1470/4165/1072 1469/4164/1072
f 1474/4174/1073 1471/4175/1073 1467/4167/1073 1470/4166/1073
f 1475/4176/1068 1476/4177/1068 1472/4169/1068 1471/4168/1068
f 1476/4178/1069 1477/4179/1069 1473/4171/1069 1472/4170/1069
f 1477/4180/1072 1478/4181/1072 1474/4173/1072 1473/4172/1072
f 1478/4182/1073 1475/4183/1073 1471/4175/1073 1474/4174/1073
f 1479/4184/1068 1480/4185/1068 1476/4177/1068 1475/4176/1068
f 1480/4186/1069 1481/4187/1069 1477/4179/1069 1476/4178/1069
f 1481/4188/1072 1482/4189/1072 1478/4181/1072 1477/4180/1072
f 1482/4190/1073 1479/4191/1073 1475/4183/1073 1478/4182/1073
f 1483/4192/1068 1484/4193/1068 1480/4185/1068 1479/4184/1068
f 1484/4194/1069 1485/4195/1069 1481/4187/1069 1480/4186/1069
f 1485/4196/1072 1486/4197/1072 1482/4189/1072 1481/4188/1072
f 1486/4198/1073 1483/4199/1073 1479/4191/1073 1482/4190/1073
f 1487/4200/1068 1488/4201/1068 1484/4193/1068 1483/4192/1068
f 1488/4202/1069 1489/4203/1069 1485/4195/1069 1484/4194/1069
f 1489/4204/1072 1490/4205/1072 1486/4197/1072 1485/4196/1072
f 1490/4206/1073 1487/4207/1073 1483/4199/1073 1486/4198/1073
f 1491/3576/1068 1492/3575/1068 1488/4201/1068 1487/4200/1068
f 1492/4208/1069 1493/4209/1069 1489/4203/1069 1488/4202/1069
f 1493/3551/1072 1494/3550/1072 1490/4205/1072 1489/4204/1072
f 1494/4210/1073 1491/4211/1073 1487/4207/1073 1490/4206/1073
f 1499/4212/1074 1500/4213/1074 1496/4214/1074 1495/4215/1074
f 1500/4216/1075 1501/4217/1075 1497/3545/1075 1496/464/1075
f 1501/4218/1076 1502/4219/1076 1498/3553/1076 1497/3552/1076
f 1502/4220/1077 1499/4221/1077 1495/453/1077 1498/452/1077
f 1503/4222/1078 1504/4223/1078 1500/4213/1078 1499/4212/1078
f 1504/4224/1079 1505/4225/1079 1501/4217/1079 1500/4216/1079
f 1505/4226/1076 1506/4227/1076 1502/4219/1076 1501/4218/1076
f 1506/4228/1080 1503/4229/1080 1499/4221/1080 1502/4220/1080
f 1507/4230/1078 1508/4231/1078 1504/4223/1078 1503/4222/1078
f 1508/4232/1079 1509/4233/1079 1505/4225/1079 1504/4224/1079
f 1509/4234/1076 1510/4235/1076 1506/4227/1076 1505/4226/1076
f 1510/4236/1080 1507/4237/1080 1503/4229/1080 1506/4228/1080
f 1511/4238/1078 1512/4239/1078 1508/4231/1078 1507/4230/1078
f 1512/4240/1079 1513/4241/1079 1509/4233/1079 1508/4232/1079
f 1513/4242/1076 1514/4243/1076 1510/4235/1076 1509/4234/1076
f 1514/4244/1080 1511/4245/1080 1507/4237/1080 1510/4236/1080
f 1515/4246/1078 1516/4247/1078 1512/4239/1078 1511/4238/1078
f 1516/4248/1079 1517/4249/1079 1513/4241/1079 1512/4240/1079
f 1517/4250/1081 1518/4251/1081 1514/4243/1081 1513/4242/1081
f 1518/4252/1080 1515/4253/1080 1511/4245/1080 1514/4244/1080
f 85/4254/1078 86/4255/1078 1516/4247/1078 1515/4246/1078
f 86/4256/1079 87/4257/1079 1517/4249/1079 1516/4248/1079
f 87/4258/1076 88/4259/1076 1518/4251/1076 1517/4250/1076
f 88/4260/1080 85/4261/1080 1515/4253/1080 1518/4252/1080
f 1522/4262/1082 1523/4263/1082 1520/4264/1082 1519/4265/1082
f 1523/4266/1083 1524/4267/1083 1521/4268/1083 1520/4269/1083
f 1524/4270/1084 1525/4271/1084 1462/441/1084 1521/440/1084
f 1525/4272/1085 1522/4273/1085 1519/2936/1085 1462/2935/1085
f 1526/4274/1082 1527/4275/1082 1523/4263/1082 1522/4262/1082
f 1527/4276/1083 1528/4277/1083 1524/4267/1083 1523/4266/1083
f 1528/4278/1086 1529/4279/1086 1525/4271/1086 1524/4270/1086
f 1529/4280/1087 1526/4281/1087 1522/4273/1087 1525/4272/1087
f 1530/4282/1088 1531/4283/1088 1527/4275/1088 1526/4274/1088
f 1531/4284/1083 1532/4285/1083 1528/4277/1083 1527/4276/1083
f 1532/4286/1086 1533/4287/1086 1529/4279/1086 1528/4278/1086
f 1533/4288/1087 1530/4289/1087 1526/4281/1087 1529/4280/1087
f 1534/4290/1082 1535/4291/1082 1531/4283/1082 1530/4282/1082
f 1535/4292/1083 1536/4293/1083 1532/4285/1083 1531/4284/1083
f 1536/4294/1086 1537/4295/1086 1533/4287/1086 1532/4286/1086
f 1537/4296/1087 1534/4297/1087 1530/4289/1087 1533/4288/1087
f 1538/4298/1082 1539/4299/1082 1535/4291/1082 1534/4290/1082
f 1539/4300/1083 1540/4301/1083 1536/4293/1083 1535/4292/1083
f 1540/4302/1086 1541/4303/1086 1537/4295/1086 1536/4294/1086
f 1541/4304/1087 1538/4305/1087 1534/4297/1087 1537/4296/1087
f 1542/4306/1088 1543/4307/1088 1539/4299/1088 1538/4298/1088
f 1543/4308/1083 1544/4309/1083 1540/4301/1083 1539/4300/1083
f 1544/4310/1086 1545/4311/1086 1541/4303/1086 1540/4302/1086
f 1545/4312/1087 1542/4313/1087 1538/4305/1087 1541/4304/1087
f 1546/4314/1082 1547/4315/1082 1543/4307/1082 1542/4306/1082
f 1547/4316/1083 1548/4317/1083 1544/4309/1083 1543/4308/1083
f 1548/4318/1086 1549/4319/1086 1545/4311/1086 1544/4310/1086
f 1549/4320/1087 1546/4321/1087 1542/4313/1087 1545/4312/1087
f 1550/4322/1082 1551/4323/1082 1547/4315/1082 1546/4314/1082
f 1551/4324/1083 1552/4325/1083 1548/4317/1083 1547/4316/1083
f 1552/4326/1086 1553/4327/1086 1549/4319/1086 1548/4318/1086
f 1553/4328/1087 1550/4329/1087 1546/4321/1087 1549/4320/1087
f 1554/4330/1082 1555/4331/1082 1551/4323/1082 1550/4322/1082
f 1555/4332/1083 1556/4333/1083 1552/4325/1083 1551/4324/1083
f 1556/4334/1086 1557/4335/1086 1553/4327/1086 1552/4326/1086
f 1557/4336/1087 1554/4337/1087 1550/4329/1087 1553/4328/1087
f 89/4338/1082 90/4339/1082 1555/4331/1082 1554/4330/1082
f 90/4340/1083 91/4341/1083 1556/4333/1083 1555/4332/1083
f 91/4342/1086 92/4343/1086 1557/4335/1086 1556/4334/1086
f 92/4344/1087 89/4345/1087 1554/4337/1087 1557/4336/1087
f 1560/4346/1089 1561/4347/1089 1559/3578/1089 1558/3577/1089
f 1561/4348/1090 1562/4349/1090 1496/464/1090 1559/463/1090
f 1562/4350/1091 1563/4351/1091 1495/4352/1091 1496/4353/1091
f 1563/4354/1092 1560/4355/1092 1558/451/1092 1495/453/1092
f 1564/4356/1089 1565/4357/1089 1561/4347/1089 1560/4346/1089
f 1565/4358/1093 1566/4359/1093 1562/4349/1093 1561/4348/1093
f 1566/4360/1094 1567/4361/1094 1563/4351/1094 1562/4350/1094
f 1567/4362/1095 1564/4363/1095 1560/4355/1095 1563/4354/1095
f 1568/4364/1096 1569/4365/1096 1565/4357/1096 1564/4356/1096
f 1569/4366/1093 1570/4367/1093 1566/4359/1093 1565/4358/1093
f 1570/4368/1097 1571/4369/1097 1567/4361/1097 1566/4360/1097
f 1571/4370/1095 1568/4371/1095 1564/4363/1095 1567/4362/1095
f 93/4372/1089 94/4373/1089 1569/4365/1089 1568/4364/1089
f 94/4374/1093 95/4375/1093 1570/4367/1093 1569/4366/1093
f 95/4376/1094 96/4377/1094 1571/4369/1094 1570/4368/1094
f 96/4378/1095 93/4379/1095 1568/4371/1095 1571/4370/1095
f 1572/4380/1098 1573/4381/1098 78/4041/1098 77/4040/1098
f 1573/4382/1099 1574/4383/1099 79/4043/1099 78/4042/1099
f 1574/4384/1100 1575/4385/1100 80/4045/1100 79/4044/1100
f 1575/4386/1101 1572/4387/1101 77/4047/1101 80/4046/1101
f 1576/4388/1102 1577/4389/1102 1573/4381/1102 1572/4380/1102
f 1577/4390/1103 1578/4391/1103 1574/4383/1103 1573/4382/1103
f 1578/4392/1104 1579/4393/1104 1575/4385/1104 1574/4384/1104
f 1579/4394/1105 1576/4395/1105 1572/4387/1105 1575/4386/1105
f 1580/4396/1102 1581/4397/1102 1577/4389/1102 1576/4388/1102
f 1581/4398/1103 1582/4399/1103 1578/4391/1103 1577/4390/1103
f 1582/4400/1104 1583/4401/1104 1579/4393/1104 1578/4392/1104
f 1583/4402/1105 1580/4403/1105 1576/4395/1105 1579/4394/1105
f 1584/4404/1102 1585/4405/1102 1581/4397/1102 1580/4396/1102
f 1585/4406/1103 1586/4407/1103 1582/4399/1103 1581/4398/1103
f 1586/4408/1104 1587/4409/1104 1583/4401/1104 1582/4400/1104
f 1587/4410/1105 1584/4411/1105 1580/4403/1105 1583/4402/1105
f 1588/4412/1102 1589/4413/1102 1585/4405/1102 1584/4404/1102
f 1589/4414/1103 1590/4415/1103 1586/4407/1103 1585/4406/1103
f 1590/4416/1104 1591/4417/1104 1587/4409/1104 1586/4408/1104
f 1591/4418/1105 1588/4419/1105 1584/4411/1105 1587/4410/1105
f 97/4051/1106 98/4050/1106 1589/4413/1106 1588/4412/1106
f 98/4055/1107 99/4054/1107 1590/4415/1107 1589/4414/1107
f 99/4059/1108 100/4058/1108 1591/4417/1108 1590/4416/1108
f 100/4063/1109 97/4062/1109 1588/4419/1109 1591/4418/1109
f 1594/4420/1110 1595/4421/1110 1593/2716/1110 1592/2715/1110
f 1595/2946/1111 1596/475/1111 1360/361/1111 1593/360/1111
f 1596/3073/1112 1597/3072/1112 1359/4422/1112 1360/4423/1112
f 1597/482/1113 1594/2948/1113 1592/376/1113 1359/375/1113
f 1602/3198/1114 1603/3197/1114 1599/2988/1114 1598/2987/1114
f 1603/3181/1115 1604/3180/1115 1600/473/1115 1599/2945/1115
f 1604/4424/1116 1605/4425/1116 1601/4426/1116 1600/4427/1116
f 1605/3186/1117 1602/3185/1117 1598/2947/1117 1601/481/1117
f 1610/4428/1118 1611/4429/1118 1607/4430/1118 1606/4431/1118
f 1611/4432/1119 1612/4433/1119 1608/3515/1119 1607/3514/1119
f 1612/4434/1120 1613/4435/1120 1609/3417/1120 1608/3416/1120
f 1613/4436/1121 1610/4437/1121 1606/3513/1121 1609/3512/1121
f 1614/4438/1118 1615/4439/1118 1611/4429/1118 1610/4428/1118
f 1615/4440/1122 1616/4441/1122 1612/4433/1122 1611/4432/1122
f 1616/4442/1123 1617/4443/1123 1613/4435/1123 1612/4434/1123
f 1617/4444/1124 1614/4445/1124 1610/4437/1124 1613/4436/1124
f 1618/4446/1118 1619/4447/1118 1615/4439/1118 1614/4438/1118
f 1619/4448/1122 1620/4449/1122 1616/4441/1122 1615/4440/1122
f 1620/4450/1120 1621/4451/1120 1617/4443/1120 1616/4442/1120
f 1621/4452/1124 1618/4453/1124 1614/4445/1124 1617/4444/1124
f 101/4454/1118 102/4455/1118 1619/4447/1118 1618/4446/1118
f 102/4456/1122 103/4457/1122 1620/4449/1122 1619/4448/1122
f 103/4458/1123 104/4459/1123 1621/4451/1123 1620/4450/1123
f 104/4460/1124 101/4461/1124 1618/4453/1124 1621/4452/1124
f 1626/4462/1125 1627/4463/1125 1623/3196/1125 1622/3195/1125
f 1627/4464/1126 1628/4465/1126 1624/3179/1126 1623/3182/1126
f 1628/4466/1127 1629/4467/1127 1625/3624/1127 1624/3623/1127
f 1629/4468/1128 1626/4469/1128 1622/3184/1128 1625/3183/1128
f 1630/4470/1129 1631/4471/1129 1627/4463/1129 1626/4462/1129
f 1631/4472/1126 1632/4473/1126 1628/4465/1126 1627/4464/1126
f 1632/4474/1130 1633/4475/1130 1629/4467/1130 1628/4466/1130
f 1633/4476/1128 1630/4477/1128 1626/4469/1128 1629/4468/1128
f 1634/4478/1129 1635/4479/1129 1631/4471/1129 1630/4470/1129
f 1635/4480/1126 1636/4481/1126 1632/4473/1126 1631/4472/1126
f 1636/4482/1127 1637/4483/1127 1633/4475/1127 1632/4474/1127
f 1637/4484/1128 1634/4485/1128 1630/4477/1128 1633/4476/1128
f 1638/4486/1125 1639/4487/1125 1635/4479/1125 1634/4478/1125
f 1639/4488/1126 1640/4489/1126 1636/4481/1126 1635/4480/1126
f 1640/4490/1131 1641/4491/1131 1637/4483/1131 1636/4482/1131
f 1641/4492/1128 1638/4493/1128 1634/4485/1128 1637/4484/1128
f 1642/4494/1129 1643/4495/1129 1639/4487/1129 1638/4486/1129
f 1643/4496/1126 1644/4497/1126 1640/4489/1126 1639/4488/1126
f 1644/4498/1130 1645/4499/1130 1641/4491/1130 1640/4490/1130
f 1645/4500/1128 1642/4501/1128 1638/4493/1128 1641/4492/1128
f 1646/4502/1125 1647/4503/1125 1643/4495/1125 1642/4494/1125
f 1647/4504/1126 1648/4505/1126 1644/4497/1126 1643/4496/1126
f 1648/4506/1130 1649/4507/1130 1645/4499/1130 1644/4498/1130
f 1649/4508/1128 1646/4509/1128 1642/4501/1128 1645/4500/1128
f 105/4510/1129 106/4511/1129 1647/4503/1129 1646/4502/1129
f 106/4512/1126 107/4513/1126 1648/4505/1126 1647/4504/1126
f 107/4514/1130 108/4515/1130 1649/4507/1130 1648/4506/1130
f 108/4516/1128 105/4517/1128 1646/4509/1128 1649/4508/1128
f 1652/4518/1132 1653/4519/1132 1600/4520/1132 1601/4521/1132
f 1653/4522/1133 1654/4523/1133 1650/474/1133 1600/473/1133
f 1654/4524/1134 1655/4525/1134 1651/3071/1134 1650/3070/1134
f 1655/4526/1135 1652/4527/1135 1601/481/1135 1651/480/1135
f 1656/4528/1136 1657/4529/1136 1653/4519/1136 1652/4518/1136
f 1657/4530/1137 1658/4531/1137 1654/4523/1137 1653/4522/1137
f 1658/4532/1134 1659/4533/1134 1655/4525/1134 1654/4524/1134
f 1659/4534/1138 1656/4535/1138 1652/4527/1138 1655/4526/1138
f 109/4536/1136 110/4537/1136 1657/4529/1136 1656/4528/1136
f 110/4538/1137 111/4539/1137 1658/4531/1137 1657/4530/1137
f 111/4540/1134 112/4541/1134 1659/4533/1134 1658/4532/1134
f 112/4542/1139 109/4543/1139 1656/4535/1139 1659/4534/1139
f 1660/4544/1140 1661/4545/1140 14/4546/1140 13/4547/1140
f 1661/4548/1141 1662/4549/1141 15/1560/1141 14/1559/1141
f 1662/4550/1142 1663/4551/1142 16/1556/1142 15/1555/1142
f 1663/4552/1143 1660/4544/1143 13/4547/1143 16/4553/1143
f 1664/2724/1144 1665/2727/1144 1661/4545/1144 1660/4544/1144
f 1665/2769/1145 1666/2957/1145 1662/4549/1145 1661/4548/1145
f 1666/2768/1146 1667/553/1146 1663/4551/1146 1662/4550/1146
f 1667/553/1147 1664/552/1147 1660/4554/1147 1663/4551/1147
f 1671/4555/1148 1672/4556/1148 1669/2726/1148 1668/2725/1148
f 1672/4557/1149 1673/4558/1149 677/2771/1149 1669/2770/1149
f 1673/4559/1150 1674/4560/1150 1670/4561/1150 677/4562/1150
f 1674/4563/1151 1671/4564/1151 1668/2608/1151 1670/2607/1151
f 113/4565/1152 114/4566/1152 1672/4556/1152 1671/4555/1152
f 114/4567/1153 115/4568/1153 1673/4558/1153 1672/4557/1153
f 115/4569/1154 116/4570/1154 1674/4560/1154 1673/4559/1154
f 116/4571/1155 113/4572/1155 1671/4564/1155 1674/4563/1155
f 1675/4573/1156 1676/4574/1156 114/4566/1156 113/4565/1156
f 1676/4575/1157 1677/4576/1157 115/4577/1157 114/4578/1157
f 1677/4579/1158 1678/4580/1158 116/4570/1158 115/4569/1158
f 1678/4581/1159 1675/4582/1159 113/4583/1159 116/4584/1159
f 1679/2589/1160 1680/2588/1160 1676/4574/1160 1675/4573/1160
f 1680/4585/1161 1681/4586/1161 1677/4576/1161 1676/4575/1161
f 1681/2873/1162 1682/2872/1162 1678/4580/1162 1677/4579/1162
f 1682/566/1163 1679/568/1163 1675/4582/1163 1678/4581/1163
f 1687/4587/1164 1688/4588/1164 1684/4589/1164 1683/4590/1164
f 1688/4591/1165 1689/4592/1165 1685/2834/1165 1684/637/1165
f 1689/4593/1166 1690/4594/1166 1686/2811/1166 1685/2810/1166
f 1690/4595/1167 1687/4596/1167 1683/4597/1167 1686/4598/1167
f 1691/4599/1168 1692/4600/1168 1688/4588/1168 1687/4587/1168
f 1692/4601/1169 1693/4602/1169 1689/4592/1169 1688/4591/1169
f 1693/4603/1166 1694/4604/1166 1690/4594/1166 1689/4593/1166
f 1694/4605/1170 1691/4606/1170 1687/4596/1170 1690/4595/1170
f 117/4607/1171 118/4608/1171 1692/4600/1171 1691/4599/1171
f 118/4609/1172 119/4610/1172 1693/4602/1172 1692/4601/1172
f 119/4611/1173 120/4612/1173 1694/4604/1173 1693/4603/1173
f 120/4613/1174 117/4614/1174 1691/4615/1174 1694/4616/1174
f 1699/4617/1175 1700/4618/1175 6446/4619/1175 6447/4620/1175
f 1700/4621/1176 1701/4622/1176 1697/4623/1176 6446/4624/1176
f 1701/4625/1177 1702/4626/1177 6445/4627/1177 1697/4628/1177
f 1702/4629/1178 1699/4630/1178 6447/4631/1178 6445/4632/1178
f 1703/4633/1175 1704/4634/1175 1700/4618/1175 1699/4617/1175
f 1704/4635/1176 1705/4636/1176 1701/4622/1176 1700/4621/1176
f 1705/4637/1177 1706/4638/1177 1702/4626/1177 1701/4625/1177
f 1706/4639/1178 1703/4640/1178 1699/4630/1178 1702/4629/1178
f 1707/4641/1175 1708/4642/1175 1704/4634/1175 1703/4633/1175
f 1708/4643/1176 1709/4644/1176 1705/4636/1176 1704/4635/1176
f 1709/4645/1177 1710/4646/1177 1706/4638/1177 1705/4637/1177
f 1710/4647/1178 1707/4648/1178 1703/4640/1178 1706/4639/1178
f 1711/4649/1175 1712/4650/1175 1708/4642/1175 1707/4641/1175
f 1712/4651/1176 1713/4652/1176 1709/4644/1176 1708/4643/1176
f 1713/4653/1179 1714/4654/1179 1710/4646/1179 1709/4645/1179
f 1714/4655/1178 1711/4656/1178 1707/4648/1178 1710/4647/1178
f 121/4657/1175 122/4658/1175 1712/4650/1175 1711/4649/1175
f 122/4659/1180 123/4660/1180 1713/4652/1180 1712/4651/1180
f 123/4661/1177 124/4662/1177 1714/4654/1177 1713/4653/1177
f 124/4663/1178 121/4664/1178 1711/4656/1178 1714/4655/1178
f 1715/4665/1181 1716/4666/1181 118/4608/1181 117/4607/1181
f 1716/4667/1182 1717/4668/1182 119/4610/1182 118/4609/1182
f 1717/4669/1183 1718/4670/1183 120/4612/1183 119/4611/1183
f 1718/4671/1184 1715/4672/1184 117/4673/1184 120/4674/1184
f 1719/4675/1185 1720/4676/1185 1716/4666/1185 1715/4665/1185
f 1720/4677/1186 1721/4678/1186 1717/4668/1186 1716/4667/1186
f 1721/4679/1187 1722/4680/1187 1718/4670/1187 1717/4669/1187
f 1722/4681/1188 1719/4682/1188 1715/4672/1188 1718/4671/1188
f 1723/4683/1185 1724/4684/1185 1720/4676/1185 1719/4675/1185
f 1724/4685/1186 1725/4686/1186 1721/4678/1186 1720/4677/1186
f 1725/4687/1187 1726/4688/1187 1722/4680/1187 1721/4679/1187
f 1726/4689/1188 1723/4690/1188 1719/4682/1188 1722/4681/1188
f 1727/595/1185 1728/3111/1185 1724/4684/1185 1723/4683/1185
f 1728/3345/1186 1729/3344/1186 1725/4686/1186 1724/4685/1186
f 1729/616/1187 1730/618/1187 1726/4688/1187 1725/4687/1187
f 1730/3153/1188 1727/3152/1188 1723/4690/1188 1726/4689/1188
f 1735/4691/1189 1736/4692/1189 1732/4693/1189 1731/4694/1189
f 1736/4695/1190 1737/4696/1190 1733/4697/1190 1732/4698/1190
f 1737/4699/1191 1738/4700/1191 1734/3161/1191 1733/617/1191
f 1738/4701/1192 1735/4702/1192 1731/2479/1192 1734/2482/1192
f 1739/4703/1189 1740/4704/1189 1736/4692/1189 1735/4691/1189
f 1740/4705/1190 1741/4706/1190 1737/4696/1190 1736/4695/1190
f 1741/4707/1191 1742/4708/1191 1738/4700/1191 1737/4699/1191
f 1742/4709/1192 1739/4710/1192 1735/4702/1192 1738/4701/1192
f 1743/4711/1189 1744/4712/1189 1740/4704/1189 1739/4703/1189
f 1744/4713/1190 1745/4714/1190 1741/4706/1190 1740/4705/1190
f 1745/4715/1191 1746/4716/1191 1742/4708/1191 1741/4707/1191
f 1746/4717/1192 1743/4718/1192 1739/4710/1192 1742/4709/1192
f 1747/4719/1189 1748/4720/1189 1744/4712/1189 1743/4711/1189
f 1748/4721/1190 1749/4722/1190 1745/4714/1190 1744/4713/1190
f 1749/4723/1191 1750/4724/1191 1746/4716/1191 1745/4715/1191
f 1750/4725/1192 1747/4726/1192 1743/4718/1192 1746/4717/1192
f 1751/4727/1189 1752/4728/1189 1748/4720/1189 1747/4719/1189
f 1752/4729/1190 1753/4730/1190 1749/4722/1190 1748/4721/1190
f 1753/4731/1191 1754/4732/1191 1750/4724/1191 1749/4723/1191
f 1754/4733/1192 1751/4734/1192 1747/4726/1192 1750/4725/1192
f 1755/4735/1189 1756/4736/1189 1752/4728/1189 1751/4727/1189
f 1756/4737/1190 1757/4738/1190 1753/4730/1190 1752/4729/1190
f 1757/4739/1191 1758/4740/1191 1754/4732/1191 1753/4731/1191
f 1758/4741/1192 1755/4742/1192 1751/4734/1192 1754/4733/1192
f 1759/4743/1189 1760/4744/1189 1756/4736/1189 1755/4735/1189
f 1760/4745/1190 1761/4746/1190 1757/4738/1190 1756/4737/1190
f 1761/4747/1191 1762/4748/1191 1758/4740/1191 1757/4739/1191
f 1762/4749/1193 1759/4750/1193 1755/4742/1193 1758/4741/1193
f 125/4751/1189 126/4752/1189 1760/4744/1189 1759/4743/1189
f 126/4753/1190 127/4754/1190 1761/4746/1190 1760/4745/1190
f 127/2098/1191 128/2097/1191 1762/4748/1191 1761/4747/1191
f 128/4755/1192 125/4756/1192 1759/4750/1192 1762/4749/1192
f 1767/4757/1194 1768/4758/1194 6449/4759/1194 6450/4760/1194
f 1768/4761/1195 1769/4762/1195 6448/4763/1195 6449/4764/1195
f 1769/4765/1196 1770/4766/1196 6444/4767/1196 6448/4768/1196
f 1770/4769/1197 1767/4757/1197 6450/4760/1197 6444/4770/1197
f 1771/648/1198 1772/4771/1198 1768/4758/1198 1767/4757/1198
f 1772/638/1199 1773/2835/1199 1769/4762/1199 1768/4761/1199
f 1773/2813/1196 1774/2812/1196 1770/4766/1196 1769/4765/1196
f 1774/2866/1197 1771/648/1197 1767/4757/1197 1770/4769/1197
f 1777/4772/1200 1778/4773/1200 1776/3245/1200 1775/3244/1200
f 1778/4774/1201 1779/4775/1201 1684/637/1201 1776/636/1201
f 1779/4776/1202 1780/4777/1202 1683/4778/1202 1684/4779/1202
f 1780/4780/1203 1777/4781/1203 1775/4782/1203 1683/4783/1203
f 1781/4784/1200 1782/4785/1200 1778/4773/1200 1777/4772/1200
f 1782/4786/1204 1783/4787/1204 1779/4775/1204 1778/4774/1204
f 1783/4788/1205 1784/4789/1205 1780/4777/1205 1779/4776/1205
f 1784/4790/1206 1781/4791/1206 1777/4781/1206 1780/4780/1206
f 1785/4792/1200 1786/4793/1200 1782/4785/1200 1781/4784/1200
f 1786/4794/1204 1787/4795/1204 1783/4787/1204 1782/4786/1204
f 1787/4796/1207 1788/4797/1207 1784/4789/1207 1783/4788/1207
f 1788/4798/1206 1785/4799/1206 1781/4791/1206 1784/4790/1206
f 129/4800/1208 130/4801/1208 1786/4793/1208 1785/4792/1208
f 130/4802/1209 131/4803/1209 1787/4795/1209 1786/4794/1209
f 131/4804/1210 132/4805/1210 1788/4797/1210 1787/4796/1210
f 132/4806/1211 129/4807/1211 1785/4799/1211 1788/4798/1211
f 1789/4808/1212 1790/4809/1212 130/4801/1212 129/4800/1212
f 1790/4810/1213 1791/4811/1213 131/4812/1213 130/4813/1213
f 1791/4814/1214 1792/4815/1214 132/4805/1214 131/4804/1214
f 1792/4816/1215 1789/4817/1215 129/4818/1215 132/4819/1215
f 1793/4820/1216 1794/4821/1216 1790/4809/1216 1789/4808/1216
f 1794/4822/1217 1795/4823/1217 1791/4811/1217 1790/4810/1217
f 1795/4824/1218 1796/4825/1218 1792/4815/1218 1791/4814/1218
f 1796/4826/1219 1793/4827/1219 1789/4817/1219 1792/4816/1219
f 1797/4828/1216 1798/4829/1216 1794/4821/1216 1793/4820/1216
f 1798/4830/1217 1799/4831/1217 1795/4823/1217 1794/4822/1217
f 1799/4832/1218 1800/4833/1218 1796/4825/1218 1795/4824/1218
f 1800/4834/1219 1797/4835/1219 1793/4827/1219 1796/4826/1219
f 1801/4836/1216 1802/4837/1216 1798/4829/1216 1797/4828/1216
f 1802/4838/1217 1803/4839/1217 1799/4831/1217 1798/4830/1217
f 1803/4840/1218 1804/4841/1218 1800/4833/1218 1799/4832/1218
f 1804/4842/1219 1801/4843/1219 1797/4835/1219 1800/4834/1219
f 1805/4844/1216 1806/4845/1216 1802/4837/1216 1801/4836/1216
f 1806/4846/1217 1807/4847/1217 1803/4839/1217 1802/4838/1217
f 1807/4848/1218 1808/4849/1218 1804/4841/1218 1803/4840/1218
f 1808/4850/1219 1805/4851/1219 1801/4843/1219 1804/4842/1219
f 1809/4852/1216 1810/4853/1216 1806/4845/1216 1805/4844/1216
f 1810/4854/1217 1811/4855/1217 1807/4847/1217 1806/4846/1217
f 1811/4856/1218 1812/4857/1218 1808/4849/1218 1807/4848/1218
f 1812/4858/1219 1809/4859/1219 1805/4851/1219 1808/4850/1219
f 1813/4860/1216 1814/4861/1216 1810/4853/1216 1809/4852/1216
f 1814/4862/1217 1815/4863/1217 1811/4855/1217 1810/4854/1217
f 1815/4864/1218 1816/4865/1218 1812/4857/1218 1811/4856/1218
f 1816/4866/1219 1813/4867/1219 1809/4859/1219 1812/4858/1219
f 133/4868/1220 134/4869/1220 1814/4861/1220 1813/4860/1220
f 134/4870/1221 135/4871/1221 1815/4863/1221 1814/4862/1221
f 135/4872/1222 136/4873/1222 1816/4865/1222 1815/4864/1222
f 136/4874/1223 133/4875/1223 1813/4867/1223 1816/4866/1223
f 1817/4876/1224 1818/4877/1224 134/4869/1224 133/4868/1224
f 1818/4878/1225 1819/4879/1225 135/4871/1225 134/4870/1225
f 1819/4880/1226 1820/4881/1226 136/4873/1226 135/4872/1226
f 1820/4882/1227 1817/4883/1227 133/4875/1227 136/4874/1227
f 1821/4884/1228 1822/4885/1228 1818/4877/1228 1817/4876/1228
f 1822/4886/1229 1823/4887/1229 1819/4879/1229 1818/4878/1229
f 1823/4888/1230 1824/4889/1230 1820/4881/1230 1819/4880/1230
f 1824/4890/1231 1821/4891/1231 1817/4883/1231 1820/4882/1231
f 1825/4892/1232 1826/4893/1232 1822/4885/1232 1821/4884/1232
f 1826/4894/1229 1827/4895/1229 1823/4887/1229 1822/4886/1229
f 1827/4896/1230 1828/4897/1230 1824/4889/1230 1823/4888/1230
f 1828/4898/1231 1825/4899/1231 1821/4891/1231 1824/4890/1231
f 1829/4900/1232 1830/4901/1232 1826/4893/1232 1825/4892/1232
f 1830/4902/1229 1831/4903/1229 1827/4895/1229 1826/4894/1229
f 1831/4904/1230 1832/4905/1230 1828/4897/1230 1827/4896/1230
f 1832/4906/1231 1829/4907/1231 1825/4899/1231 1828/4898/1231
f 1833/4908/1232 1834/4909/1232 1830/4901/1232 1829/4900/1232
f 1834/4910/1229 1835/4911/1229 1831/4903/1229 1830/4902/1229
f 1835/4912/1230 1836/4913/1230 1832/4905/1230 1831/4904/1230
f 1836/4914/1231 1833/4915/1231 1829/4907/1231 1832/4906/1231
f 1837/4916/1228 1838/4917/1228 1834/4909/1228 1833/4908/1228
f 1838/4918/1229 1839/4919/1229 1835/4911/1229 1834/4910/1229
f 1839/4920/1230 1840/4921/1230 1836/4913/1230 1835/4912/1230
f 1840/4922/1231 1837/4923/1231 1833/4915/1231 1836/4914/1231
f 1841/4924/1228 1842/4925/1228 1838/4917/1228 1837/4916/1228
f 1842/4926/1229 1843/4927/1229 1839/4919/1229 1838/4918/1229
f 1843/4928/1230 1844/4929/1230 1840/4921/1230 1839/4920/1230
f 1844/4930/1231 1841/4931/1231 1837/4923/1231 1840/4922/1231
f 1845/4932/1228 1846/4933/1228 1842/4925/1228 1841/4924/1228
f 1846/4934/1229 1847/4935/1229 1843/4927/1229 1842/4926/1229
f 1847/4936/1230 1848/4937/1230 1844/4929/1230 1843/4928/1230
f 1848/4938/1231 1845/4939/1231 1841/4931/1231 1844/4930/1231
f 1849/4940/1228 1850/4941/1228 1846/4933/1228 1845/4932/1228
f 1850/4942/1229 1851/4943/1229 1847/4935/1229 1846/4934/1229
f 1851/4944/1230 1852/4945/1230 1848/4937/1230 1847/4936/1230
f 1852/4946/1231 1849/4947/1231 1845/4939/1231 1848/4938/1231
f 1853/4948/1228 1854/4949/1228 1850/4941/1228 1849/4940/1228
f 1854/4950/1229 1855/4951/1229 1851/4943/1229 1850/4942/1229
f 1855/4952/1230 1856/4953/1230 1852/4945/1230 1851/4944/1230
f 1856/4954/1231 1853/4955/1231 1849/4947/1231 1852/4946/1231
f 137/4956/1228 138/4957/1228 1854/4949/1228 1853/4948/1228
f 138/4958/1229 139/4959/1229 1855/4951/1229 1854/4950/1229
f 139/4960/1230 140/4961/1230 1856/4953/1230 1855/4952/1230
f 140/4962/1231 137/4963/1231 1853/4955/1231 1856/4954/1231
f 1860/4964/1233 1861/4965/1233 1858/2587/1233 1857/2590/1233
f 1861/4966/1234 1862/4967/1234 1764/2639/1234 1858/2638/1234
f 1862/4968/1235 1863/4969/1235 1859/2473/1235 1764/2475/1235
f 1863/4970/1236 1860/4971/1236 1857/562/1236 1859/561/1236
f 1864/4972/1233 1865/4973/1233 1861/4965/1233 1860/4964/1233
f 1865/4974/1237 1866/4975/1237 1862/4967/1237 1861/4966/1237
f 1866/4976/1238 1867/4977/1238 1863/4969/1238 1862/4968/1238
f 1867/4978/1239 1864/4979/1239 1860/4971/1239 1863/4970/1239
f 1868/4980/1233 1869/4981/1233 1865/4973/1233 1864/4972/1233
f 1869/4982/1237 1870/4983/1237 1866/4975/1237 1865/4974/1237
f 1870/4984/1238 1871/4985/1238 1867/4977/1238 1866/4976/1238
f 1871/4986/1239 1868/4987/1239 1864/4979/1239 1867/4978/1239
f 1872/4988/1233 1873/4989/1233 1869/4981/1233 1868/4980/1233
f 1873/4990/1237 1874/4991/1237 1870/4983/1237 1869/4982/1237
f 1874/4992/1238 1875/4993/1238 1871/4985/1238 1870/4984/1238
f 1875/4994/1236 1872/4995/1236 1868/4987/1236 1871/4986/1236
f 1876/4996/1233 1877/4997/1233 1873/4989/1233 1872/4988/1233
f 1877/4998/1237 1878/4999/1237 1874/4991/1237 1873/4990/1237
f 1878/5000/1238 1879/5001/1238 1875/4993/1238 1874/4992/1238
f 1879/5002/1239 1876/5003/1239 1872/4995/1239 1875/4994/1239
f 141/5004/1240 142/5005/1240 1877/4997/1240 1876/4996/1240
f 142/5006/1241 143/5007/1241 1878/4999/1241 1877/4998/1241
f 143/5008/1242 144/5009/1242 1879/5001/1242 1878/5000/1242
f 144/5010/1243 141/5011/1243 1876/5003/1243 1879/5002/1243
f 1882/5012/1244 1883/5013/1244 1880/2683/1244 654/2682/1244
f 1883/5014/1245 1884/5015/1245 655/5016/1245 1880/5017/1245
f 1884/5018/1246 1885/5019/1246 1881/5020/1246 655/5021/1246
f 1885/5022/1247 1882/5023/1247 654/2921/1247 1881/2924/1247
f 1886/5024/1248 1887/5025/1248 1883/5013/1248 1882/5012/1248
f 1887/5026/1249 1888/5027/1249 1884/5015/1249 1883/5014/1249
f 1888/5028/1250 1889/5029/1250 1885/5019/1250 1884/5018/1250
f 1889/5030/1251 1886/5031/1251 1882/5023/1251 1885/5022/1251
f 1890/5032/1248 1891/5033/1248 1887/5025/1248 1886/5024/1248
f 1891/5034/1249 1892/5035/1249 1888/5027/1249 1887/5026/1249
f 1892/5036/1250 1893/5037/1250 1889/5029/1250 1888/5028/1250
f 1893/5038/1251 1890/5039/1251 1886/5031/1251 1889/5030/1251
f 1894/5040/1248 1895/5041/1248 1891/5033/1248 1890/5032/1248
f 1895/5042/1249 1896/5043/1249 1892/5035/1249 1891/5034/1249
f 1896/5044/1250 1897/5045/1250 1893/5037/1250 1892/5036/1250
f 1897/5046/1251 1894/5047/1251 1890/5039/1251 1893/5038/1251
f 1898/5048/1248 1899/5049/1248 1895/5041/1248 1894/5040/1248
f 1899/5050/1249 1900/5051/1249 1896/5043/1249 1895/5042/1249
f 1900/5052/1250 1901/5053/1250 1897/5045/1250 1896/5044/1250
f 1901/5054/1251 1898/5055/1251 1894/5047/1251 1897/5046/1251
f 1902/5056/1248 1903/5057/1248 1899/5049/1248 1898/5048/1248
f 1903/5058/1249 1904/5059/1249 1900/5051/1249 1899/5050/1249
f 1904/5060/1250 1905/5061/1250 1901/5053/1250 1900/5052/1250
f 1905/5062/1251 1902/5063/1251 1898/5055/1251 1901/5054/1251
f 1906/5064/1248 1907/5065/1248 1903/5057/1248 1902/5056/1248
f 1907/5066/1249 1908/5067/1249 1904/5059/1249 1903/5058/1249
f 1908/5068/1250 1909/5069/1250 1905/5061/1250 1904/5060/1250
f 1909/5070/1251 1906/5071/1251 1902/5063/1251 1905/5062/1251
f 1910/5072/1248 1911/5073/1248 1907/5065/1248 1906/5064/1248
f 1911/3317/1249 1912/3062/1249 1908/5067/1249 1907/5066/1249
f 1912/5074/1250 1913/5075/1250 1909/5069/1250 1908/5068/1250
f 1913/3000/1251 1910/2846/1251 1906/5071/1251 1909/5070/1251
f 1918/5076/1252 1919/5077/1252 1915/5078/1252 1914/5079/1252
f 1919/5080/1253 1920/5081/1253 1916/3393/1253 1915/3319/1253
f 1920/5082/1254 1921/5083/1254 1917/672/1254 1916/671/1254
f 1921/5084/1255 1918/5085/1255 1914/678/1255 1917/677/1255
f 1922/5086/1252 1923/5087/1252 1919/5077/1252 1918/5076/1252
f 1923/5088/1253 1924/5089/1253 1920/5081/1253 1919/5080/1253
f 1924/5090/1256 1925/5091/1256 1921/5083/1256 1920/5082/1256
f 1925/5092/1257 1922/5093/1257 1918/5085/1257 1921/5084/1257
f 1926/5094/1252 1927/5095/1252 1923/5087/1252 1922/5086/1252
f 1927/5096/1258 1928/5097/1258 1924/5089/1258 1923/5088/1258
f 1928/5098/1256 1929/5099/1256 1925/5091/1256 1924/5090/1256
f 1929/5100/1257 1926/5101/1257 1922/5093/1257 1925/5092/1257
f 1930/3531/1259 1931/3534/1259 1927/5095/1259 1926/5094/1259
f 1931/5102/1253 1932/5103/1253 1928/5097/1253 1927/5096/1253
f 1932/5104/1256 1933/5105/1256 1929/5099/1256 1928/5098/1256
f 1933/3557/1257 1930/3560/1257 1926/5101/1257 1929/5100/1257
f 1937/5106/1260 1938/5107/1260 1917/677/1260 1934/679/1260
f 1938/5108/1261 1939/5109/1261 1935/3063/1261 1917/5110/1261
f 1939/5109/1262 1940/5111/1262 1936/3064/1262 1935/3063/1262
f 1940/5112/1263 1937/5113/1263 1934/5114/1263 1936/5115/1263
f 1941/5116/1264 1942/5117/1264 1938/5107/1264 1937/5106/1264
f 1942/5118/1265 1943/5119/1265 1939/5120/1265 1938/5121/1265
f 1943/5122/1262 1944/5123/1262 1940/5111/1262 1939/5109/1262
f 1944/5124/1263 1941/5125/1263 1937/5113/1263 1940/5112/1263
f 1945/5126/1264 1946/5127/1264 1942/5117/1264 1941/5116/1264
f 1946/5128/1265 1947/5129/1265 1943/5119/1265 1942/5118/1265
f 1947/5130/1262 1948/5131/1262 1944/5123/1262 1943/5122/1262
f 1948/5132/1263 1945/5133/1263 1941/5125/1263 1944/5124/1263
f 1949/5134/1264 1950/5135/1264 1946/5127/1264 1945/5126/1264
f 1950/5136/1265 1951/5137/1265 1947/5129/1265 1946/5128/1265
f 1951/5138/1262 1952/5139/1262 1948/5131/1262 1947/5130/1262
f 1952/5140/1263 1949/5141/1263 1945/5133/1263 1948/5132/1263
f 1953/3314/1264 1954/3313/1264 1950/5135/1264 1949/5134/1264
f 1954/691/1265 1955/690/1265 1951/5137/1265 1950/5136/1265
f 1955/3425/1262 1956/3428/1262 1952/5139/1262 1951/5138/1262
f 1956/622/1263 1953/621/1263 1949/5141/1263 1952/5140/1263
f 1961/5142/1266 1962/5143/1266 1958/3316/1266 1957/3315/1266
f 1962/5144/1267 1963/5145/1267 1959/3061/1267 1958/3060/1267
f 1963/5146/1268 1964/5147/1268 1960/5148/1268 1959/5149/1268
f 1964/5150/1269 1961/5151/1269 1957/623/1269 1960/3088/1269
f 1965/5152/1266 1966/5153/1266 1962/5143/1266 1961/5142/1266
f 1966/5154/1267 1967/5155/1267 1963/5145/1267 1962/5144/1267
f 1967/5156/1268 1968/5157/1268 1964/5147/1268 1963/5146/1268
f 1968/5158/1269 1965/5159/1269 1961/5151/1269 1964/5150/1269
f 1969/5160/1266 1970/5161/1266 1966/5153/1266 1965/5152/1266
f 1970/5162/1267 1971/5163/1267 1967/5155/1267 1966/5154/1267
f 1971/5164/1268 1972/5165/1268 1968/5157/1268 1967/5156/1268
f 1972/5166/1269 1969/5167/1269 1965/5159/1269 1968/5158/1269
f 1973/5168/1266 1974/5169/1266 1970/5161/1266 1969/5160/1266
f 1974/5170/1267 1975/5171/1267 1971/5163/1267 1970/5162/1267
f 1975/5172/1268 1976/5173/1268 1972/5165/1268 1971/5164/1268
f 1976/5174/1269 1973/5175/1269 1969/5167/1269 1972/5166/1269
f 1977/5176/1266 1978/5177/1266 1974/5169/1266 1973/5168/1266
f 1978/5178/1267 1979/5179/1267 1975/5171/1267 1974/5170/1267
f 1979/5180/1268 1980/5181/1268 1976/5173/1268 1975/5172/1268
f 1980/5182/1269 1977/5183/1269 1973/5175/1269 1976/5174/1269
f 1981/5184/1266 1982/5185/1266 1978/5177/1266 1977/5176/1266
f 1982/5186/1267 1983/5187/1267 1979/5179/1267 1978/5178/1267
f 1983/5188/1268 1984/5189/1268 1980/5181/1268 1979/5180/1268
f 1984/5190/1269 1981/5191/1269 1977/5183/1269 1980/5182/1269
f 1985/5192/1266 1986/5193/1266 1982/5185/1266 1981/5184/1266
f 1986/5194/1267 1987/5195/1267 1983/5187/1267 1982/5186/1267
f 1987/5196/1268 1988/5197/1268 1984/5189/1268 1983/5188/1268
f 1988/5198/1269 1985/5199/1269 1981/5191/1269 1984/5190/1269
f 1989/5200/1270 1990/5201/1270 1986/5193/1270 1985/5192/1270
f 1990/5202/1267 1991/5203/1267 1987/5195/1267 1986/5194/1267
f 1991/5204/1268 1992/5205/1268 1988/5197/1268 1987/5196/1268
f 1992/5206/1269 1989/5207/1269 1985/5199/1269 1988/5198/1269
f 1993/5208/1270 1994/5209/1270 1990/5201/1270 1989/5200/1270
f 1994/5210/1267 1995/5211/1267 1991/5203/1267 1990/5202/1267
f 1995/5212/1268 1996/5213/1268 1992/5205/1268 1991/5204/1268
f 1996/5214/1269 1993/5215/1269 1989/5207/1269 1992/5206/1269
f 1997/5216/1271 1998/5217/1271 1994/5209/1271 1993/5208/1271
f 1998/5218/1267 1999/5219/1267 1995/5211/1267 1994/5210/1267
f 1999/5220/1268 2000/5221/1268 1996/5213/1268 1995/5212/1268
f 2000/5222/1269 1997/5223/1269 1993/5215/1269 1996/5214/1269
f 2001/5224/1270 2002/5225/1270 1998/5217/1270 1997/5216/1270
f 2002/5226/1267 2003/5227/1267 1999/5219/1267 1998/5218/1267
f 2003/5228/1268 2004/5229/1268 2000/5221/1268 1999/5220/1268
f 2004/5230/1269 2001/5231/1269 1997/5223/1269 2000/5222/1269
f 2005/5232/1270 2006/5233/1270 2002/5225/1270 2001/5224/1270
f 2006/5234/1267 2007/5235/1267 2003/5227/1267 2002/5226/1267
f 2007/5236/1268 2008/5237/1268 2004/5229/1268 2003/5228/1268
f 2008/5238/1269 2005/5239/1269 2001/5231/1269 2004/5230/1269
f 149/5240/1266 150/5241/1266 2006/5233/1266 2005/5232/1266
f 150/5242/1267 151/5243/1267 2007/5235/1267 2006/5234/1267
f 151/5244/1268 152/5245/1268 2008/5237/1268 2007/5236/1268
f 152/5246/1269 149/5247/1269 2005/5239/1269 2008/5238/1269
f 2013/5248/1272 2014/5249/1272 2010/3559/1272 2009/3558/1272
f 2014/5250/1273 2015/5251/1273 2011/3349/1273 2010/3348/1273
f 2015/5252/1274 2016/5253/1274 2012/5254/1274 2011/5255/1274
f 2016/5256/1275 2013/5257/1275 2009/692/1275 2012/3519/1275
f 2017/5258/1272 2018/5259/1272 2014/5249/1272 2013/5248/1272
f 2018/5260/1276 2019/5261/1276 2015/5251/1276 2014/5250/1276
f 2019/5262/1277 2020/5263/1277 2016/5253/1277 2015/5252/1277
f 2020/5264/1278 2017/5265/1278 2013/5257/1278 2016/5256/1278
f 2021/5266/1272 2022/5267/1272 2018/5259/1272 2017/5258/1272
f 2022/5268/1276 2023/5269/1276 2019/5261/1276 2018/5260/1276
f 2023/5270/1277 2024/5271/1277 2020/5263/1277 2019/5262/1277
f 2024/5272/1278 2021/5273/1278 2017/5265/1278 2020/5264/1278
f 2025/5274/1279 2026/5275/1279 2022/5267/1279 2021/5266/1279
f 2026/5276/1276 2027/5277/1276 2023/5269/1276 2022/5268/1276
f 2027/5278/1277 2028/5279/1277 2024/5271/1277 2023/5270/1277
f 2028/5280/1278 2025/5281/1278 2021/5273/1278 2024/5272/1278
f 2029/5282/1279 2030/5283/1279 2026/5275/1279 2025/5274/1279
f 2030/5284/1276 2031/5285/1276 2027/5277/1276 2026/5276/1276
f 2031/5286/1277 2032/5287/1277 2028/5279/1277 2027/5278/1277
f 2032/5288/1278 2029/5289/1278 2025/5281/1278 2028/5280/1278
f 2033/5290/1272 2034/5291/1272 2030/5283/1272 2029/5282/1272
f 2034/5292/1276 2035/5293/1276 2031/5285/1276 2030/5284/1276
f 2035/5294/1277 2036/5295/1277 2032/5287/1277 2031/5286/1277
f 2036/5296/1278 2033/5297/1278 2029/5289/1278 2032/5288/1278
f 2037/5298/1279 2038/5299/1279 2034/5291/1279 2033/5290/1279
f 2038/5300/1276 2039/5301/1276 2035/5293/1276 2034/5292/1276
f 2039/5302/1277 2040/5303/1277 2036/5295/1277 2035/5294/1277
f 2040/5304/1278 2037/5305/1278 2033/5297/1278 2036/5296/1278
f 2041/5306/1272 2042/5307/1272 2038/5299/1272 2037/5298/1272
f 2042/5308/1276 2043/5309/1276 2039/5301/1276 2038/5300/1276
f 2043/5310/1277 2044/5311/1277 2040/5303/1277 2039/5302/1277
f 2044/5312/1278 2041/5313/1278 2037/5305/1278 2040/5304/1278
f 2045/5314/1272 2046/5315/1272 2042/5307/1272 2041/5306/1272
f 2046/5316/1276 2047/5317/1276 2043/5309/1276 2042/5308/1276
f 2047/5318/1277 2048/5319/1277 2044/5311/1277 2043/5310/1277
f 2048/5320/1278 2045/5321/1278 2041/5313/1278 2044/5312/1278
f 153/5322/1279 154/5323/1279 2046/5315/1279 2045/5314/1279
f 154/5324/1276 155/5325/1276 2047/5317/1276 2046/5316/1276
f 155/5326/1277 156/5327/1277 2048/5319/1277 2047/5318/1277
f 156/5328/1278 153/5329/1278 2045/5321/1278 2048/5320/1278
f 2053/5330/1280 2054/5331/1280 6453/5332/1280 6454/5333/1280
f 2054/5334/1281 2055/5335/1281 2051/5336/1281 6453/5337/1281
f 2055/5338/1282 2056/5339/1282 6452/5340/1282 2051/5341/1282
f 2056/5342/1283 2053/5343/1283 6454/5344/1283 6452/5345/1283
f 2057/5346/1280 2058/5347/1280 2054/5331/1280 2053/5330/1280
f 2058/5348/1281 2059/5349/1281 2055/5335/1281 2054/5334/1281
f 2059/5350/1284 2060/5351/1284 2056/5339/1284 2055/5338/1284
f 2060/5352/1283 2057/5353/1283 2053/5343/1283 2056/5342/1283
f 2061/5354/1280 2062/5355/1280 2058/5347/1280 2057/5346/1280
f 2062/5356/1281 2063/5357/1281 2059/5349/1281 2058/5348/1281
f 2063/5358/1282 2064/5359/1282 2060/5351/1282 2059/5350/1282
f 2064/5360/1283 2061/5361/1283 2057/5353/1283 2060/5352/1283
f 2065/5362/1280 2066/5363/1280 2062/5355/1280 2061/5354/1280
f 2066/5364/1281 2067/5365/1281 2063/5357/1281 2062/5356/1281
f 2067/5366/1284 2068/5367/1284 2064/5359/1284 2063/5358/1284
f 2068/5368/1283 2065/5369/1283 2061/5361/1283 2064/5360/1283
f 2069/5370/1280 2070/5371/1280 2066/5363/1280 2065/5362/1280
f 2070/5372/1281 2071/5373/1281 2067/5365/1281 2066/5364/1281
f 2071/5374/1282 2072/5375/1282 2068/5367/1282 2067/5366/1282
f 2072/5376/1283 2069/5377/1283 2065/5369/1283 2068/5368/1283
f 157/5378/1280 158/5379/1280 2070/5371/1280 2069/5370/1280
f 158/5380/1281 159/5381/1281 2071/5373/1281 2070/5372/1281
f 159/5382/1282 160/5383/1282 2072/5375/1282 2071/5374/1282
f 160/5384/1283 157/5385/1283 2069/5377/1283 2072/5376/1283
f 2075/5386/1285 2076/5387/1285 2074/5388/1285 2073/5389/1285
f 2076/5390/1286 2077/5391/1286 2012/3519/1286 2074/654/1286
f 2077/5392/1287 2078/5393/1287 2011/5394/1287 2012/5395/1287
f 2078/5396/1288 2075/5397/1288 2073/3350/1288 2011/3349/1288
f 2079/5398/1285 2080/5399/1285 2076/5387/1285 2075/5386/1285
f 2080/5400/1289 2081/5401/1289 2077/5391/1289 2076/5390/1289
f 2081/5402/1290 2082/5403/1290 2078/5404/1290 2077/5405/1290
f 2082/5406/1291 2079/5407/1291 2075/5397/1291 2078/5396/1291
f 2083/5408/1285 2084/5409/1285 2080/5399/1285 2079/5398/1285
f 2084/5410/1289 2085/5411/1289 2081/5401/1289 2080/5400/1289
f 2085/5412/1290 2086/5413/1290 2082/5403/1290 2081/5402/1290
f 2086/5414/1291 2083/5415/1291 2079/5407/1291 2082/5406/1291
f 161/5416/1285 162/5417/1285 2084/5409/1285 2083/5408/1285
f 162/5418/1289 163/5419/1289 2085/5411/1289 2084/5410/1289
f 163/5420/1290 164/5421/1290 2086/5413/1290 2085/5412/1290
f 164/5422/1291 161/5423/1291 2083/5415/1291 2086/5414/1291
f 6457/5424/1292 6456/5425/1292 2088/5426/1292 2087/5427/1292
f 6456/5428/1293 6455/5429/1293 2089/1039/1293 2088/1012/1293
f 6455/5430/1294 6451/5431/1294 2090/2617/1294 2089/2616/1294
f 6451/5432/1295 6457/5433/1295 2087/2899/1295 2090/2575/1295
f 2099/5434/1296 2100/5435/1296 6460/5436/1296 6461/5437/1296
f 2100/5438/1297 2101/5439/1297 6459/5440/1297 6460/5441/1297
f 2101/5442/1298 2102/5443/1298 6458/5444/1298 6459/5445/1298
f 2102/5446/1299 2099/5447/1299 6461/5448/1299 6458/5449/1299
f 2103/5450/1296 2104/5451/1296 2100/5435/1296 2099/5434/1296
f 2104/5452/1297 2105/5453/1297 2101/5439/1297 2100/5438/1297
f 2105/5454/1298 2106/5455/1298 2102/5443/1298 2101/5442/1298
f 2106/5456/1299 2103/5457/1299 2099/5447/1299 2102/5446/1299
f 2107/5458/1296 2108/5459/1296 2104/5451/1296 2103/5450/1296
f 2108/5460/1297 2109/5461/1297 2105/5453/1297 2104/5452/1297
f 2109/5462/1298 2110/5463/1298 2106/5455/1298 2105/5454/1298
f 2110/5464/1299 2107/5465/1299 2103/5457/1299 2106/5456/1299
f 2111/5466/1296 2112/5467/1296 2108/5459/1296 2107/5458/1296
f 2112/5468/1297 2113/5469/1297 2109/5461/1297 2108/5460/1297
f 2113/5470/1298 2114/5471/1298 2110/5463/1298 2109/5462/1298
f 2114/5472/1299 2111/5473/1299 2107/5465/1299 2110/5464/1299
f 2115/5474/1296 2116/5475/1296 2112/5467/1296 2111/5466/1296
f 2116/5476/1297 2117/5477/1297 2113/5469/1297 2112/5468/1297
f 2117/5478/1298 2118/5479/1298 2114/5471/1298 2113/5470/1298
f 2118/5480/1299 2115/5481/1299 2111/5473/1299 2114/5472/1299
f 2119/5482/1296 2120/5483/1296 2116/5475/1296 2115/5474/1296
f 2120/5484/1297 2121/5485/1297 2117/5477/1297 2116/5476/1297
f 2121/5486/1298 2122/5487/1298 2118/5479/1298 2117/5478/1298
f 2122/5488/1299 2119/5489/1299 2115/5481/1299 2118/5480/1299
f 2123/5490/1296 2124/5491/1296 2120/5483/1296 2119/5482/1296
f 2124/5492/1297 2125/5493/1297 2121/5485/1297 2120/5484/1297
f 2125/5494/1298 2126/5495/1298 2122/5487/1298 2121/5486/1298
f 2126/5496/1299 2123/5497/1299 2119/5489/1299 2122/5488/1299
f 2127/774/1296 2128/2563/1296 2124/5491/1296 2123/5490/1296
f 2128/2633/1297 2129/2632/1297 2125/5493/1297 2124/5492/1297
f 2129/2671/1298 2130/2670/1298 2126/5495/1298 2125/5494/1298
f 2130/2653/1299 2127/2652/1299 2123/5497/1299 2126/5496/1299
f 2135/5498/1300 2136/5499/1300 2132/776/1300 2131/775/1300
f 2136/5500/1301 2137/5501/1301 2133/2411/1301 2132/2414/1301
f 2137/5502/1302 2138/5503/1302 2134/2707/1302 2133/785/1302
f 2138/5504/1303 2135/5505/1303 2131/2651/1303 2134/2650/1303
f 2139/5506/1300 2140/5507/1300 2136/5499/1300 2135/5498/1300
f 2140/5508/1301 2141/5509/1301 2137/5501/1301 2136/5500/1301
f 2141/5510/1302 2142/5511/1302 2138/5503/1302 2137/5502/1302
f 2142/5512/1303 2139/5513/1303 2135/5505/1303 2138/5504/1303
f 2143/5514/1300 2144/5515/1300 2140/5507/1300 2139/5506/1300
f 2144/5516/1301 2145/5517/1301 2141/5509/1301 2140/5508/1301
f 2145/5518/1302 2146/5519/1302 2142/5511/1302 2141/5510/1302
f 2146/5520/1303 2143/5521/1303 2139/5513/1303 2142/5512/1303
f 2147/5522/1300 2148/5523/1300 2144/5515/1300 2143/5514/1300
f 2148/5524/1301 2149/5525/1301 2145/5517/1301 2144/5516/1301
f 2149/5526/1302 2150/5527/1302 2146/5519/1302 2145/5518/1302
f 2150/5528/1303 2147/5529/1303 2143/5521/1303 2146/5520/1303
f 2151/5530/1300 2152/5531/1300 2148/5523/1300 2147/5522/1300
f 2152/5532/1301 2153/5533/1301 2149/5525/1301 2148/5524/1301
f 2153/5534/1302 2154/5535/1302 2150/5527/1302 2149/5526/1302
f 2154/5536/1303 2151/5537/1303 2147/5529/1303 2150/5528/1303
f 2155/5538/1300 2156/5539/1300 2152/5531/1300 2151/5530/1300
f 2156/5540/1301 2157/5541/1301 2153/5533/1301 2152/5532/1301
f 2157/5542/1302 2158/5543/1302 2154/5535/1302 2153/5534/1302
f 2158/5544/1303 2155/5545/1303 2151/5537/1303 2154/5536/1303
f 2159/5546/1300 2160/5547/1300 2156/5539/1300 2155/5538/1300
f 2160/5548/1301 2161/5549/1301 2157/5541/1301 2156/5540/1301
f 2161/5550/1302 2162/5551/1302 2158/5543/1302 2157/5542/1302
f 2162/5552/1303 2159/5553/1303 2155/5545/1303 2158/5544/1303
f 2163/5554/1300 2164/5555/1300 2160/5547/1300 2159/5546/1300
f 2164/5556/1301 2165/5557/1301 2161/5549/1301 2160/5548/1301
f 2165/5558/1302 2166/5559/1302 2162/5551/1302 2161/5550/1302
f 2166/5560/1303 2163/5561/1303 2159/5553/1303 2162/5552/1303
f 2167/5562/1300 2168/5563/1300 2164/5555/1300 2163/5554/1300
f 2168/5564/1301 2169/5565/1301 2165/5557/1301 2164/5556/1301
f 2169/5566/1302 2170/5567/1302 2166/5559/1302 2165/5558/1302
f 2170/5568/1303 2167/5569/1303 2163/5561/1303 2166/5560/1303
f 2171/5570/1300 2172/5571/1300 2168/5563/1300 2167/5562/1300
f 2172/5572/1301 2173/5573/1301 2169/5565/1301 2168/5564/1301
f 2173/5574/1302 2174/5575/1302 2170/5567/1302 2169/5566/1302
f 2174/5576/1303 2171/5577/1303 2167/5569/1303 2170/5568/1303
f 2175/5578/1300 2176/5579/1300 2172/5571/1300 2171/5570/1300
f 2176/5580/1301 2177/5581/1301 2173/5573/1301 2172/5572/1301
f 2177/5582/1302 2178/5583/1302 2174/5575/1302 2173/5574/1302
f 2178/5584/1303 2175/5585/1303 2171/5577/1303 2174/5576/1303
f 2179/5586/1300 2180/5587/1300 2176/5579/1300 2175/5578/1300
f 2180/5588/1301 2181/5589/1301 2177/5581/1301 2176/5580/1301
f 2181/5590/1302 2182/5591/1302 2178/5583/1302 2177/5582/1302
f 2182/5592/1303 2179/5593/1303 2175/5585/1303 2178/5584/1303
f 2183/5594/1300 2184/5595/1300 2180/5587/1300 2179/5586/1300
f 2184/5596/1301 2185/5597/1301 2181/5589/1301 2180/5588/1301
f 2185/5598/1302 2186/5599/1302 2182/5591/1302 2181/5590/1302
f 2186/5600/1303 2183/5601/1303 2179/5593/1303 2182/5592/1303
f 2187/5602/1300 2188/5603/1300 2184/5595/1300 2183/5594/1300
f 2188/5604/1301 2189/5605/1301 2185/5597/1301 2184/5596/1301
f 2189/5606/1302 2190/5607/1302 2186/5599/1302 2185/5598/1302
f 2190/5608/1303 2187/5609/1303 2183/5601/1303 2186/5600/1303
f 2191/5610/1300 2192/5611/1300 2188/5603/1300 2187/5602/1300
f 2192/5612/1301 2193/5613/1301 2189/5605/1301 2188/5604/1301
f 2193/5614/1302 2194/5615/1302 2190/5607/1302 2189/5606/1302
f 2194/5616/1303 2191/5617/1303 2187/5609/1303 2190/5608/1303
f 2195/5618/1300 2196/5619/1300 2192/5611/1300 2191/5610/1300
f 2196/5620/1301 2197/5621/1301 2193/5613/1301 2192/5612/1301
f 2197/5622/1302 2198/5623/1302 2194/5615/1302 2193/5614/1302
f 2198/5624/1303 2195/5625/1303 2191/5617/1303 2194/5616/1303
f 165/5626/1304 166/5627/1304 2196/5619/1304 2195/5618/1304
f 166/5628/1305 167/5629/1305 2197/5621/1305 2196/5620/1305
f 167/5630/1306 168/5631/1306 2198/5623/1306 2197/5622/1306
f 168/5632/1307 165/5633/1307 2195/5625/1307 2198/5624/1307
f 2199/5634/1308 2200/5635/1308 166/5627/1308 165/5626/1308
f 2200/5636/1309 2201/5637/1309 167/5629/1309 166/5628/1309
f 2201/5638/1310 2202/5639/1310 168/5640/1310 167/5641/1310
f 2202/5642/1311 2199/5643/1311 165/5633/1311 168/5632/1311
f 2203/5644/1312 2204/5645/1312 2200/5635/1312 2199/5634/1312
f 2204/5646/1313 2205/5647/1313 2201/5637/1313 2200/5636/1313
f 2205/5648/1314 2206/5649/1314 2202/5639/1314 2201/5638/1314
f 2206/5650/1315 2203/5651/1315 2199/5643/1315 2202/5642/1315
f 2207/5652/1312 2208/5653/1312 2204/5645/1312 2203/5644/1312
f 2208/5654/1313 2209/5655/1313 2205/5647/1313 2204/5646/1313
f 2209/5656/1314 2210/5657/1314 2206/5649/1314 2205/5648/1314
f 2210/5658/1315 2207/5659/1315 2203/5651/1315 2206/5650/1315
f 2211/5660/1312 2212/5661/1312 2208/5653/1312 2207/5652/1312
f 2212/5662/1313 2213/5663/1313 2209/5655/1313 2208/5654/1313
f 2213/5664/1314 2214/5665/1314 2210/5657/1314 2209/5656/1314
f 2214/5666/1315 2211/5667/1315 2207/5659/1315 2210/5658/1315
f 2215/5668/1312 2216/5669/1312 2212/5661/1312 2211/5660/1312
f 2216/5670/1313 2217/5671/1313 2213/5663/1313 2212/5662/1313
f 2217/5672/1314 2218/5673/1314 2214/5665/1314 2213/5664/1314
f 2218/5674/1315 2215/5675/1315 2211/5667/1315 2214/5666/1315
f 2219/5676/1312 2220/5677/1312 2216/5669/1312 2215/5668/1312
f 2220/5678/1313 2221/5679/1313 2217/5671/1313 2216/5670/1313
f 2221/5680/1314 2222/5681/1314 2218/5673/1314 2217/5672/1314
f 2222/5682/1315 2219/5683/1315 2215/5675/1315 2218/5674/1315
f 2223/5684/1312 2224/5685/1312 2220/5677/1312 2219/5676/1312
f 2224/5686/1313 2225/5687/1313 2221/5679/1313 2220/5678/1313
f 2225/5688/1314 2226/5689/1314 2222/5681/1314 2221/5680/1314
f 2226/5690/1315 2223/5691/1315 2219/5683/1315 2222/5682/1315
f 2227/5692/1312 2228/5693/1312 2224/5685/1312 2223/5684/1312
f 2228/5694/1313 2229/5695/1313 2225/5687/1313 2224/5686/1313
f 2229/5696/1314 2230/5697/1314 2226/5689/1314 2225/5688/1314
f 2230/5698/1315 2227/5699/1315 2223/5691/1315 2226/5690/1315
f 2231/5700/1312 2232/5701/1312 2228/5693/1312 2227/5692/1312
f 2232/5702/1313 2233/5703/1313 2229/5695/1313 2228/5694/1313
f 2233/5704/1314 2234/5705/1314 2230/5697/1314 2229/5696/1314
f 2234/5706/1315 2231/5707/1315 2227/5699/1315 2230/5698/1315
f 2235/5708/1312 2236/5709/1312 2232/5701/1312 2231/5700/1312
f 2236/5710/1313 2237/5711/1313 2233/5703/1313 2232/5702/1313
f 2237/5712/1314 2238/5713/1314 2234/5705/1314 2233/5704/1314
f 2238/5714/1315 2235/5715/1315 2231/5707/1315 2234/5706/1315
f 2239/5716/1312 2240/5717/1312 2236/5709/1312 2235/5708/1312
f 2240/5718/1313 2241/5719/1313 2237/5711/1313 2236/5710/1313
f 2241/5720/1314 2242/5721/1314 2238/5713/1314 2237/5712/1314
f 2242/5722/1315 2239/5723/1315 2235/5715/1315 2238/5714/1315
f 169/5724/1316 170/5725/1316 2240/5717/1316 2239/5716/1316
f 170/5726/1317 171/5727/1317 2241/5719/1317 2240/5718/1317
f 171/5728/1318 172/5729/1318 2242/5721/1318 2241/5720/1318
f 172/5730/1319 169/5731/1319 2239/5723/1319 2242/5722/1319
f 2243/5732/1320 2244/5733/1320 170/5734/1320 169/5735/1320
f 2244/5736/1321 2245/5737/1321 171/5727/1321 170/5726/1321
f 2245/5738/1322 2246/5739/1322 172/5740/1322 171/5741/1322
f 2246/5742/1323 2243/5743/1323 169/5731/1323 172/5730/1323
f 2247/5744/1324 2248/5745/1324 2244/5733/1324 2243/5732/1324
f 2248/5746/1325 2249/5747/1325 2245/5737/1325 2244/5736/1325
f 2249/5748/1326 2250/5749/1326 2246/5739/1326 2245/5738/1326
f 2250/5750/1327 2247/5751/1327 2243/5743/1327 2246/5742/1327
f 2251/5752/1324 2252/5753/1324 2248/5745/1324 2247/5744/1324
f 2252/5754/1325 2253/5755/1325 2249/5747/1325 2248/5746/1325
f 2253/5756/1326 2254/5757/1326 2250/5749/1326 2249/5748/1326
f 2254/5758/1327 2251/5759/1327 2247/5751/1327 2250/5750/1327
f 2255/5760/1324 2256/5761/1324 2252/5753/1324 2251/5752/1324
f 2256/5762/1325 2257/5763/1325 2253/5755/1325 2252/5754/1325
f 2257/5764/1326 2258/5765/1326 2254/5757/1326 2253/5756/1326
f 2258/5766/1327 2255/5767/1327 2251/5759/1327 2254/5758/1327
f 2259/5768/1324 2260/5769/1324 2256/5761/1324 2255/5760/1324
f 2260/796/1325 2261/3433/1325 2257/5763/1325 2256/5762/1325
f 2261/3303/1326 2262/3306/1326 2258/5765/1326 2257/5764/1326
f 2262/802/1327 2259/3335/1327 2255/5767/1327 2258/5766/1327
f 2267/5770/1328 2268/5771/1328 6465/5772/1328 2263/5773/1328
f 2268/5774/1329 2269/5775/1329 6464/5776/1329 6465/5777/1329
f 2269/5778/1330 2270/5779/1330 6463/5780/1330 6464/5781/1330
f 2270/5782/1331 2267/5783/1331 2263/5784/1331 6463/5785/1331
f 2271/5786/1328 2272/5787/1328 2268/5771/1328 2267/5770/1328
f 2272/5788/1329 2273/5789/1329 2269/5775/1329 2268/5774/1329
f 2273/5790/1332 2274/5791/1332 2270/5779/1332 2269/5778/1332
f 2274/5792/1331 2271/5793/1331 2267/5783/1331 2270/5782/1331
f 2275/5794/1328 2276/5795/1328 2272/5787/1328 2271/5786/1328
f 2276/5796/1329 2277/5797/1329 2273/5789/1329 2272/5788/1329
f 2277/5798/1332 2278/5799/1332 2274/5791/1332 2273/5790/1332
f 2278/5800/1331 2275/5801/1331 2271/5793/1331 2274/5792/1331
f 2279/5802/1328 2280/5803/1328 2276/5795/1328 2275/5794/1328
f 2280/5804/1333 2281/5805/1333 2277/5797/1333 2276/5796/1333
f 2281/5806/1332 2282/5807/1332 2278/5799/1332 2277/5798/1332
f 2282/5808/1331 2279/5809/1331 2275/5801/1331 2278/5800/1331
f 2283/5810/1328 2284/5811/1328 2280/5803/1328 2279/5802/1328
f 2284/5812/1329 2285/5813/1329 2281/5805/1329 2280/5804/1329
f 2285/5814/1332 2286/5815/1332 2282/5807/1332 2281/5806/1332
f 2286/5816/1331 2283/5817/1331 2279/5809/1331 2282/5808/1331
f 2287/5818/1328 2288/5819/1328 2284/5811/1328 2283/5810/1328
f 2288/5820/1329 2289/5821/1329 2285/5813/1329 2284/5812/1329
f 2289/5822/1332 2290/5823/1332 2286/5815/1332 2285/5814/1332
f 2290/5824/1331 2287/5825/1331 2283/5817/1331 2286/5816/1331
f 2291/5826/1328 2292/5827/1328 2288/5819/1328 2287/5818/1328
f 2292/5828/1329 2293/5829/1329 2289/5821/1329 2288/5820/1329
f 2293/5830/1332 2294/5831/1332 2290/5823/1332 2289/5822/1332
f 2294/5832/1331 2291/5833/1331 2287/5825/1331 2290/5824/1331
f 2295/5834/1328 2296/5835/1328 2292/5827/1328 2291/5826/1328
f 2296/5836/1333 2297/5837/1333 2293/5829/1333 2292/5828/1333
f 2297/5838/1330 2298/5839/1330 2294/5831/1330 2293/5830/1330
f 2298/5840/1331 2295/5841/1331 2291/5833/1331 2294/5832/1331
f 2299/5842/1328 2300/5843/1328 2296/5835/1328 2295/5834/1328
f 2300/5844/1329 2301/5845/1329 2297/5837/1329 2296/5836/1329
f 2301/5846/1332 2302/5847/1332 2298/5839/1332 2297/5838/1332
f 2302/5848/1331 2299/5849/1331 2295/5841/1331 2298/5840/1331
f 2303/5850/1328 2304/5851/1328 2300/5843/1328 2299/5842/1328
f 2304/5852/1329 2305/5853/1329 2301/5845/1329 2300/5844/1329
f 2305/5854/1332 2306/5855/1332 2302/5847/1332 2301/5846/1332
f 2306/5856/1331 2303/5857/1331 2299/5849/1331 2302/5848/1331
f 2307/5858/1328 2308/5859/1328 2304/5851/1328 2303/5850/1328
f 2308/5860/1333 2309/5861/1333 2305/5853/1333 2304/5852/1333
f 2309/5862/1332 2310/5863/1332 2306/5855/1332 2305/5854/1332
f 2310/5864/1331 2307/5865/1331 2303/5857/1331 2306/5856/1331
f 2311/5866/1328 2312/5867/1328 2308/5859/1328 2307/5858/1328
f 2312/5868/1329 2313/5869/1329 2309/5861/1329 2308/5860/1329
f 2313/5870/1332 2314/5871/1332 2310/5863/1332 2309/5862/1332
f 2314/5872/1331 2311/5873/1331 2307/5865/1331 2310/5864/1331
f 2315/5874/1328 2316/5875/1328 2312/5867/1328 2311/5866/1328
f 2316/5876/1333 2317/5877/1333 2313/5869/1333 2312/5868/1333
f 2317/5878/1332 2318/5879/1332 2314/5871/1332 2313/5870/1332
f 2318/5880/1331 2315/5881/1331 2311/5873/1331 2314/5872/1331
f 2319/5882/1328 2320/5883/1328 2316/5875/1328 2315/5874/1328
f 2320/5884/1329 2321/5885/1329 2317/5877/1329 2316/5876/1329
f 2321/5886/1332 2322/5887/1332 2318/5879/1332 2317/5878/1332
f 2322/5888/1331 2319/5889/1331 2315/5881/1331 2318/5880/1331
f 2323/5890/1328 2324/5891/1328 2320/5883/1328 2319/5882/1328
f 2324/5892/1333 2325/5893/1333 2321/5885/1333 2320/5884/1333
f 2325/5894/1332 2326/5895/1332 2322/5887/1332 2321/5886/1332
f 2326/5896/1331 2323/5897/1331 2319/5889/1331 2322/5888/1331
f 2327/5898/1328 2328/5899/1328 2324/5891/1328 2323/5890/1328
f 2328/5900/1329 2329/5901/1329 2325/5893/1329 2324/5892/1329
f 2329/5902/1332 2330/5903/1332 2326/5895/1332 2325/5894/1332
f 2330/5904/1331 2327/5905/1331 2323/5897/1331 2326/5896/1331
f 2331/5906/1328 2332/5907/1328 2328/5899/1328 2327/5898/1328
f 2332/5908/1329 2333/5909/1329 2329/5901/1329 2328/5900/1329
f 2333/5910/1332 2334/5911/1332 2330/5903/1332 2329/5902/1332
f 2334/5912/1331 2331/5913/1331 2327/5905/1331 2330/5904/1331
f 2335/5914/1328 2336/5915/1328 2332/5907/1328 2331/5906/1328
f 2336/5916/1329 2337/5917/1329 2333/5909/1329 2332/5908/1329
f 2337/5918/1332 2338/5919/1332 2334/5911/1332 2333/5910/1332
f 2338/5920/1331 2335/5921/1331 2331/5913/1331 2334/5912/1331
f 2339/5922/1328 2340/5923/1328 2336/5915/1328 2335/5914/1328
f 2340/5924/1329 2341/5925/1329 2337/5917/1329 2336/5916/1329
f 2341/5926/1332 2342/5927/1332 2338/5919/1332 2337/5918/1332
f 2342/5928/1331 2339/5929/1331 2335/5921/1331 2338/5920/1331
f 2343/5930/1328 2344/5931/1328 2340/5923/1328 2339/5922/1328
f 2344/5932/1329 2345/5933/1329 2341/5925/1329 2340/5924/1329
f 2345/5934/1332 2346/5935/1332 2342/5927/1332 2341/5926/1332
f 2346/5936/1331 2343/5937/1331 2339/5929/1331 2342/5928/1331
f 2347/3561/1328 2348/815/1328 2344/5931/1328 2343/5930/1328
f 2348/3628/1329 2349/3627/1329 2345/5933/1329 2344/5932/1329
f 2349/3618/1330 2350/3617/1330 2346/5935/1330 2345/5934/1330
f 2350/3612/1331 2347/3611/1331 2343/5937/1331 2346/5936/1331
f 2355/5938/1334 2356/5939/1334 2352/843/1334 2351/842/1334
f 2356/5940/1335 2357/5941/1335 2353/5942/1335 2352/5943/1335
f 2357/5944/1336 2358/5945/1336 2354/5946/1336 2353/5947/1336
f 2358/5948/1337 2355/5949/1337 2351/3614/1337 2354/3613/1337
f 2359/5950/1338 2360/5951/1338 2356/5939/1338 2355/5938/1338
f 2360/5952/1339 2361/5953/1339 2357/5941/1339 2356/5940/1339
f 2361/5954/1336 2362/5955/1336 2358/5945/1336 2357/5944/1336
f 2362/5956/1340 2359/5957/1340 2355/5949/1340 2358/5948/1340
f 2363/5958/1338 2364/5959/1338 2360/5951/1338 2359/5950/1338
f 2364/5960/1339 2365/5961/1339 2361/5953/1339 2360/5952/1339
f 2365/5962/1341 2366/5963/1341 2362/5955/1341 2361/5954/1341
f 2366/5964/1340 2363/5965/1340 2359/5957/1340 2362/5956/1340
f 2367/5966/1338 2368/5967/1338 2364/5959/1338 2363/5958/1338
f 2368/5968/1339 2369/5969/1339 2365/5961/1339 2364/5960/1339
f 2369/5970/1341 2370/5971/1341 2366/5963/1341 2365/5962/1341
f 2370/5972/1340 2367/5973/1340 2363/5965/1340 2366/5964/1340
f 2371/5974/1338 2372/5975/1338 2368/5967/1338 2367/5966/1338
f 2372/5976/1339 2373/5977/1339 2369/5969/1339 2368/5968/1339
f 2373/5978/1341 2374/5979/1341 2370/5971/1341 2369/5970/1341
f 2374/5980/1340 2371/5981/1340 2367/5973/1340 2370/5972/1340
f 2375/5982/1342 2376/5983/1342 2372/5975/1342 2371/5974/1342
f 2376/5984/1339 2377/5985/1339 2373/5977/1339 2372/5976/1339
f 2377/5986/1336 2378/5987/1336 2374/5979/1336 2373/5978/1336
f 2378/5988/1340 2375/5989/1340 2371/5981/1340 2374/5980/1340
f 2379/5990/1338 2380/5991/1338 2376/5983/1338 2375/5982/1338
f 2380/5992/1339 2381/5993/1339 2377/5985/1339 2376/5984/1339
f 2381/5994/1341 2382/5995/1341 2378/5987/1341 2377/5986/1341
f 2382/5996/1343 2379/5997/1343 2375/5989/1343 2378/5988/1343
f 2383/5998/1338 2384/5999/1338 2380/5991/1338 2379/5990/1338
f 2384/6000/1339 2385/6001/1339 2381/5993/1339 2380/5992/1339
f 2385/6002/1341 2386/6003/1341 2382/5995/1341 2381/5994/1341
f 2386/6004/1340 2383/6005/1340 2379/5997/1340 2382/5996/1340
f 2387/6006/1338 2388/6007/1338 2384/5999/1338 2383/5998/1338
f 2388/6008/1339 2389/6009/1339 2385/6001/1339 2384/6000/1339
f 2389/6010/1341 2390/6011/1341 2386/6003/1341 2385/6002/1341
f 2390/6012/1343 2387/6013/1343 2383/6005/1343 2386/6004/1343
f 2391/6014/1338 2392/6015/1338 2388/6007/1338 2387/6006/1338
f 2392/6016/1339 2393/6017/1339 2389/6009/1339 2388/6008/1339
f 2393/6018/1336 2394/6019/1336 2390/6011/1336 2389/6010/1336
f 2394/6020/1340 2391/6021/1340 2387/6013/1340 2390/6012/1340
f 2395/6022/1338 2396/6023/1338 2392/6015/1338 2391/6014/1338
f 2396/6024/1339 2397/6025/1339 2393/6017/1339 2392/6016/1339
f 2397/6026/1341 2398/6027/1341 2394/6019/1341 2393/6018/1341
f 2398/6028/1340 2395/6029/1340 2391/6021/1340 2394/6020/1340
f 2399/6030/1342 2400/6031/1342 2396/6023/1342 2395/6022/1342
f 2400/6032/1339 2401/6033/1339 2397/6025/1339 2396/6024/1339
f 2401/6034/1336 2402/6035/1336 2398/6027/1336 2397/6026/1336
f 2402/6036/1343 2399/6037/1343 2395/6029/1343 2398/6028/1343
f 2403/6038/1338 2404/6039/1338 2400/6031/1338 2399/6030/1338
f 2404/6040/1339 2405/6041/1339 2401/6033/1339 2400/6032/1339
f 2405/6042/1336 2406/6043/1336 2402/6035/1336 2401/6034/1336
f 2406/6044/1337 2403/6045/1337 2399/6037/1337 2402/6036/1337
f 2407/6046/1342 2408/6047/1342 2404/6039/1342 2403/6038/1342
f 2408/6048/1339 2409/6049/1339 2405/6041/1339 2404/6040/1339
f 2409/6050/1336 2410/6051/1336 2406/6043/1336 2405/6042/1336
f 2410/6052/1340 2407/6053/1340 2403/6045/1340 2406/6044/1340
f 2411/6054/1338 2412/6055/1338 2408/6047/1338 2407/6046/1338
f 2412/6056/1339 2413/6057/1339 2409/6049/1339 2408/6048/1339
f 2413/6058/1336 2414/6059/1336 2410/6051/1336 2409/6050/1336
f 2414/6060/1337 2411/6061/1337 2407/6053/1337 2410/6052/1337
f 2415/6062/1338 2416/6063/1338 2412/6055/1338 2411/6054/1338
f 2416/6064/1339 2417/6065/1339 2413/6057/1339 2412/6056/1339
f 2417/6066/1336 2418/6067/1336 2414/6059/1336 2413/6058/1336
f 2418/6068/1337 2415/6069/1337 2411/6061/1337 2414/6060/1337
f 2419/6070/1338 2420/6071/1338 2416/6063/1338 2415/6062/1338
f 2420/6072/1339 2421/6073/1339 2417/6065/1339 2416/6064/1339
f 2421/6074/1341 2422/6075/1341 2418/6067/1341 2417/6066/1341
f 2422/6076/1340 2419/6077/1340 2415/6069/1340 2418/6068/1340
f 2423/6078/1338 2424/6079/1338 2420/6071/1338 2419/6070/1338
f 2424/6080/1339 2425/6081/1339 2421/6073/1339 2420/6072/1339
f 2425/6082/1341 2426/6083/1341 2422/6075/1341 2421/6074/1341
f 2426/6084/1340 2423/6085/1340 2419/6077/1340 2422/6076/1340
f 2427/6086/1338 2428/6087/1338 2424/6079/1338 2423/6078/1338
f 2428/6088/1339 2429/6089/1339 2425/6081/1339 2424/6080/1339
f 2429/6090/1344 2430/6091/1344 2426/6083/1344 2425/6082/1344
f 2430/6092/1340 2427/6093/1340 2423/6085/1340 2426/6084/1340
f 2431/6094/1338 2432/6095/1338 2428/6087/1338 2427/6086/1338
f 2432/6096/1339 2433/6097/1339 2429/6089/1339 2428/6088/1339
f 2433/6098/1341 2434/6099/1341 2430/6091/1341 2429/6090/1341
f 2434/6100/1337 2431/6101/1337 2427/6093/1337 2430/6092/1337
f 2435/6102/1338 2436/6103/1338 2432/6095/1338 2431/6094/1338
f 2436/6104/1339 2437/6105/1339 2433/6097/1339 2432/6096/1339
f 2437/6106/1336 2438/6107/1336 2434/6099/1336 2433/6098/1336
f 2438/6108/1340 2435/6109/1340 2431/6101/1340 2434/6100/1340
f 2439/6110/1342 2440/6111/1342 2436/6103/1342 2435/6102/1342
f 2440/6112/1339 2441/6113/1339 2437/6105/1339 2436/6104/1339
f 2441/6114/1341 2442/6115/1341 2438/6107/1341 2437/6106/1341
f 2442/6116/1337 2439/6117/1337 2435/6109/1337 2438/6108/1337
f 2443/6118/1338 2444/6119/1338 2440/6111/1338 2439/6110/1338
f 2444/6120/1339 2445/6121/1339 2441/6113/1339 2440/6112/1339
f 2445/6122/1341 2446/6123/1341 2442/6115/1341 2441/6114/1341
f 2446/6124/1340 2443/6125/1340 2439/6117/1340 2442/6116/1340
f 173/6126/1342 174/6127/1342 2444/6119/1342 2443/6118/1342
f 174/6128/1339 175/6129/1339 2445/6121/1339 2444/6120/1339
f 175/6130/1336 176/6131/1336 2446/6123/1336 2445/6122/1336
f 176/6132/1340 173/6133/1340 2443/6125/1340 2446/6124/1340
f 2450/6134/1345 2451/6135/1345 2448/814/1345 2447/816/1345
f 2451/6136/1346 2452/6137/1346 2449/6138/1346 2448/6139/1346
f 2452/6140/1347 2453/6141/1347 2352/3669/1347 2449/3668/1347
f 2453/6142/1348 2450/6143/1348 2447/841/1348 2352/843/1348
f 2454/6144/1345 2455/6145/1345 2451/6135/1345 2450/6134/1345
f 2455/6146/1346 2456/6147/1346 2452/6137/1346 2451/6136/1346
f 2456/6148/1349 2457/6149/1349 2453/6141/1349 2452/6140/1349
f 2457/6150/1350 2454/6151/1350 2450/6143/1350 2453/6142/1350
f 2458/6152/1351 2459/6153/1351 2455/6145/1351 2454/6144/1351
f 2459/6154/1346 2460/6155/1346 2456/6147/1346 2455/6146/1346
f 2460/6156/1349 2461/6157/1349 2457/6149/1349 2456/6148/1349
f 2461/6158/1350 2458/6159/1350 2454/6151/1350 2457/6150/1350
f 2462/6160/1345 2463/6161/1345 2459/6153/1345 2458/6152/1345
f 2463/6162/1346 2464/6163/1346 2460/6155/1346 2459/6154/1346
f 2464/6164/1349 2465/6165/1349 2461/6157/1349 2460/6156/1349
f 2465/6166/1350 2462/6167/1350 2458/6159/1350 2461/6158/1350
f 2466/6168/1345 2467/6169/1345 2463/6161/1345 2462/6160/1345
f 2467/6170/1346 2468/6171/1346 2464/6163/1346 2463/6162/1346
f 2468/6172/1349 2469/6173/1349 2465/6165/1349 2464/6164/1349
f 2469/6174/1350 2466/6175/1350 2462/6167/1350 2465/6166/1350
f 2470/6176/1345 2471/6177/1345 2467/6169/1345 2466/6168/1345
f 2471/6178/1346 2472/6179/1346 2468/6171/1346 2467/6170/1346
f 2472/6180/1352 2473/6181/1352 2469/6173/1352 2468/6172/1352
f 2473/6182/1350 2470/6183/1350 2466/6175/1350 2469/6174/1350
f 2474/6184/1345 2475/6185/1345 2471/6177/1345 2470/6176/1345
f 2475/6186/1346 2476/6187/1346 2472/6179/1346 2471/6178/1346
f 2476/6188/1352 2477/6189/1352 2473/6181/1352 2472/6180/1352
f 2477/6190/1350 2474/6191/1350 2470/6183/1350 2473/6182/1350
f 2478/6192/1353 2479/6193/1353 2475/6185/1353 2474/6184/1353
f 2479/6194/1346 2480/6195/1346 2476/6187/1346 2475/6186/1346
f 2480/6196/1354 2481/6197/1354 2477/6189/1354 2476/6188/1354
f 2481/6198/1350 2478/6199/1350 2474/6191/1350 2477/6190/1350
f 2482/6200/1345 2483/6201/1345 2479/6193/1345 2478/6192/1345
f 2483/6202/1346 2484/6203/1346 2480/6195/1346 2479/6194/1346
f 2484/6204/1349 2485/6205/1349 2481/6197/1349 2480/6196/1349
f 2485/6206/1350 2482/6207/1350 2478/6199/1350 2481/6198/1350
f 2486/6208/1345 2487/6209/1345 2483/6201/1345 2482/6200/1345
f 2487/6210/1346 2488/6211/1346 2484/6203/1346 2483/6202/1346
f 2488/6212/1352 2489/6213/1352 2485/6205/1352 2484/6204/1352
f 2489/6214/1350 2486/6215/1350 2482/6207/1350 2485/6206/1350
f 2490/6216/1351 2491/6217/1351 2487/6209/1351 2486/6208/1351
f 2491/6218/1346 2492/6219/1346 2488/6211/1346 2487/6210/1346
f 2492/6220/1349 2493/6221/1349 2489/6213/1349 2488/6212/1349
f 2493/6222/1350 2490/6223/1350 2486/6215/1350 2489/6214/1350
f 2494/6224/1345 2495/6225/1345 2491/6217/1345 2490/6216/1345
f 2495/6226/1346 2496/6227/1346 2492/6219/1346 2491/6218/1346
f 2496/6228/1354 2497/6229/1354 2493/6221/1354 2492/6220/1354
f 2497/6230/1350 2494/6231/1350 2490/6223/1350 2493/6222/1350
f 2498/6232/1353 2499/6233/1353 2495/6225/1353 2494/6224/1353
f 2499/6234/1346 2500/6235/1346 2496/6227/1346 2495/6226/1346
f 2500/6236/1349 2501/6237/1349 2497/6229/1349 2496/6228/1349
f 2501/6238/1350 2498/6239/1350 2494/6231/1350 2497/6230/1350
f 2502/6240/1345 2503/6241/1345 2499/6233/1345 2498/6232/1345
f 2503/6242/1346 2504/6243/1346 2500/6235/1346 2499/6234/1346
f 2504/6244/1354 2505/6245/1354 2501/6237/1354 2500/6236/1354
f 2505/6246/1350 2502/6247/1350 2498/6239/1350 2501/6238/1350
f 2506/6248/1345 2507/6249/1345 2503/6241/1345 2502/6240/1345
f 2507/6250/1346 2508/6251/1346 2504/6243/1346 2503/6242/1346
f 2508/6252/1349 2509/6253/1349 2505/6245/1349 2504/6244/1349
f 2509/6254/1355 2506/6255/1355 2502/6247/1355 2505/6246/1355
f 2510/6256/1345 2511/6257/1345 2507/6249/1345 2506/6248/1345
f 2511/6258/1346 2512/6259/1346 2508/6251/1346 2507/6250/1346
f 2512/6260/1352 2513/6261/1352 2509/6253/1352 2508/6252/1352
f 2513/6262/1350 2510/6263/1350 2506/6255/1350 2509/6254/1350
f 2514/6264/1351 2515/6265/1351 2511/6257/1351 2510/6256/1351
f 2515/6266/1346 2516/6267/1346 2512/6259/1346 2511/6258/1346
f 2516/6268/1352 2517/6269/1352 2513/6261/1352 2512/6260/1352
f 2517/6270/1350 2514/6271/1350 2510/6263/1350 2513/6262/1350
f 2518/6272/1353 2519/6273/1353 2515/6265/1353 2514/6264/1353
f 2519/6274/1356 2520/6275/1356 2516/6267/1356 2515/6266/1356
f 2520/6276/1349 2521/6277/1349 2517/6269/1349 2516/6268/1349
f 2521/6278/1357 2518/6279/1357 2514/6271/1357 2517/6270/1357
f 2522/6280/1353 2523/6281/1353 2519/6273/1353 2518/6272/1353
f 2523/6282/1346 2524/6283/1346 2520/6275/1346 2519/6274/1346
f 2524/6284/1352 2525/6285/1352 2521/6277/1352 2520/6276/1352
f 2525/6286/1350 2522/6287/1350 2518/6279/1350 2521/6278/1350
f 2526/6288/1351 2527/6289/1351 2523/6281/1351 2522/6280/1351
f 2527/6290/1346 2528/6291/1346 2524/6283/1346 2523/6282/1346
f 2528/6292/1354 2529/6293/1354 2525/6285/1354 2524/6284/1354
f 2529/6294/1350 2526/6295/1350 2522/6287/1350 2525/6286/1350
f 2530/6296/1345 2531/6297/1345 2527/6289/1345 2526/6288/1345
f 2531/6298/1346 2532/6299/1346 2528/6291/1346 2527/6290/1346
f 2532/6300/1349 2533/6301/1349 2529/6293/1349 2528/6292/1349
f 2533/6302/1350 2530/6303/1350 2526/6295/1350 2529/6294/1350
f 177/6304/1351 178/6305/1351 2531/6297/1351 2530/6296/1351
f 178/6306/1346 179/6307/1346 2532/6299/1346 2531/6298/1346
f 179/6308/1352 180/6309/1352 2533/6301/1352 2532/6300/1352
f 180/6310/1350 177/6311/1350 2530/6303/1350 2533/6302/1350
f 2538/6312/1358 2539/6313/1358 2535/3402/1358 2534/3405/1358
f 2539/6314/1359 2540/6315/1359 2536/3644/1359 2535/797/1359
f 2540/6316/1360 2541/6317/1360 2537/6318/1360 2536/6319/1360
f 2541/6320/1361 2538/6321/1361 2534/3334/1361 2537/801/1361
f 2542/6322/1358 2543/6323/1358 2539/6313/1358 2538/6312/1358
f 2543/6324/1359 2544/6325/1359 2540/6315/1359 2539/6314/1359
f 2544/6326/1360 2545/6327/1360 2541/6317/1360 2540/6316/1360
f 2545/6328/1361 2542/6329/1361 2538/6321/1361 2541/6320/1361
f 2546/6330/1358 2547/6331/1358 2543/6323/1358 2542/6322/1358
f 2547/6332/1359 2548/6333/1359 2544/6325/1359 2543/6324/1359
f 2548/6334/1360 2549/6335/1360 2545/6327/1360 2544/6326/1360
f 2549/6336/1361 2546/6337/1361 2542/6329/1361 2545/6328/1361
f 2550/6338/1358 2551/6339/1358 2547/6331/1358 2546/6330/1358
f 2551/6340/1359 2552/6341/1359 2548/6333/1359 2547/6332/1359
f 2552/6342/1360 2553/6343/1360 2549/6335/1360 2548/6334/1360
f 2553/6344/1361 2550/6345/1361 2546/6337/1361 2549/6336/1361
f 2554/6346/1358 2555/6347/1358 2551/6339/1358 2550/6338/1358
f 2555/6348/1359 2556/6349/1359 2552/6341/1359 2551/6340/1359
f 2556/6350/1360 2557/6351/1360 2553/6343/1360 2552/6342/1360
f 2557/6352/1361 2554/6353/1361 2550/6345/1361 2553/6344/1361
f 2558/6354/1358 2559/6355/1358 2555/6347/1358 2554/6346/1358
f 2559/6356/1359 2560/6357/1359 2556/6349/1359 2555/6348/1359
f 2560/6358/1360 2561/6359/1360 2557/6351/1360 2556/6350/1360
f 2561/6360/1361 2558/6361/1361 2554/6353/1361 2557/6352/1361
f 2562/6362/1358 2563/6363/1358 2559/6355/1358 2558/6354/1358
f 2563/6364/1359 2564/6365/1359 2560/6357/1359 2559/6356/1359
f 2564/6366/1360 2565/6367/1360 2561/6359/1360 2560/6358/1360
f 2565/6368/1361 2562/6369/1361 2558/6361/1361 2561/6360/1361
f 2566/6370/1358 2567/6371/1358 2563/6363/1358 2562/6362/1358
f 2567/6372/1359 2568/6373/1359 2564/6365/1359 2563/6364/1359
f 2568/6374/1360 2569/6375/1360 2565/6367/1360 2564/6366/1360
f 2569/6376/1361 2566/6377/1361 2562/6369/1361 2565/6368/1361
f 2570/6378/1358 2571/6379/1358 2567/6371/1358 2566/6370/1358
f 2571/6380/1359 2572/6381/1359 2568/6373/1359 2567/6372/1359
f 2572/6382/1360 2573/6383/1360 2569/6375/1360 2568/6374/1360
f 2573/6384/1361 2570/6385/1361 2566/6377/1361 2569/6376/1361
f 2574/6386/1358 2575/6387/1358 2571/6379/1358 2570/6378/1358
f 2575/6388/1359 2576/6389/1359 2572/6381/1359 2571/6380/1359
f 2576/6390/1360 2577/6391/1360 2573/6383/1360 2572/6382/1360
f 2577/6392/1361 2574/6393/1361 2570/6385/1361 2573/6384/1361
f 2578/6394/1358 2579/6395/1358 2575/6387/1358 2574/6386/1358
f 2579/6396/1359 2580/6397/1359 2576/6389/1359 2575/6388/1359
f 2580/6398/1360 2581/6399/1360 2577/6391/1360 2576/6390/1360
f 2581/6400/1361 2578/6401/1361 2574/6393/1361 2577/6392/1361
f 2582/6402/1358 2583/6403/1358 2579/6395/1358 2578/6394/1358
f 2583/6404/1359 2584/6405/1359 2580/6397/1359 2579/6396/1359
f 2584/6406/1360 2585/6407/1360 2581/6399/1360 2580/6398/1360
f 2585/6408/1361 2582/6409/1361 2578/6401/1361 2581/6400/1361
f 2586/6410/1358 2587/6411/1358 2583/6403/1358 2582/6402/1358
f 2587/6412/1359 2588/6413/1359 2584/6405/1359 2583/6404/1359
f 2588/6414/1360 2589/6415/1360 2585/6407/1360 2584/6406/1360
f 2589/6416/1361 2586/6417/1361 2582/6409/1361 2585/6408/1361
f 2590/6418/1358 2591/6419/1358 2587/6411/1358 2586/6410/1358
f 2591/6420/1359 2592/6421/1359 2588/6413/1359 2587/6412/1359
f 2592/6422/1360 2593/6423/1360 2589/6415/1360 2588/6414/1360
f 2593/6424/1361 2590/6425/1361 2586/6417/1361 2589/6416/1361
f 2594/6426/1358 2595/6427/1358 2591/6419/1358 2590/6418/1358
f 2595/6428/1359 2596/6429/1359 2592/6421/1359 2591/6420/1359
f 2596/6430/1360 2597/6431/1360 2593/6423/1360 2592/6422/1360
f 2597/6432/1361 2594/6433/1361 2590/6425/1361 2593/6424/1361
f 2598/6434/1358 2599/6435/1358 2595/6427/1358 2594/6426/1358
f 2599/6436/1359 2600/6437/1359 2596/6429/1359 2595/6428/1359
f 2600/6438/1360 2601/6439/1360 2597/6431/1360 2596/6430/1360
f 2601/6440/1361 2598/6441/1361 2594/6433/1361 2597/6432/1361
f 2602/6442/1358 2603/6443/1358 2599/6435/1358 2598/6434/1358
f 2603/6444/1359 2604/6445/1359 2600/6437/1359 2599/6436/1359
f 2604/6446/1360 2605/6447/1360 2601/6439/1360 2600/6438/1360
f 2605/6448/1361 2602/6449/1361 2598/6441/1361 2601/6440/1361
f 2606/6450/1358 2607/6451/1358 2603/6443/1358 2602/6442/1358
f 2607/6452/1359 2608/6453/1359 2604/6445/1359 2603/6444/1359
f 2608/6454/1360 2609/6455/1360 2605/6447/1360 2604/6446/1360
f 2609/6456/1361 2606/6457/1361 2602/6449/1361 2605/6448/1361
f 2610/6458/1358 2611/6459/1358 2607/6451/1358 2606/6450/1358
f 2611/6460/1359 2612/6461/1359 2608/6453/1359 2607/6452/1359
f 2612/6462/1360 2613/6463/1360 2609/6455/1360 2608/6454/1360
f 2613/6464/1361 2610/6465/1361 2606/6457/1361 2609/6456/1361
f 2614/6466/1358 2615/6467/1358 2611/6459/1358 2610/6458/1358
f 2615/6468/1359 2616/6469/1359 2612/6461/1359 2611/6460/1359
f 2616/6470/1360 2617/6471/1360 2613/6463/1360 2612/6462/1360
f 2617/6472/1361 2614/6473/1361 2610/6465/1361 2613/6464/1361
f 2618/6474/1358 2619/6475/1358 2615/6467/1358 2614/6466/1358
f 2619/6476/1359 2620/6477/1359 2616/6469/1359 2615/6468/1359
f 2620/6478/1360 2621/6479/1360 2617/6471/1360 2616/6470/1360
f 2621/6480/1361 2618/6481/1361 2614/6473/1361 2617/6472/1361
f 2622/6482/1358 2623/6483/1358 2619/6475/1358 2618/6474/1358
f 2623/6484/1359 2624/6485/1359 2620/6477/1359 2619/6476/1359
f 2624/6486/1360 2625/6487/1360 2621/6479/1360 2620/6478/1360
f 2625/6488/1361 2622/6489/1361 2618/6481/1361 2621/6480/1361
f 2626/6490/1358 2627/6491/1358 2623/6483/1358 2622/6482/1358
f 2627/6492/1359 2628/6493/1359 2624/6485/1359 2623/6484/1359
f 2628/6494/1360 2629/6495/1360 2625/6487/1360 2624/6486/1360
f 2629/6496/1361 2626/6497/1361 2622/6489/1361 2625/6488/1361
f 181/6498/1358 182/6499/1358 2627/6491/1358 2626/6490/1358
f 182/6500/1359 183/6501/1359 2628/6493/1359 2627/6492/1359
f 183/6502/1360 184/6503/1360 2629/6495/1360 2628/6494/1360
f 184/6504/1361 181/6505/1361 2626/6497/1361 2629/6496/1361
f 2634/6506/1362 2635/6507/1362 6468/6508/1362 2630/6509/1362
f 2635/6510/1363 2636/6511/1363 6467/6512/1363 6468/6513/1363
f 2636/6514/1364 2637/6515/1364 6466/6516/1364 6467/6517/1364
f 2637/6518/1365 2634/6519/1365 2630/6520/1365 6466/6521/1365
f 2638/6522/1362 2639/6523/1362 2635/6507/1362 2634/6506/1362
f 2639/6524/1363 2640/6525/1363 2636/6511/1363 2635/6510/1363
f 2640/6526/1364 2641/6527/1364 2637/6515/1364 2636/6514/1364
f 2641/6528/1365 2638/6529/1365 2634/6519/1365 2637/6518/1365
f 2642/6530/1362 2643/6531/1362 2639/6523/1362 2638/6522/1362
f 2643/6532/1363 2644/6533/1363 2640/6525/1363 2639/6524/1363
f 2644/6534/1364 2645/6535/1364 2641/6527/1364 2640/6526/1364
f 2645/6536/1365 2642/6537/1365 2638/6529/1365 2641/6528/1365
f 2646/2776/1362 2647/3021/1362 2643/6531/1362 2642/6530/1362
f 2647/6538/1363 2648/6539/1363 2644/6533/1363 2643/6532/1363
f 2648/2705/1364 2649/2706/1364 2645/6535/1364 2644/6534/1364
f 2649/2711/1365 2646/2710/1365 2642/6537/1365 2645/6536/1365
f 2654/6540/1366 2655/6541/1366 2651/3022/1366 2650/2779/1366
f 2655/6542/1367 2656/6543/1367 2652/2984/1367 2651/2983/1367
f 2656/6544/1368 2657/6545/1368 2653/868/1368 2652/867/1368
f 2657/6546/1369 2654/6547/1369 2650/6548/1369 2653/6549/1369
f 2658/3368/1366 2659/3367/1366 2655/6541/1366 2654/6540/1366
f 2659/3339/1367 2660/3338/1367 2656/6543/1367 2655/6542/1367
f 2660/6550/1370 2661/6551/1370 2657/6545/1370 2656/6544/1370
f 2661/3379/1371 2658/3248/1371 2654/6547/1371 2657/6546/1371
f 2666/6552/1372 2667/6553/1372 2663/6554/1372 2662/6555/1372
f 2667/6556/1373 2668/6557/1373 2664/3526/1373 2663/921/1373
f 2668/6558/1374 2669/6559/1374 2665/3222/1374 2664/3221/1374
f 2669/6560/1375 2666/6561/1375 2662/6562/1375 2665/6563/1375
f 2670/6564/1376 2671/6565/1376 2667/6553/1376 2666/6552/1376
f 2671/6566/1373 2672/6567/1373 2668/6557/1373 2667/6556/1373
f 2672/6568/1374 2673/6569/1374 2669/6559/1374 2668/6558/1374
f 2673/6570/1375 2670/6571/1375 2666/6561/1375 2669/6560/1375
f 2674/6572/1376 2675/6573/1376 2671/6565/1376 2670/6564/1376
f 2675/6574/1373 2676/6575/1373 2672/6567/1373 2671/6566/1373
f 2676/6576/1374 2677/6577/1374 2673/6569/1374 2672/6568/1374
f 2677/6578/1375 2674/6579/1375 2670/6571/1375 2673/6570/1375
f 2678/6580/1376 2679/6581/1376 2675/6573/1376 2674/6572/1376
f 2679/6582/1373 2680/6583/1373 2676/6575/1373 2675/6574/1373
f 2680/6584/1374 2681/6585/1374 2677/6577/1374 2676/6576/1374
f 2681/6586/1375 2678/6587/1375 2674/6579/1375 2677/6578/1375
f 2682/6588/1376 2683/6589/1376 2679/6581/1376 2678/6580/1376
f 2683/6590/1373 2684/6591/1373 2680/6583/1373 2679/6582/1373
f 2684/6592/1374 2685/6593/1374 2681/6585/1374 2680/6584/1374
f 2685/6594/1375 2682/6595/1375 2678/6587/1375 2681/6586/1375
f 2686/6596/1372 2687/6597/1372 2683/6589/1372 2682/6588/1372
f 2687/6598/1373 2688/6599/1373 2684/6591/1373 2683/6590/1373
f 2688/6600/1374 2689/6601/1374 2685/6593/1374 2684/6592/1374
f 2689/6602/1375 2686/6603/1375 2682/6595/1375 2685/6594/1375
f 2690/6604/1376 2691/6605/1376 2687/6597/1376 2686/6596/1376
f 2691/6606/1373 2692/6607/1373 2688/6599/1373 2687/6598/1373
f 2692/6608/1377 2693/6609/1377 2689/6601/1377 2688/6600/1377
f 2693/6610/1375 2690/6611/1375 2686/6603/1375 2689/6602/1375
f 2694/6612/1378 2695/6613/1378 2691/6605/1378 2690/6604/1378
f 2695/6614/1373 2696/6615/1373 2692/6607/1373 2691/6606/1373
f 2696/6616/1374 2697/6617/1374 2693/6609/1374 2692/6608/1374
f 2697/6618/1379 2694/6619/1379 2690/6611/1379 2693/6610/1379
f 2698/6620/1376 2699/6621/1376 2695/6613/1376 2694/6612/1376
f 2699/6622/1373 2700/6623/1373 2696/6615/1373 2695/6614/1373
f 2700/6624/1374 2701/6625/1374 2697/6617/1374 2696/6616/1374
f 2701/6626/1375 2698/6627/1375 2694/6619/1375 2697/6618/1375
f 2702/6628/1376 2703/6629/1376 2699/6621/1376 2698/6620/1376
f 2703/6630/1373 2704/6631/1373 2700/6623/1373 2699/6622/1373
f 2704/6632/1374 2705/6633/1374 2701/6625/1374 2700/6624/1374
f 2705/6634/1375 2702/6635/1375 2698/6627/1375 2701/6626/1375
f 2706/6636/1376 2707/6637/1376 2703/6629/1376 2702/6628/1376
f 2707/6638/1373 2708/6639/1373 2704/6631/1373 2703/6630/1373
f 2708/6640/1380 2709/6641/1380 2705/6633/1380 2704/6632/1380
f 2709/6642/1379 2706/6643/1379 2702/6635/1379 2705/6634/1379
f 2710/6644/1381 2711/6645/1381 2707/6637/1381 2706/6636/1381
f 2711/6646/1373 2712/6647/1373 2708/6639/1373 2707/6638/1373
f 2712/6648/1374 2713/6649/1374 2709/6641/1374 2708/6640/1374
f 2713/6650/1375 2710/6651/1375 2706/6643/1375 2709/6642/1375
f 185/6652/1376 186/6653/1376 2711/6645/1376 2710/6644/1376
f 186/6654/1373 187/6655/1373 2712/6647/1373 2711/6646/1373
f 187/6656/1374 188/6657/1374 2713/6649/1374 2712/6648/1374
f 188/6658/1375 185/6659/1375 2710/6651/1375 2713/6650/1375
f 2718/6660/1382 2719/6661/1382 2715/3366/1382 2714/3369/1382
f 2719/6662/1383 2720/6663/1383 2716/3337/1383 2715/3336/1383
f 2720/6664/1384 2721/6665/1384 2717/6666/1384 2716/6667/1384
f 2721/6668/1385 2718/6669/1385 2714/6670/1385 2717/6671/1385
f 2722/6672/1382 2723/6673/1382 2719/6661/1382 2718/6660/1382
f 2723/6674/1383 2724/6675/1383 2720/6663/1383 2719/6662/1383
f 2724/6676/1386 2725/6677/1386 2721/6665/1386 2720/6664/1386
f 2725/6678/1387 2722/6679/1387 2718/6669/1387 2721/6668/1387
f 2726/6680/1388 2727/6681/1388 2723/6673/1388 2722/6672/1388
f 2727/6682/1383 2728/6683/1383 2724/6675/1383 2723/6674/1383
f 2728/6684/1389 2729/6685/1389 2725/6677/1389 2724/6676/1389
f 2729/6686/1385 2726/6687/1385 2722/6679/1385 2725/6678/1385
f 189/6688/1390 190/6689/1390 2727/6681/1390 2726/6680/1390
f 190/6690/1383 191/6691/1383 2728/6683/1383 2727/6682/1383
f 191/6692/1391 192/6693/1391 2729/6685/1391 2728/6684/1391
f 192/6694/1385 189/6695/1385 2726/6687/1385 2729/6686/1385
f 2733/6696/1392 2734/6697/1392 2731/2778/1392 2730/2777/1392
f 2734/6698/1393 2735/6699/1393 2653/872/1393 2731/871/1393
f 2735/6700/1394 2736/6701/1394 2732/6702/1394 2653/6703/1394
f 2736/6704/1395 2733/6705/1395 2730/2713/1395 2732/2712/1395
f 2737/6706/1392 2738/6707/1392 2734/6697/1392 2733/6696/1392
f 2738/6708/1396 2739/6709/1396 2735/6699/1396 2734/6698/1396
f 2739/6710/1397 2740/6711/1397 2736/6712/1397 2735/6713/1397
f 2740/6714/1395 2737/6715/1395 2733/6705/1395 2736/6704/1395
f 193/6716/1398 194/6717/1398 2738/6707/1398 2737/6706/1398
f 194/6718/1399 195/6719/1399 2739/6709/1399 2738/6708/1399
f 195/6720/1400 196/6721/1400 2740/6711/1400 2739/6710/1400
f 196/6722/1401 193/6723/1401 2737/6715/1401 2740/6714/1401
f 2741/6724/1402 2742/6725/1402 194/6717/1402 193/6716/1402
f 2742/6726/1403 2743/6727/1403 195/6719/1403 194/6718/1403
f 2743/6728/1404 2744/6729/1404 196/6721/1404 195/6720/1404
f 2744/6730/1405 2741/6731/1405 193/6723/1405 196/6722/1405
f 2745/6732/1406 2746/6733/1406 2742/6725/1406 2741/6724/1406
f 2746/6734/1407 2747/6735/1407 2743/6727/1407 2742/6726/1407
f 2747/6736/1408 2748/6737/1408 2744/6729/1408 2743/6728/1408
f 2748/6738/1409 2745/6739/1409 2741/6731/1409 2744/6730/1409
f 2749/6740/1406 2750/6741/1406 2746/6733/1406 2745/6732/1406
f 2750/6742/1407 2751/6743/1407 2747/6735/1407 2746/6734/1407
f 2751/6744/1408 2752/6745/1408 2748/6737/1408 2747/6736/1408
f 2752/6746/1409 2749/6747/1409 2745/6739/1409 2748/6738/1409
f 2753/6748/1406 2754/6749/1406 2750/6741/1406 2749/6740/1406
f 2754/6750/1407 2755/6751/1407 2751/6743/1407 2750/6742/1407
f 2755/6752/1408 2756/6753/1408 2752/6745/1408 2751/6744/1408
f 2756/6754/1409 2753/6755/1409 2749/6747/1409 2752/6746/1409
f 197/6756/1410 198/6757/1410 2754/6749/1410 2753/6748/1410
f 198/6758/1411 199/6759/1411 2755/6751/1411 2754/6750/1411
f 199/6760/1412 200/6761/1412 2756/6753/1412 2755/6752/1412
f 200/6762/1413 197/6763/1413 2753/6755/1413 2756/6754/1413
f 2757/6764/1414 2758/6765/1414 198/6757/1414 197/6756/1414
f 2758/6766/1415 2759/6767/1415 199/6759/1415 198/6758/1415
f 2759/6768/1416 2760/6769/1416 200/6761/1416 199/6760/1416
f 2760/6770/1417 2757/6771/1417 197/6763/1417 200/6762/1417
f 2761/6772/1418 2762/6773/1418 2758/6765/1418 2757/6764/1418
f 2762/6774/1419 2763/6775/1419 2759/6767/1419 2758/6766/1419
f 2763/6776/1420 2764/6777/1420 2760/6769/1420 2759/6768/1420
f 2764/6778/1421 2761/6779/1421 2757/6771/1421 2760/6770/1421
f 2765/6780/1418 2766/6781/1418 2762/6773/1418 2761/6772/1418
f 2766/6782/1422 2767/6783/1422 2763/6775/1422 2762/6774/1422
f 2767/6784/1420 2768/6785/1420 2764/6777/1420 2763/6776/1420
f 2768/6786/1421 2765/6787/1421 2761/6779/1421 2764/6778/1421
f 2769/3002/1423 2770/925/1423 2766/6781/1423 2765/6780/1423
f 2770/3148/1422 2771/3147/1422 2767/6783/1422 2766/6782/1422
f 2771/3078/1420 2772/3079/1420 2768/6785/1420 2767/6784/1420
f 2772/3113/1421 2769/3116/1421 2765/6787/1421 2768/6786/1421
f 2777/6788/1424 2778/6789/1424 6470/6790/1424 6471/6791/1424
f 2778/6792/1425 2779/6793/1425 6469/6794/1425 6470/6795/1425
f 2779/6796/1426 2780/6797/1426 6462/6798/1426 6469/6799/1426
f 2780/6800/1427 2777/6801/1427 6471/6802/1427 6462/6803/1427
f 2781/6804/1428 2782/6805/1428 2778/6789/1428 2777/6788/1428
f 2782/6806/1429 2783/6807/1429 2779/6793/1429 2778/6792/1429
f 2783/6808/1430 2784/6809/1430 2780/6797/1430 2779/6796/1430
f 2784/6810/1427 2781/6811/1427 2777/6801/1427 2780/6800/1427
f 2785/6812/1428 2786/6813/1428 2782/6805/1428 2781/6804/1428
f 2786/6814/1431 2787/6815/1431 2783/6807/1431 2782/6806/1431
f 2787/6816/1430 2788/6817/1430 2784/6809/1430 2783/6808/1430
f 2788/6818/1427 2785/6819/1427 2781/6811/1427 2784/6810/1427
f 2789/6820/1428 2790/6821/1428 2786/6813/1428 2785/6812/1428
f 2790/6822/1429 2791/6823/1429 2787/6815/1429 2786/6814/1429
f 2791/6824/1430 2792/6825/1430 2788/6817/1430 2787/6816/1430
f 2792/6826/1427 2789/6827/1427 2785/6819/1427 2788/6818/1427
f 201/6828/1432 202/6829/1432 2790/6821/1432 2789/6820/1432
f 202/6830/1433 203/6831/1433 2791/6823/1433 2790/6822/1433
f 203/6832/1434 204/6833/1434 2792/6825/1434 2791/6824/1434
f 204/6834/1427 201/6835/1427 2789/6827/1427 2792/6826/1427
f 2793/6836/1435 2794/6837/1435 202/6838/1435 201/6839/1435
f 2794/6840/1436 2795/6841/1436 203/6831/1436 202/6830/1436
f 2795/6842/1437 2796/6843/1437 204/6844/1437 203/6845/1437
f 2796/6846/1438 2793/6847/1438 201/6835/1438 204/6834/1438
f 2797/6848/1439 2798/6849/1439 2794/6837/1439 2793/6836/1439
f 2798/6850/1440 2799/6851/1440 2795/6841/1440 2794/6840/1440
f 2799/6852/1441 2800/6853/1441 2796/6843/1441 2795/6842/1441
f 2800/6854/1442 2797/6855/1442 2793/6847/1442 2796/6846/1442
f 2801/6856/1439 2802/6857/1439 2798/6849/1439 2797/6848/1439
f 2802/6858/1440 2803/6859/1440 2799/6851/1440 2798/6850/1440
f 2803/6860/1441 2804/6861/1441 2800/6853/1441 2799/6852/1441
f 2804/6862/1442 2801/6863/1442 2797/6855/1442 2800/6854/1442
f 2805/6864/1439 2806/6865/1439 2802/6857/1439 2801/6856/1439
f 2806/6866/1440 2807/6867/1440 2803/6859/1440 2802/6858/1440
f 2807/6868/1441 2808/6869/1441 2804/6861/1441 2803/6860/1441
f 2808/6870/1442 2805/6871/1442 2801/6863/1442 2804/6862/1442
f 2809/6872/1439 2810/6873/1439 2806/6865/1439 2805/6864/1439
f 2810/6874/1440 2811/6875/1440 2807/6867/1440 2806/6866/1440
f 2811/6876/1441 2812/6877/1441 2808/6869/1441 2807/6868/1441
f 2812/6878/1442 2809/6879/1442 2805/6871/1442 2808/6870/1442
f 2813/6880/1439 2814/6881/1439 2810/6873/1439 2809/6872/1439
f 2814/6882/1440 2815/6883/1440 2811/6875/1440 2810/6874/1440
f 2815/6884/1441 2816/6885/1441 2812/6877/1441 2811/6876/1441
f 2816/6886/1442 2813/6887/1442 2809/6879/1442 2812/6878/1442
f 205/6888/1443 206/6889/1443 2814/6881/1443 2813/6880/1443
f 206/6890/1444 207/6891/1444 2815/6883/1444 2814/6882/1444
f 207/6892/1445 208/6893/1445 2816/6885/1445 2815/6884/1445
f 208/6894/1446 205/6895/1446 2813/6887/1446 2816/6886/1446
f 2817/6896/1447 2818/6897/1447 206/6889/1447 205/6888/1447
f 2818/6898/1448 2819/6899/1448 207/6891/1448 206/6890/1448
f 2819/6900/1449 2820/6901/1449 208/6893/1449 207/6892/1449
f 2820/6901/1450 2817/6902/1450 205/6903/1450 208/6893/1450
f 2821/6904/1451 2822/6905/1451 2818/6897/1451 2817/6896/1451
f 2822/6906/1452 2823/6907/1452 2819/6899/1452 2818/6898/1452
f 2823/6908/1453 2824/6909/1453 2820/6901/1453 2819/6900/1453
f 2824/6909/1454 2821/6910/1454 2817/6902/1454 2820/6901/1454
f 2825/6911/1451 2826/6912/1451 2822/6905/1451 2821/6904/1451
f 2826/6913/1452 2827/6914/1452 2823/6907/1452 2822/6906/1452
f 2827/6915/1453 2828/6916/1453 2824/6909/1453 2823/6908/1453
f 2828/6916/1455 2825/6917/1455 2821/6910/1455 2824/6909/1455
f 2829/6918/1451 2830/6919/1451 2826/6912/1451 2825/6911/1451
f 2830/6920/1452 2831/6921/1452 2827/6914/1452 2826/6913/1452
f 2831/6922/1453 2832/6923/1453 2828/6916/1453 2827/6915/1453
f 2832/6923/1455 2829/6924/1455 2825/6917/1455 2828/6916/1455
f 209/6925/1456 210/6926/1456 2830/6919/1456 2829/6918/1456
f 210/6927/1457 211/6928/1457 2831/6921/1457 2830/6920/1457
f 211/6929/1458 212/6930/1458 2832/6923/1458 2831/6922/1458
f 212/6930/1459 209/6931/1459 2829/6924/1459 2832/6923/1459
f 2833/6932/1460 2834/6933/1460 210/6926/1460 209/6925/1460
f 2834/6934/1461 2835/6935/1461 211/6936/1461 210/6937/1461
f 2835/6938/1462 2836/6939/1462 212/6930/1462 211/6929/1462
f 2836/6940/1463 2833/6941/1463 209/6942/1463 212/6943/1463
f 2837/6944/1464 2838/6945/1464 2834/6933/1464 2833/6932/1464
f 2838/6946/1465 2839/6947/1465 2835/6935/1465 2834/6934/1465
f 2839/6948/1466 2840/6949/1466 2836/6939/1466 2835/6938/1466
f 2840/6950/1467 2837/6951/1467 2833/6941/1467 2836/6940/1467
f 2841/6952/1464 2842/6953/1464 2838/6945/1464 2837/6944/1464
f 2842/6954/1465 2843/6955/1465 2839/6947/1465 2838/6946/1465
f 2843/6956/1466 2844/6957/1466 2840/6949/1466 2839/6948/1466
f 2844/6958/1467 2841/6959/1467 2837/6951/1467 2840/6950/1467
f 2845/6960/1464 2846/6961/1464 2842/6953/1464 2841/6952/1464
f 2846/6962/1465 2847/6963/1465 2843/6955/1465 2842/6954/1465
f 2847/6964/1466 2848/6965/1466 2844/6957/1466 2843/6956/1466
f 2848/6966/1467 2845/6967/1467 2841/6959/1467 2844/6958/1467
f 2849/3432/1464 2850/3431/1464 2846/6961/1464 2845/6960/1464
f 2850/3455/1465 2851/3454/1465 2847/6963/1465 2846/6962/1465
f 2851/3450/1466 2852/3397/1466 2848/6965/1466 2847/6964/1466
f 2852/6968/1467 2849/6969/1467 2845/6967/1467 2848/6966/1467
f 2857/6970/1468 2858/6971/1468 2854/3666/1468 2853/3394/1468
f 2858/6972/1469 2859/6973/1469 2855/6974/1469 2854/6975/1469
f 2859/6976/1470 2860/6977/1470 2856/6978/1470 2855/6979/1470
f 2860/6980/1471 2857/6981/1471 2853/6982/1471 2856/6983/1471
f 2861/6984/1468 2862/6985/1468 2858/6971/1468 2857/6970/1468
f 2862/6986/1469 2863/6987/1469 2859/6973/1469 2858/6972/1469
f 2863/6988/1470 2864/6989/1470 2860/6977/1470 2859/6976/1470
f 2864/6990/1471 2861/6991/1471 2857/6981/1471 2860/6980/1471
f 2865/6992/1468 2866/6993/1468 2862/6985/1468 2861/6984/1468
f 2866/6994/1469 2867/6995/1469 2863/6987/1469 2862/6986/1469
f 2867/6996/1472 2868/6997/1472 2864/6989/1472 2863/6988/1472
f 2868/6998/1471 2865/6999/1471 2861/6991/1471 2864/6990/1471
f 2869/7000/1468 2870/7001/1468 2866/6993/1468 2865/6992/1468
f 2870/7002/1469 2871/7003/1469 2867/6995/1469 2866/6994/1469
f 2871/7004/1470 2872/7005/1470 2868/6997/1470 2867/6996/1470
f 2872/7006/1473 2869/7007/1473 2865/6999/1473 2868/6998/1473
f 2873/7008/1468 2874/7009/1468 2870/7001/1468 2869/7000/1468
f 2874/7010/1469 2875/7011/1469 2871/7003/1469 2870/7002/1469
f 2875/7012/1472 2876/7013/1472 2872/7005/1472 2871/7004/1472
f 2876/7014/1471 2873/7015/1471 2869/7007/1471 2872/7006/1471
f 2877/7016/1468 2878/7017/1468 2874/7009/1468 2873/7008/1468
f 2878/7018/1469 2879/7019/1469 2875/7011/1469 2874/7010/1469
f 2879/7020/1472 2880/7021/1472 2876/7013/1472 2875/7012/1472
f 2880/7022/1471 2877/7023/1471 2873/7015/1471 2876/7014/1471
f 2881/7024/1468 2882/7025/1468 2878/7017/1468 2877/7016/1468
f 2882/7026/1469 2883/7027/1469 2879/7019/1469 2878/7018/1469
f 2883/7028/1470 2884/7029/1470 2880/7021/1470 2879/7020/1470
f 2884/7030/1471 2881/7031/1471 2877/7023/1471 2880/7022/1471
f 2885/7032/1474 2886/7033/1474 2882/7025/1474 2881/7024/1474
f 2886/7034/1469 2887/7035/1469 2883/7027/1469 2882/7026/1469
f 2887/7036/1475 2888/7037/1475 2884/7029/1475 2883/7028/1475
f 2888/7038/1471 2885/7039/1471 2881/7031/1471 2884/7030/1471
f 2889/7040/1468 2890/7041/1468 2886/7033/1468 2885/7032/1468
f 2890/7042/1469 2891/7043/1469 2887/7035/1469 2886/7034/1469
f 2891/7044/1472 2892/7045/1472 2888/7037/1472 2887/7036/1472
f 2892/7046/1471 2889/7047/1471 2885/7039/1471 2888/7038/1471
f 2893/7048/1468 2894/7049/1468 2890/7041/1468 2889/7040/1468
f 2894/7050/1469 2895/7051/1469 2891/7043/1469 2890/7042/1469
f 2895/7052/1475 2896/7053/1475 2892/7045/1475 2891/7044/1475
f 2896/7054/1471 2893/7055/1471 2889/7047/1471 2892/7046/1471
f 213/7056/1468 214/7057/1468 2894/7049/1468 2893/7048/1468
f 214/7058/1469 215/7059/1469 2895/7051/1469 2894/7050/1469
f 215/7060/1472 216/7061/1472 2896/7053/1472 2895/7052/1472
f 216/7062/1476 213/7063/1476 2893/7055/1476 2896/7054/1476
f 2901/7064/1477 2902/7065/1477 2898/948/1477 2897/947/1477
f 2902/7066/1478 2903/7067/1478 2899/3430/1478 2898/3429/1478
f 2903/7068/1479 2904/7069/1479 2900/7070/1479 2899/7071/1479
f 2904/7072/1480 2901/7073/1480 2897/3395/1480 2900/3667/1480
f 2905/7074/1481 2906/7075/1481 2902/7065/1481 2901/7064/1481
f 2906/7076/1478 2907/7077/1478 2903/7067/1478 2902/7066/1478
f 2907/7078/1479 2908/7079/1479 2904/7069/1479 2903/7068/1479
f 2908/7080/1482 2905/7081/1482 2901/7073/1482 2904/7072/1482
f 2909/7082/1481 2910/7083/1481 2906/7075/1481 2905/7074/1481
f 2910/7084/1478 2911/7085/1478 2907/7077/1478 2906/7076/1478
f 2911/7086/1483 2912/7087/1483 2908/7079/1483 2907/7078/1483
f 2912/7088/1480 2909/7089/1480 2905/7081/1480 2908/7080/1480
f 2913/7090/1481 2914/7091/1481 2910/7083/1481 2909/7082/1481
f 2914/7092/1478 2915/7093/1478 2911/7085/1478 2910/7084/1478
f 2915/7094/1479 2916/7095/1479 2912/7087/1479 2911/7086/1479
f 2916/7096/1480 2913/7097/1480 2909/7089/1480 2912/7088/1480
f 2917/7098/1481 2918/7099/1481 2914/7091/1481 2913/7090/1481
f 2918/7100/1478 2919/7101/1478 2915/7093/1478 2914/7092/1478
f 2919/7102/1479 2920/7103/1479 2916/7095/1479 2915/7094/1479
f 2920/7104/1480 2917/7105/1480 2913/7097/1480 2916/7096/1480
f 2921/7106/1477 2922/7107/1477 2918/7099/1477 2917/7098/1477
f 2922/7108/1478 2923/7109/1478 2919/7101/1478 2918/7100/1478
f 2923/7110/1479 2924/7111/1479 2920/7103/1479 2919/7102/1479
f 2924/7112/1480 2921/7113/1480 2917/7105/1480 2920/7104/1480
f 2925/7114/1481 2926/7115/1481 2922/7107/1481 2921/7106/1481
f 2926/7116/1478 2927/7117/1478 2923/7109/1478 2922/7108/1478
f 2927/7118/1484 2928/7119/1484 2924/7111/1484 2923/7110/1484
f 2928/7120/1480 2925/7121/1480 2921/7113/1480 2924/7112/1480
f 2929/7122/1481 2930/7123/1481 2926/7115/1481 2925/7114/1481
f 2930/7124/1478 2931/7125/1478 2927/7117/1478 2926/7116/1478
f 2931/7126/1479 2932/7127/1479 2928/7119/1479 2927/7118/1479
f 2932/7128/1480 2929/7129/1480 2925/7121/1480 2928/7120/1480
f 2933/7130/1481 2934/7131/1481 2930/7123/1481 2929/7122/1481
f 2934/7132/1478 2935/7133/1478 2931/7125/1478 2930/7124/1478
f 2935/7134/1479 2936/7135/1479 2932/7127/1479 2931/7126/1479
f 2936/7136/1482 2933/7137/1482 2929/7129/1482 2932/7128/1482
f 2937/7138/1481 2938/7139/1481 2934/7131/1481 2933/7130/1481
f 2938/7140/1478 2939/7141/1478 2935/7133/1478 2934/7132/1478
f 2939/7142/1479 2940/7143/1479 2936/7135/1479 2935/7134/1479
f 2940/7144/1482 2937/7145/1482 2933/7137/1482 2936/7136/1482
f 2941/7146/1477 2942/7147/1477 2938/7139/1477 2937/7138/1477
f 2942/7148/1478 2943/7149/1478 2939/7141/1478 2938/7140/1478
f 2943/7150/1484 2944/7151/1484 2940/7143/1484 2939/7142/1484
f 2944/7152/1480 2941/7153/1480 2937/7145/1480 2940/7144/1480
f 2945/7154/1481 2946/7155/1481 2942/7147/1481 2941/7146/1481
f 2946/7156/1478 2947/7157/1478 2943/7149/1478 2942/7148/1478
f 2947/7158/1479 2948/7159/1479 2944/7151/1479 2943/7150/1479
f 2948/7160/1482 2945/7161/1482 2941/7153/1482 2944/7152/1482
f 217/7162/1477 218/7163/1477 2946/7155/1477 2945/7154/1477
f 218/7164/1478 219/7165/1478 2947/7157/1478 2946/7156/1478
f 219/7166/1485 220/7167/1485 2948/7159/1485 2947/7158/1485
f 220/7168/1480 217/7169/1480 2945/7161/1480 2948/7160/1480
f 2951/7170/1486 2952/7171/1486 2949/924/1486 2774/926/1486
f 2952/7172/1487 2953/7173/1487 2775/3150/1487 2949/3149/1487
f 2953/7174/1488 2954/7175/1488 2950/854/1488 2775/853/1488
f 2954/7176/1489 2951/7177/1489 2774/7178/1489 2950/7179/1489
f 2955/7180/1490 2956/7181/1490 2952/7171/1490 2951/7170/1490
f 2956/7182/1491 2957/7183/1491 2953/7173/1491 2952/7172/1491
f 2957/7184/1492 2958/7185/1492 2954/7175/1492 2953/7174/1492
f 2958/7186/1493 2955/7187/1493 2951/7177/1493 2954/7176/1493
f 2959/7188/1490 2960/7189/1490 2956/7181/1490 2955/7180/1490
f 2960/7190/1491 2961/7191/1491 2957/7183/1491 2956/7182/1491
f 2961/7192/1492 2962/7193/1492 2958/7185/1492 2957/7184/1492
f 2962/7194/1493 2959/7195/1493 2955/7187/1493 2958/7186/1493
f 2963/7196/1490 2964/7197/1490 2960/7189/1490 2959/7188/1490
f 2964/7198/1491 2965/7199/1491 2961/7191/1491 2960/7190/1491
f 2965/7200/1492 2966/7201/1492 2962/7193/1492 2961/7192/1492
f 2966/7202/1493 2963/7203/1493 2959/7195/1493 2962/7194/1493
f 2967/7204/1490 2968/7205/1490 2964/7197/1490 2963/7196/1490
f 2968/7206/1491 2969/7207/1491 2965/7199/1491 2964/7198/1491
f 2969/7208/1492 2970/7209/1492 2966/7201/1492 2965/7200/1492
f 2970/7210/1493 2967/7211/1493 2963/7203/1493 2966/7202/1493
f 221/7212/1494 222/7213/1494 2968/7205/1494 2967/7204/1494
f 222/7214/1495 223/7215/1495 2969/7207/1495 2968/7206/1495
f 223/7216/1496 224/7217/1496 2970/7209/1496 2969/7208/1496
f 224/7218/1497 221/7219/1497 2967/7211/1497 2970/7210/1497
f 2971/7220/1498 2972/7221/1498 222/7222/1498 221/7223/1498
f 2972/7224/1499 2973/7225/1499 223/7215/1499 222/7214/1499
f 2973/7226/1500 2974/7227/1500 224/7228/1500 223/7229/1500
f 2974/7230/1501 2971/7231/1501 221/7219/1501 224/7218/1501
f 2975/7232/1502 2976/7233/1502 2972/7221/1502 2971/7220/1502
f 2976/7234/1503 2977/7235/1503 2973/7225/1503 2972/7224/1503
f 2977/7236/1504 2978/7237/1504 2974/7227/1504 2973/7226/1504
f 2978/7238/1505 2975/7239/1505 2971/7231/1505 2974/7230/1505
f 2979/7240/1502 2980/7241/1502 2976/7233/1502 2975/7232/1502
f 2980/7242/1503 2981/7243/1503 2977/7235/1503 2976/7234/1503
f 2981/7244/1504 2982/7245/1504 2978/7237/1504 2977/7236/1504
f 2982/7246/1505 2979/7247/1505 2975/7239/1505 2978/7238/1505
f 225/7248/1506 226/7249/1506 2980/7241/1506 2979/7240/1506
f 226/7250/1507 227/7251/1507 2981/7243/1507 2980/7242/1507
f 227/7252/1508 228/7253/1508 2982/7245/1508 2981/7244/1508
f 228/7254/1509 225/7255/1509 2979/7247/1509 2982/7246/1509
f 2983/7256/1510 2984/7257/1510 226/7249/1510 225/7248/1510
f 2984/7258/1511 2985/7259/1511 227/7251/1511 226/7250/1511
f 2985/7260/1512 2986/7261/1512 228/7253/1512 227/7252/1512
f 2986/7262/1513 2983/7263/1513 225/7255/1513 228/7254/1513
f 2987/7264/1514 2988/7265/1514 2984/7257/1514 2983/7256/1514
f 2988/7266/1515 2989/7267/1515 2985/7259/1515 2984/7258/1515
f 2989/7268/1516 2990/7269/1516 2986/7261/1516 2985/7260/1516
f 2990/7270/1517 2987/7271/1517 2983/7263/1517 2986/7262/1517
f 2991/7272/1514 2992/7273/1514 2988/7265/1514 2987/7264/1514
f 2992/7274/1515 2993/7275/1515 2989/7267/1515 2988/7266/1515
f 2993/7276/1516 2994/7277/1516 2990/7269/1516 2989/7268/1516
f 2994/7278/1517 2991/7279/1517 2987/7271/1517 2990/7270/1517
f 2995/7280/1514 2996/7281/1514 2992/7273/1514 2991/7272/1514
f 2996/7282/1515 2997/7283/1515 2993/7275/1515 2992/7274/1515
f 2997/7284/1516 2998/7285/1516 2994/7277/1516 2993/7276/1516
f 2998/7286/1517 2995/7287/1517 2991/7279/1517 2994/7278/1517
f 2999/7288/1514 3000/7289/1514 2996/7281/1514 2995/7280/1514
f 3000/7290/1515 3001/7291/1515 2997/7283/1515 2996/7282/1515
f 3001/7292/1516 3002/7293/1516 2998/7285/1516 2997/7284/1516
f 3002/7294/1517 2999/7295/1517 2995/7287/1517 2998/7286/1517
f 3003/7296/1514 3004/7297/1514 3000/7289/1514 2999/7288/1514
f 3004/7298/1515 3005/7299/1515 3001/7291/1515 3000/7290/1515
f 3005/7300/1516 3006/7301/1516 3002/7293/1516 3001/7292/1516
f 3006/7302/1517 3003/7303/1517 2999/7295/1517 3002/7294/1517
f 229/7304/1518 230/7305/1518 3004/7297/1518 3003/7296/1518
f 230/7306/1519 231/7307/1519 3005/7299/1519 3004/7298/1519
f 231/7308/1520 232/7309/1520 3006/7301/1520 3005/7300/1520
f 232/7310/1521 229/7311/1521 3003/7303/1521 3006/7302/1521
f 3007/7312/1522 3008/7313/1522 230/7305/1522 229/7304/1522
f 3008/7314/1523 3009/7315/1523 231/7307/1523 230/7306/1523
f 3009/7316/1524 3010/7317/1524 232/7309/1524 231/7308/1524
f 3010/7318/1525 3007/7319/1525 229/7311/1525 232/7310/1525
f 3011/7320/1526 3012/7321/1526 3008/7313/1526 3007/7312/1526
f 3012/7322/1527 3013/7323/1527 3009/7315/1527 3008/7314/1527
f 3013/7324/1528 3014/7325/1528 3010/7317/1528 3009/7316/1528
f 3014/7326/1529 3011/7327/1529 3007/7319/1529 3010/7318/1529
f 3015/7328/1526 3016/7329/1526 3012/7321/1526 3011/7320/1526
f 3016/7330/1527 3017/7331/1527 3013/7323/1527 3012/7322/1527
f 3017/7332/1528 3018/7333/1528 3014/7325/1528 3013/7324/1528
f 3018/7334/1529 3015/7335/1529 3011/7327/1529 3014/7326/1529
f 3019/7336/1526 3020/7337/1526 3016/7329/1526 3015/7328/1526
f 3020/7338/1527 3021/7339/1527 3017/7331/1527 3016/7330/1527
f 3021/7340/1528 3022/7341/1528 3018/7333/1528 3017/7332/1528
f 3022/7342/1529 3019/7343/1529 3015/7335/1529 3018/7334/1529
f 3023/7344/1526 3024/7345/1526 3020/7337/1526 3019/7336/1526
f 3024/7346/1527 3025/7347/1527 3021/7339/1527 3020/7338/1527
f 3025/7348/1528 3026/7349/1528 3022/7341/1528 3021/7340/1528
f 3026/7350/1529 3023/7351/1529 3019/7343/1529 3022/7342/1529
f 3027/994/1526 3028/993/1526 3024/7345/1526 3023/7344/1526
f 3028/7352/1527 3029/7353/1527 3025/7347/1527 3024/7346/1527
f 3029/2916/1528 3030/2915/1528 3026/7349/1528 3025/7348/1528
f 3030/2910/1529 3027/2909/1529 3023/7351/1529 3026/7350/1529
f 3035/7354/1530 3036/7355/1530 3032/2914/1530 3031/2913/1530
f 3036/7356/1531 3037/7357/1531 3033/2908/1531 3032/2907/1531
f 3037/7358/1532 3038/7359/1532 3034/908/1532 3033/910/1532
f 3038/7360/1533 3035/7361/1533 3031/3343/1533 3034/3342/1533
f 3039/7362/1530 3040/7363/1530 3036/7355/1530 3035/7354/1530
f 3040/7364/1531 3041/7365/1531 3037/7357/1531 3036/7356/1531
f 3041/7366/1532 3042/7367/1532 3038/7359/1532 3037/7358/1532
f 3042/7368/1533 3039/7369/1533 3035/7361/1533 3038/7360/1533
f 3043/7370/1530 3044/7371/1530 3040/7363/1530 3039/7362/1530
f 3044/7372/1531 3045/7373/1531 3041/7365/1531 3040/7364/1531
f 3045/7374/1534 3046/7375/1534 3042/7367/1534 3041/7366/1534
f 3046/7376/1535 3043/7377/1535 3039/7369/1535 3042/7368/1535
f 3047/7378/1530 3048/7379/1530 3044/7371/1530 3043/7370/1530
f 3048/7380/1531 3049/7381/1531 3045/7373/1531 3044/7372/1531
f 3049/7382/1532 3050/7383/1532 3046/7375/1532 3045/7374/1532
f 3050/7384/1533 3047/7385/1533 3043/7377/1533 3046/7376/1533
f 3051/7386/1530 3052/7387/1530 3048/7379/1530 3047/7378/1530
f 3052/7388/1531 3053/7389/1531 3049/7381/1531 3048/7380/1531
f 3053/7390/1534 3054/7391/1534 3050/7383/1534 3049/7382/1534
f 3054/7392/1533 3051/7393/1533 3047/7385/1533 3050/7384/1533
f 3055/7394/1530 3056/7395/1530 3052/7387/1530 3051/7386/1530
f 3056/7396/1531 3057/7397/1531 3053/7389/1531 3052/7388/1531
f 3057/7398/1532 3058/7399/1532 3054/7391/1532 3053/7390/1532
f 3058/7400/1533 3055/7401/1533 3051/7393/1533 3054/7392/1533
f 3059/7402/1530 3060/7403/1530 3056/7395/1530 3055/7394/1530
f 3060/7404/1531 3061/7405/1531 3057/7397/1531 3056/7396/1531
f 3061/7406/1534 3062/7407/1534 3058/7399/1534 3057/7398/1534
f 3062/7408/1533 3059/7409/1533 3055/7401/1533 3058/7400/1533
f 3063/7410/1530 3064/7411/1530 3060/7403/1530 3059/7402/1530
f 3064/7412/1531 3065/7413/1531 3061/7405/1531 3060/7404/1531
f 3065/7414/1534 3066/7415/1534 3062/7407/1534 3061/7406/1534
f 3066/7416/1533 3063/7417/1533 3059/7409/1533 3062/7408/1533
f 3067/7418/1530 3068/7419/1530 3064/7411/1530 3063/7410/1530
f 3068/7420/1531 3069/7421/1531 3065/7413/1531 3064/7412/1531
f 3069/7422/1532 3070/7423/1532 3066/7415/1532 3065/7414/1532
f 3070/7424/1535 3067/7425/1535 3063/7417/1535 3066/7416/1535
f 233/7426/1530 234/7427/1530 3068/7419/1530 3067/7418/1530
f 234/7428/1531 235/7429/1531 3069/7421/1531 3068/7420/1531
f 235/7430/1534 236/7431/1534 3070/7423/1534 3069/7422/1534
f 236/7432/1533 233/7433/1533 3067/7425/1533 3070/7424/1533
f 3075/7434/1536 3076/7435/1536 3072/3354/1536 3071/3357/1536
f 3076/7436/1537 3077/7437/1537 3073/2956/1537 3072/2955/1537
f 3077/7438/1538 3078/7439/1538 3074/7440/1538 3073/7441/1538
f 3078/7442/1539 3075/7443/1539 3071/992/1539 3074/909/1539
f 3079/7444/1540 3080/7445/1540 3076/7435/1540 3075/7434/1540
f 3080/7446/1537 3081/7447/1537 3077/7437/1537 3076/7436/1537
f 3081/7448/1538 3082/7449/1538 3078/7439/1538 3077/7438/1538
f 3082/7450/1539 3079/7451/1539 3075/7443/1539 3078/7442/1539
f 3083/7452/1536 3084/7453/1536 3080/7445/1536 3079/7444/1536
f 3084/7454/1537 3085/7455/1537 3081/7447/1537 3080/7446/1537
f 3085/7456/1538 3086/7457/1538 3082/7449/1538 3081/7448/1538
f 3086/7458/1539 3083/7459/1539 3079/7451/1539 3082/7450/1539
f 3087/7460/1536 3088/7461/1536 3084/7453/1536 3083/7452/1536
f 3088/7462/1537 3089/7463/1537 3085/7455/1537 3084/7454/1537
f 3089/7464/1538 3090/7465/1538 3086/7457/1538 3085/7456/1538
f 3090/7466/1541 3087/7467/1541 3083/7459/1541 3086/7458/1541
f 237/7468/1536 238/7469/1536 3088/7461/1536 3087/7460/1536
f 238/7470/1537 239/7471/1537 3089/7463/1537 3088/7462/1537
f 239/7472/1538 240/7473/1538 3090/7465/1538 3089/7464/1538
f 240/7474/1539 237/7475/1539 3087/7467/1539 3090/7466/1539
f 3091/7476/1542 3092/7477/1542 10/1632/1542 9/1631/1542
f 3092/7478/1543 3093/7479/1543 11/1628/1543 10/1627/1543
f 3093/7480/1544 3094/7481/1544 12/1624/1544 11/1623/1544
f 3094/7482/1545 3091/7483/1545 9/1620/1545 12/1619/1545
f 3095/7484/1546 3096/7485/1546 3092/7477/1546 3091/7476/1546
f 3096/7486/1547 3097/7487/1547 3093/7479/1547 3092/7478/1547
f 3097/7488/1548 3098/7489/1548 3094/7481/1548 3093/7480/1548
f 3098/7490/1549 3095/7491/1549 3091/7483/1549 3094/7482/1549
f 3099/1027/1546 3100/1029/1546 3096/7485/1546 3095/7484/1546
f 3100/7492/1547 3101/7493/1547 3097/7487/1547 3096/7486/1547
f 3101/1014/1548 3102/1013/1548 3098/7489/1548 3097/7488/1548
f 3102/2661/1549 3099/2660/1549 3095/7491/1549 3098/7490/1549
f 3107/7494/1550 3108/7495/1550 3104/7496/1550 3103/7497/1550
f 3108/7498/1551 3109/7499/1551 3105/2574/1551 3104/1028/1551
f 3109/7500/1552 3110/7501/1552 3106/2615/1552 3105/2618/1552
f 3110/7502/1553 3107/7503/1553 3103/2562/1553 3106/2561/1553
f 3111/7504/1550 3112/7505/1550 3108/7495/1550 3107/7494/1550
f 3112/7506/1551 3113/7507/1551 3109/7499/1551 3108/7498/1551
f 3113/7508/1552 3114/7509/1552 3110/7501/1552 3109/7500/1552
f 3114/7510/1553 3111/7511/1553 3107/7503/1553 3110/7502/1553
f 3115/7512/1550 3116/7513/1550 3112/7505/1550 3111/7504/1550
f 3116/7514/1551 3117/7515/1551 3113/7507/1551 3112/7506/1551
f 3117/7516/1552 3118/7517/1552 3114/7509/1552 3113/7508/1552
f 3118/7518/1553 3115/7519/1553 3111/7511/1553 3114/7510/1553
f 3119/7520/1550 3120/7521/1550 3116/7513/1550 3115/7512/1550
f 3120/7522/1551 3121/7523/1551 3117/7515/1551 3116/7514/1551
f 3121/7524/1552 3122/7525/1552 3118/7517/1552 3117/7516/1552
f 3122/7526/1553 3119/7527/1553 3115/7519/1553 3118/7518/1553
f 3123/7528/1550 3124/7529/1550 3120/7521/1550 3119/7520/1550
f 3124/7530/1551 3125/7531/1551 3121/7523/1551 3120/7522/1551
f 3125/7532/1552 3126/7533/1552 3122/7525/1552 3121/7524/1552
f 3126/7534/1553 3123/7535/1553 3119/7527/1553 3122/7526/1553
f 3127/7536/1550 3128/7537/1550 3124/7529/1550 3123/7528/1550
f 3128/7538/1551 3129/7539/1551 3125/7531/1551 3124/7530/1551
f 3129/7540/1552 3130/7541/1552 3126/7533/1552 3125/7532/1552
f 3130/7542/1553 3127/7543/1553 3123/7535/1553 3126/7534/1553
f 3131/2844/1550 3132/2843/1550 3128/7537/1550 3127/7536/1550
f 3132/1026/1551 3133/1025/1551 3129/7539/1551 3128/7538/1551
f 3133/7544/1552 3134/7545/1552 3130/7541/1552 3129/7540/1552
f 3134/2775/1553 3131/2774/1553 3127/7543/1553 3130/7542/1553
f 3139/7546/1554 3140/7547/1554 6474/7548/1554 6475/7549/1554
f 3140/7550/1555 3141/7551/1555 6473/7552/1555 6474/7553/1555
f 3141/7554/1556 3142/7555/1556 6472/7556/1556 6473/7557/1556
f 3142/7558/1557 3139/7559/1557 6475/7560/1557 6472/7561/1557
f 241/7562/1558 242/7563/1558 3140/7547/1558 3139/7546/1558
f 242/7564/1559 243/7565/1559 3141/7551/1559 3140/7550/1559
f 243/7566/1560 244/7567/1560 3142/7555/1560 3141/7554/1560
f 244/7568/1561 241/7569/1561 3139/7559/1561 3142/7558/1561
f 245/7570/1562 246/7571/1562 242/7572/1562 241/7573/1562
f 246/7574/1563 247/7575/1563 243/7565/1563 242/7564/1563
f 247/7576/1564 248/7577/1564 244/7578/1564 243/7579/1564
f 248/7580/1565 245/7581/1565 241/7569/1565 244/7568/1565
f 3143/7582/1566 3144/7583/1566 246/7571/1566 245/7570/1566
f 3144/7584/1567 3145/7585/1567 247/7575/1567 246/7574/1567
f 3145/7586/1568 3146/7587/1568 248/7577/1568 247/7576/1568
f 3146/7588/1569 3143/7589/1569 245/7581/1569 248/7580/1569
f 3147/7590/1570 3148/7591/1570 3144/7583/1570 3143/7582/1570
f 3148/7592/1571 3149/7593/1571 3145/7585/1571 3144/7584/1571
f 3149/7594/1572 3150/7595/1572 3146/7587/1572 3145/7586/1572
f 3150/7596/1573 3147/7597/1573 3143/7589/1573 3146/7588/1573
f 3151/7598/1570 3152/1637/1570 3148/7591/1570 3147/7590/1570
f 3152/2568/1571 3153/2567/1571 3149/7593/1571 3148/7592/1571
f 3153/2513/1572 3154/2512/1572 3150/7595/1572 3149/7594/1572
f 3154/7599/1573 3151/7600/1573 3147/7597/1573 3150/7596/1573
f 3158/7601/1574 3159/7602/1574 3156/7603/1574 3155/7604/1574
f 3159/7605/1575 3160/7606/1575 3157/3281/1575 3156/3284/1575
f 3160/7607/1576 3161/7608/1576 3137/2896/1576 3157/2895/1576
f 3161/7609/1577 3158/7610/1577 3155/2399/1577 3137/2401/1577
f 3162/7611/1574 3163/7612/1574 3159/7602/1574 3158/7601/1574
f 3163/7613/1575 3164/7614/1575 3160/7606/1575 3159/7605/1575
f 3164/7615/1578 3165/7616/1578 3161/7608/1578 3160/7607/1578
f 3165/7617/1579 3162/7618/1579 3158/7610/1579 3161/7609/1579
f 3166/7619/1574 3167/7620/1574 3163/7612/1574 3162/7611/1574
f 3167/7621/1575 3168/7622/1575 3164/7614/1575 3163/7613/1575
f 3168/7623/1578 3169/7624/1578 3165/7616/1578 3164/7615/1578
f 3169/7625/1579 3166/7626/1579 3162/7618/1579 3165/7617/1579
f 3170/7627/1574 3171/7628/1574 3167/7620/1574 3166/7619/1574
f 3171/7629/1575 3172/7630/1575 3168/7622/1575 3167/7621/1575
f 3172/7631/1578 3173/7632/1578 3169/7624/1578 3168/7623/1578
f 3173/7633/1579 3170/7634/1579 3166/7626/1579 3169/7625/1579
f 3174/7635/1574 3175/7636/1574 3171/7628/1574 3170/7627/1574
f 3175/7637/1575 3176/7638/1575 3172/7630/1575 3171/7629/1575
f 3176/7639/1578 3177/7640/1578 3173/7632/1578 3172/7631/1578
f 3177/7641/1579 3174/7642/1579 3170/7634/1579 3173/7633/1579
f 3178/7643/1574 3179/7644/1574 3175/7636/1574 3174/7635/1574
f 3179/7645/1575 3180/7646/1575 3176/7638/1575 3175/7637/1575
f 3180/7647/1578 3181/7648/1578 3177/7640/1578 3176/7639/1578
f 3181/7649/1579 3178/7650/1579 3174/7642/1579 3177/7641/1579
f 3182/7651/1574 3183/7652/1574 3179/7644/1574 3178/7643/1574
f 3183/7653/1575 3184/7654/1575 3180/7646/1575 3179/7645/1575
f 3184/7655/1578 3185/7656/1578 3181/7648/1578 3180/7647/1578
f 3185/7657/1579 3182/7658/1579 3178/7650/1579 3181/7649/1579
f 3186/7659/1580 3187/7660/1580 3183/7652/1580 3182/7651/1580
f 3187/7661/1575 3188/7662/1575 3184/7654/1575 3183/7653/1575
f 3188/7663/1578 3189/7664/1578 3185/7656/1578 3184/7655/1578
f 3189/7665/1579 3186/7666/1579 3182/7658/1579 3185/7657/1579
f 3190/7667/1574 3191/7668/1574 3187/7660/1574 3186/7659/1574
f 3191/7669/1575 3192/7670/1575 3188/7662/1575 3187/7661/1575
f 3192/7671/1578 3193/7672/1578 3189/7664/1578 3188/7663/1578
f 3193/7673/1579 3190/7674/1579 3186/7666/1579 3189/7665/1579
f 3194/7675/1574 3195/7676/1574 3191/7668/1574 3190/7667/1574
f 3195/7677/1575 3196/7678/1575 3192/7670/1575 3191/7669/1575
f 3196/7679/1578 3197/7680/1578 3193/7672/1578 3192/7671/1578
f 3197/7681/1579 3194/7682/1579 3190/7674/1579 3193/7673/1579
f 3198/7683/1574 3199/7684/1574 3195/7676/1574 3194/7675/1574
f 3199/7685/1575 3200/7686/1575 3196/7678/1575 3195/7677/1575
f 3200/7687/1578 3201/7688/1578 3197/7680/1578 3196/7679/1578
f 3201/7689/1579 3198/7690/1579 3194/7682/1579 3197/7681/1579
f 3202/7691/1574 3203/7692/1574 3199/7684/1574 3198/7683/1574
f 3203/7693/1575 3204/7694/1575 3200/7686/1575 3199/7685/1575
f 3204/7695/1578 3205/7696/1578 3201/7688/1578 3200/7687/1578
f 3205/7697/1579 3202/7698/1579 3198/7690/1579 3201/7689/1579
f 3206/7699/1574 3207/7700/1574 3203/7692/1574 3202/7691/1574
f 3207/3499/1575 3208/3498/1575 3204/7694/1575 3203/7693/1575
f 3208/7701/1578 3209/7702/1578 3205/7696/1578 3204/7695/1578
f 3209/1097/1579 3206/3510/1579 3202/7698/1579 3205/7697/1579
f 3210/7703/1581 3211/7704/1581 274/7705/1581 273/7706/1581
f 3211/7707/1582 3212/7708/1582 275/7709/1582 274/7710/1582
f 3212/7711/1583 3213/7712/1583 276/7713/1583 275/7714/1583
f 3213/7715/1584 3210/7716/1584 273/7717/1584 276/7718/1584
f 3214/7719/1585 3215/7720/1585 3211/7704/1585 3210/7703/1585
f 3215/7721/1586 3216/7722/1586 3212/7708/1586 3211/7707/1586
f 3216/7723/1587 3217/7724/1587 3213/7712/1587 3212/7711/1587
f 3217/7725/1588 3214/7726/1588 3210/7716/1588 3213/7715/1588
f 3218/7727/1585 3219/7728/1585 3215/7720/1585 3214/7719/1585
f 3219/7729/1589 3220/7730/1589 3216/7722/1589 3215/7721/1589
f 3220/7731/1587 3221/7732/1587 3217/7724/1587 3216/7723/1587
f 3221/7733/1588 3218/7734/1588 3214/7726/1588 3217/7725/1588
f 3222/7735/1585 3223/7736/1585 3219/7728/1585 3218/7727/1585
f 3223/7737/1589 3224/7738/1589 3220/7730/1589 3219/7729/1589
f 3224/7739/1587 3225/7740/1587 3221/7732/1587 3220/7731/1587
f 3225/7741/1588 3222/7742/1588 3218/7734/1588 3221/7733/1588
f 3226/7743/1585 3227/7744/1585 3223/7736/1585 3222/7735/1585
f 3227/7745/1589 3228/7746/1589 3224/7738/1589 3223/7737/1589
f 3228/7747/1587 3229/7748/1587 3225/7740/1587 3224/7739/1587
f 3229/7749/1588 3226/7750/1588 3222/7742/1588 3225/7741/1588
f 3230/7751/1585 3231/7752/1585 3227/7744/1585 3226/7743/1585
f 3231/7753/1589 3232/7754/1589 3228/7746/1589 3227/7745/1589
f 3232/7755/1587 3233/7756/1587 3229/7748/1587 3228/7747/1587
f 3233/7757/1588 3230/7758/1588 3226/7750/1588 3229/7749/1588
f 3234/7759/1585 3235/7760/1585 3231/7752/1585 3230/7751/1585
f 3235/7761/1589 3236/7762/1589 3232/7754/1589 3231/7753/1589
f 3236/7763/1587 3237/7764/1587 3233/7756/1587 3232/7755/1587
f 3237/7765/1588 3234/7766/1588 3230/7758/1588 3233/7757/1588
f 3238/7767/1585 3239/7768/1585 3235/7760/1585 3234/7759/1585
f 3239/7769/1589 3240/7770/1589 3236/7762/1589 3235/7761/1589
f 3240/7771/1587 3241/7772/1587 3237/7764/1587 3236/7763/1587
f 3241/7773/1588 3238/7774/1588 3234/7766/1588 3237/7765/1588
f 3242/1128/1585 3243/1127/1585 3239/7768/1585 3238/7767/1585
f 3243/7775/1589 3244/7776/1589 3240/7770/1589 3239/7769/1589
f 3244/3593/1587 3245/3592/1587 3241/7772/1587 3240/7771/1587
f 3245/7777/1588 3242/7778/1588 3238/7774/1588 3241/7773/1588
f 3250/7779/1590 3251/7780/1590 3247/7781/1590 3246/7782/1590
f 3251/7783/1591 3252/7784/1591 3248/1137/1591 3247/1136/1591
f 3252/7785/1592 3253/7786/1592 3249/7787/1592 3248/7788/1592
f 3253/7789/1593 3250/7790/1593 3246/7791/1593 3249/7792/1593
f 249/7793/1594 250/7794/1594 3251/7780/1594 3250/7779/1594
f 250/7795/1595 251/7796/1595 3252/7784/1595 3251/7783/1595
f 251/7797/1596 252/7798/1596 3253/7786/1596 3252/7785/1596
f 252/3242/1597 249/7799/1597 3250/7790/1597 3253/7789/1597
f 3254/7800/1598 3255/7801/1598 250/7802/1598 249/7803/1598
f 3255/7804/1599 3256/7805/1599 251/7806/1599 250/7807/1599
f 3256/7808/1600 3257/7809/1600 252/7810/1600 251/7811/1600
f 3257/7812/1601 3254/7813/1601 249/7814/1601 252/7815/1601
f 3258/7816/1602 3259/7817/1602 3255/7801/1602 3254/7800/1602
f 3259/7818/1603 3260/7819/1603 3256/7805/1603 3255/7804/1603
f 3260/7820/1604 3261/7821/1604 3257/7809/1604 3256/7808/1604
f 3261/7822/1605 3258/7823/1605 3254/7813/1605 3257/7812/1605
f 3262/7824/1602 3263/7825/1602 3259/7817/1602 3258/7816/1602
f 3263/7826/1603 3264/7827/1603 3260/7819/1603 3259/7818/1603
f 3264/7828/1604 3265/7829/1604 3261/7821/1604 3260/7820/1604
f 3265/7830/1605 3262/7831/1605 3258/7823/1605 3261/7822/1605
f 3266/7832/1602 3267/7833/1602 3263/7825/1602 3262/7824/1602
f 3267/7834/1603 3268/7835/1603 3264/7827/1603 3263/7826/1603
f 3268/7836/1604 3269/7837/1604 3265/7829/1604 3264/7828/1604
f 3269/7838/1605 3266/7839/1605 3262/7831/1605 3265/7830/1605
f 3270/7840/1602 3271/7841/1602 3267/7833/1602 3266/7832/1602
f 3271/7842/1603 3272/7843/1603 3268/7835/1603 3267/7834/1603
f 3272/7844/1604 3273/7845/1604 3269/7837/1604 3268/7836/1604
f 3273/7846/1605 3270/7847/1605 3266/7839/1605 3269/7838/1605
f 3274/7848/1602 3275/7849/1602 3271/7841/1602 3270/7840/1602
f 3275/7850/1603 3276/7851/1603 3272/7843/1603 3271/7842/1603
f 3276/7852/1604 3277/7853/1604 3273/7845/1604 3272/7844/1604
f 3277/7854/1606 3274/7855/1606 3270/7847/1606 3273/7846/1606
f 3278/7856/1602 3279/7857/1602 3275/7849/1602 3274/7848/1602
f 3279/7858/1603 3280/7859/1603 3276/7851/1603 3275/7850/1603
f 3280/7860/1604 3281/7861/1604 3277/7853/1604 3276/7852/1604
f 3281/7862/1606 3278/7863/1606 3274/7855/1606 3277/7854/1606
f 3282/7864/1602 3283/7865/1602 3279/7857/1602 3278/7856/1602
f 3283/7866/1603 3284/7867/1603 3280/7859/1603 3279/7858/1603
f 3284/7868/1604 3285/7869/1604 3281/7861/1604 3280/7860/1604
f 3285/7870/1605 3282/7871/1605 3278/7863/1605 3281/7862/1605
f 3286/7872/1602 3287/7873/1602 3283/7865/1602 3282/7864/1602
f 3287/7874/1603 3288/7875/1603 3284/7867/1603 3283/7866/1603
f 3288/7876/1604 3289/7877/1604 3285/7869/1604 3284/7868/1604
f 3289/7878/1605 3286/7879/1605 3282/7871/1605 3285/7870/1605
f 3290/7880/1602 3291/7881/1602 3287/7873/1602 3286/7872/1602
f 3291/7882/1603 3292/7883/1603 3288/7875/1603 3287/7874/1603
f 3292/7884/1604 3293/7885/1604 3289/7877/1604 3288/7876/1604
f 3293/7886/1605 3290/7887/1605 3286/7879/1605 3289/7878/1605
f 3294/7888/1602 3295/7889/1602 3291/7881/1602 3290/7880/1602
f 3295/7890/1603 3296/7891/1603 3292/7883/1603 3291/7882/1603
f 3296/7892/1604 3297/7893/1604 3293/7885/1604 3292/7884/1604
f 3297/7894/1606 3294/7895/1606 3290/7887/1606 3293/7886/1606
f 3298/1152/1602 3299/1151/1602 3295/7889/1602 3294/7888/1602
f 3299/7896/1603 3300/7897/1603 3296/7891/1603 3295/7890/1603
f 3300/1165/1604 3301/1167/1604 3297/7893/1604 3296/7892/1604
f 3301/1179/1605 3298/1169/1605 3294/7895/1605 3297/7894/1605
f 3306/7898/1607 3307/7899/1607 3303/1156/1607 3302/1158/1607
f 3307/7900/1608 3308/7901/1608 3304/3642/1608 3303/3641/1608
f 3308/7902/1609 3309/7903/1609 3305/3616/1609 3304/3615/1609
f 3309/7904/1610 3306/7905/1610 3302/1170/1610 3305/1178/1610
f 3310/7906/1607 3311/7907/1607 3307/7899/1607 3306/7898/1607
f 3311/7908/1608 3312/7909/1608 3308/7901/1608 3307/7900/1608
f 3312/7910/1611 3313/7911/1611 3309/7903/1611 3308/7902/1611
f 3313/7912/1610 3310/7913/1610 3306/7905/1610 3309/7904/1610
f 3314/7914/1612 3315/7915/1612 3311/7907/1612 3310/7906/1612
f 3315/7916/1613 3316/7917/1613 3312/7909/1613 3311/7908/1613
f 3316/7918/1609 3317/7919/1609 3313/7911/1609 3312/7910/1609
f 3317/7920/1610 3314/7921/1610 3310/7913/1610 3313/7912/1610
f 3318/7922/1607 3319/7923/1607 3315/7915/1607 3314/7914/1607
f 3319/7924/1608 3320/7925/1608 3316/7917/1608 3315/7916/1608
f 3320/7926/1614 3321/7927/1614 3317/7919/1614 3316/7918/1614
f 3321/7928/1615 3318/7929/1615 3314/7921/1615 3317/7920/1615
f 3322/7930/1616 3323/7931/1616 3319/7923/1616 3318/7922/1616
f 3323/7932/1608 3324/7933/1608 3320/7925/1608 3319/7924/1608
f 3324/7934/1609 3325/7935/1609 3321/7927/1609 3320/7926/1609
f 3325/7936/1615 3322/7937/1615 3318/7929/1615 3321/7928/1615
f 3326/7938/1616 3327/7939/1616 3323/7931/1616 3322/7930/1616
f 3327/7940/1613 3328/7941/1613 3324/7933/1613 3323/7932/1613
f 3328/7942/1609 3329/7943/1609 3325/7935/1609 3324/7934/1609
f 3329/7944/1610 3326/7945/1610 3322/7937/1610 3325/7936/1610
f 3330/7946/1607 3331/7947/1607 3327/7939/1607 3326/7938/1607
f 3331/7948/1608 3332/7949/1608 3328/7941/1608 3327/7940/1608
f 3332/7950/1611 3333/7951/1611 3329/7943/1611 3328/7942/1611
f 3333/7952/1615 3330/7953/1615 3326/7945/1615 3329/7944/1615
f 3334/7954/1616 3335/7955/1616 3331/7947/1616 3330/7946/1616
f 3335/7956/1608 3336/7957/1608 3332/7949/1608 3331/7948/1608
f 3336/7958/1617 3337/7959/1617 3333/7951/1617 3332/7950/1617
f 3337/7960/1610 3334/7961/1610 3330/7953/1610 3333/7952/1610
f 3338/7962/1607 3339/7963/1607 3335/7955/1607 3334/7954/1607
f 3339/7964/1608 3340/7965/1608 3336/7957/1608 3335/7956/1608
f 3340/7966/1611 3341/7967/1611 3337/7959/1611 3336/7958/1611
f 3341/7968/1610 3338/7969/1610 3334/7961/1610 3337/7960/1610
f 3342/7970/1607 3343/7971/1607 3339/7963/1607 3338/7962/1607
f 3343/7972/1608 3344/7973/1608 3340/7965/1608 3339/7964/1608
f 3344/7974/1618 3345/7975/1618 3341/7967/1618 3340/7966/1618
f 3345/7976/1615 3342/7977/1615 3338/7969/1615 3341/7968/1615
f 3346/7978/1607 3347/7979/1607 3343/7971/1607 3342/7970/1607
f 3347/7980/1608 3348/7981/1608 3344/7973/1608 3343/7972/1608
f 3348/7982/1611 3349/7983/1611 3345/7975/1611 3344/7974/1611
f 3349/7984/1615 3346/7985/1615 3342/7977/1615 3345/7976/1615
f 3350/7986/1607 3351/7987/1607 3347/7979/1607 3346/7978/1607
f 3351/7988/1613 3352/7989/1613 3348/7981/1613 3347/7980/1613
f 3352/7990/1609 3353/7991/1609 3349/7983/1609 3348/7982/1609
f 3353/7992/1615 3350/7993/1615 3346/7985/1615 3349/7984/1615
f 3354/7994/1607 3355/7995/1607 3351/7987/1607 3350/7986/1607
f 3355/7996/1608 3356/7997/1608 3352/7989/1608 3351/7988/1608
f 3356/7998/1609 3357/7999/1609 3353/7991/1609 3352/7990/1609
f 3357/8000/1615 3354/8001/1615 3350/7993/1615 3353/7992/1615
f 3358/8002/1607 3359/8003/1607 3355/7995/1607 3354/7994/1607
f 3359/8004/1608 3360/8005/1608 3356/7997/1608 3355/7996/1608
f 3360/8006/1611 3361/8007/1611 3357/7999/1611 3356/7998/1611
f 3361/8008/1615 3358/8009/1615 3354/8001/1615 3357/8000/1615
f 3362/8010/1607 3363/8011/1607 3359/8003/1607 3358/8002/1607
f 3363/8012/1608 3364/8013/1608 3360/8005/1608 3359/8004/1608
f 3364/8014/1611 3365/8015/1611 3361/8007/1611 3360/8006/1611
f 3365/8016/1615 3362/8017/1615 3358/8009/1615 3361/8008/1615
f 3366/8018/1607 3367/8019/1607 3363/8011/1607 3362/8010/1607
f 3367/8020/1613 3368/8021/1613 3364/8013/1613 3363/8012/1613
f 3368/8022/1619 3369/8023/1619 3365/8015/1619 3364/8014/1619
f 3369/8024/1610 3366/8025/1610 3362/8017/1610 3365/8016/1610
f 3370/8026/1612 3371/8027/1612 3367/8019/1612 3366/8018/1612
f 3371/8028/1608 3372/8029/1608 3368/8021/1608 3367/8020/1608
f 3372/8030/1609 3373/8031/1609 3369/8023/1609 3368/8022/1609
f 3373/8032/1615 3370/8033/1615 3366/8025/1615 3369/8024/1615
f 3374/8034/1607 3375/8035/1607 3371/8027/1607 3370/8026/1607
f 3375/8036/1608 3376/8037/1608 3372/8029/1608 3371/8028/1608
f 3376/8038/1611 3377/8039/1611 3373/8031/1611 3372/8030/1611
f 3377/8040/1615 3374/8041/1615 3370/8033/1615 3373/8032/1615
f 3378/8042/1607 3379/8043/1607 3375/8035/1607 3374/8034/1607
f 3379/8044/1608 3380/8045/1608 3376/8037/1608 3375/8036/1608
f 3380/8046/1611 3381/8047/1611 3377/8039/1611 3376/8038/1611
f 3381/8048/1615 3378/8049/1615 3374/8041/1615 3377/8040/1615
f 3382/8050/1616 3383/8051/1616 3379/8043/1616 3378/8042/1616
f 3383/8052/1608 3384/8053/1608 3380/8045/1608 3379/8044/1608
f 3384/8054/1618 3385/8055/1618 3381/8047/1618 3380/8046/1618
f 3385/8056/1615 3382/8057/1615 3378/8049/1615 3381/8048/1615
f 253/8058/1607 254/8059/1607 3383/8051/1607 3382/8050/1607
f 254/8060/1608 255/8061/1608 3384/8053/1608 3383/8052/1608
f 255/8062/1609 256/8063/1609 3385/8055/1609 3384/8054/1609
f 256/8064/1610 253/8065/1610 3382/8057/1610 3385/8056/1610
f 3390/8066/1620 3391/8067/1620 6478/8068/1620 6479/8069/1620
f 3391/8070/1621 3392/8071/1621 6477/8072/1621 6478/8073/1621
f 3392/8074/1622 3393/8075/1622 6476/8076/1622 6477/8077/1622
f 3393/8078/1623 3390/8079/1623 6479/8080/1623 6476/8081/1623
f 3394/8082/1620 3395/8083/1620 3391/8067/1620 3390/8066/1620
f 3395/8084/1621 3396/8085/1621 3392/8071/1621 3391/8070/1621
f 3396/8086/1622 3397/8087/1622 3393/8075/1622 3392/8074/1622
f 3397/8088/1623 3394/8089/1623 3390/8079/1623 3393/8078/1623
f 3398/8090/1620 3399/8091/1620 3395/8083/1620 3394/8082/1620
f 3399/8092/1621 3400/8093/1621 3396/8085/1621 3395/8084/1621
f 3400/8094/1622 3401/8095/1622 3397/8087/1622 3396/8086/1622
f 3401/8096/1623 3398/8097/1623 3394/8089/1623 3397/8088/1623
f 257/8098/1620 258/8099/1620 3399/8091/1620 3398/8090/1620
f 258/8100/1621 259/8101/1621 3400/8093/1621 3399/8092/1621
f 259/8102/1622 260/8103/1622 3401/8095/1622 3400/8094/1622
f 260/8104/1623 257/8105/1623 3398/8097/1623 3401/8096/1623
f 3402/8106/1624 3403/8107/1624 266/8108/1624 265/8109/1624
f 3403/8110/1625 3404/8111/1625 267/8112/1625 266/8113/1625
f 3404/8114/1626 3405/8115/1626 268/8116/1626 267/8117/1626
f 3405/8118/1627 3402/8119/1627 265/8120/1627 268/8121/1627
f 3406/8122/1628 3407/8123/1628 3403/8107/1628 3402/8106/1628
f 3407/8124/1629 3408/8125/1629 3404/8111/1629 3403/8110/1629
f 3408/8126/1630 3409/8127/1630 3405/8115/1630 3404/8114/1630
f 3409/8128/1631 3406/8129/1631 3402/8119/1631 3405/8118/1631
f 3410/8130/1628 3411/8131/1628 3407/8123/1628 3406/8122/1628
f 3411/8132/1629 3412/8133/1629 3408/8125/1629 3407/8124/1629
f 3412/8134/1632 3413/8135/1632 3409/8127/1632 3408/8126/1632
f 3413/8136/1631 3410/8137/1631 3406/8129/1631 3409/8128/1631
f 3414/8138/1633 3415/8139/1633 3411/8131/1633 3410/8130/1633
f 3415/8140/1629 3416/8141/1629 3412/8133/1629 3411/8132/1629
f 3416/8142/1630 3417/8143/1630 3413/8135/1630 3412/8134/1630
f 3417/8144/1631 3414/8145/1631 3410/8137/1631 3413/8136/1631
f 3418/8146/1634 3419/8147/1634 3415/8139/1634 3414/8138/1634
f 3419/8148/1629 3420/8149/1629 3416/8141/1629 3415/8140/1629
f 3420/8150/1630 3421/8151/1630 3417/8143/1630 3416/8142/1630
f 3421/8152/1631 3418/8153/1631 3414/8145/1631 3417/8144/1631
f 3422/8154/1628 3423/8155/1628 3419/8147/1628 3418/8146/1628
f 3423/8156/1629 3424/8157/1629 3420/8149/1629 3419/8148/1629
f 3424/8158/1630 3425/8159/1630 3421/8151/1630 3420/8150/1630
f 3425/8160/1631 3422/8161/1631 3418/8153/1631 3421/8152/1631
f 3426/8162/1628 3427/8163/1628 3423/8155/1628 3422/8154/1628
f 3427/8164/1629 3428/8165/1629 3424/8157/1629 3423/8156/1629
f 3428/8166/1630 3429/8167/1630 3425/8159/1630 3424/8158/1630
f 3429/8168/1631 3426/8169/1631 3422/8161/1631 3425/8160/1631
f 261/8170/1633 262/8171/1633 3427/8163/1633 3426/8162/1633
f 262/8172/1629 263/8173/1629 3428/8165/1629 3427/8164/1629
f 263/2020/1630 264/2019/1630 3429/8167/1630 3428/8166/1630
f 264/8174/1631 261/8175/1631 3426/8169/1631 3429/8168/1631
f 3434/8176/1635 3435/8177/1635 6482/8178/1635 6483/8179/1635
f 3435/8180/1636 3436/8181/1636 3432/8182/1636 6482/8183/1636
f 3436/8184/1637 3437/8185/1637 6481/8186/1637 3432/8187/1637
f 3437/8188/1638 3434/8189/1638 6483/8190/1638 6481/8191/1638
f 3438/8192/1635 3439/8193/1635 3435/8177/1635 3434/8176/1635
f 3439/8194/1636 3440/8195/1636 3436/8181/1636 3435/8180/1636
f 3440/8196/1637 3441/8197/1637 3437/8185/1637 3436/8184/1637
f 3441/8198/1638 3438/8199/1638 3434/8189/1638 3437/8188/1638
f 3442/8200/1639 3443/8201/1639 3439/8193/1639 3438/8192/1639
f 3443/8202/1636 3444/8203/1636 3440/8195/1636 3439/8194/1636
f 3444/8204/1637 3445/8205/1637 3441/8197/1637 3440/8196/1637
f 3445/8206/1638 3442/8207/1638 3438/8199/1638 3441/8198/1638
f 3446/8208/1639 3447/8209/1639 3443/8201/1639 3442/8200/1639
f 3447/8210/1636 3448/8211/1636 3444/8203/1636 3443/8202/1636
f 3448/8212/1637 3449/8213/1637 3445/8205/1637 3444/8204/1637
f 3449/8214/1638 3446/8215/1638 3442/8207/1638 3445/8206/1638
f 3450/8216/1635 3451/8217/1635 3447/8209/1635 3446/8208/1635
f 3451/8218/1640 3452/8219/1640 3448/8211/1640 3447/8210/1640
f 3452/8220/1637 3453/8221/1637 3449/8213/1637 3448/8212/1637
f 3453/8222/1638 3450/8223/1638 3446/8215/1638 3449/8214/1638
f 3454/8224/1639 3455/8225/1639 3451/8217/1639 3450/8216/1639
f 3455/8226/1636 3456/8227/1636 3452/8219/1636 3451/8218/1636
f 3456/8228/1637 3457/8229/1637 3453/8221/1637 3452/8220/1637
f 3457/8230/1638 3454/8231/1638 3450/8223/1638 3453/8222/1638
f 3458/8232/1639 3459/8233/1639 3455/8225/1639 3454/8224/1639
f 3459/8234/1636 3460/8235/1636 3456/8227/1636 3455/8226/1636
f 3460/8236/1637 3461/8237/1637 3457/8229/1637 3456/8228/1637
f 3461/8238/1638 3458/8239/1638 3454/8231/1638 3457/8230/1638
f 3462/8240/1635 3463/8241/1635 3459/8233/1635 3458/8232/1635
f 3463/8242/1636 3464/8243/1636 3460/8235/1636 3459/8234/1636
f 3464/8244/1637 3465/8245/1637 3461/8237/1637 3460/8236/1637
f 3465/8246/1638 3462/8247/1638 3458/8239/1638 3461/8238/1638
f 3466/8248/1639 3467/8249/1639 3463/8241/1639 3462/8240/1639
f 3467/8250/1636 3468/8251/1636 3464/8243/1636 3463/8242/1636
f 3468/8252/1637 3469/8253/1637 3465/8245/1637 3464/8244/1637
f 3469/8254/1638 3466/8255/1638 3462/8247/1638 3465/8246/1638
f 3470/8256/1635 3471/8257/1635 3467/8249/1635 3466/8248/1635
f 3471/8258/1636 3472/8259/1636 3468/8251/1636 3467/8250/1636
f 3472/8260/1637 3473/8261/1637 3469/8253/1637 3468/8252/1637
f 3473/8262/1641 3470/8263/1641 3466/8255/1641 3469/8254/1641
f 3474/8264/1642 3475/8265/1642 3471/8257/1642 3470/8256/1642
f 3475/8266/1636 3476/8267/1636 3472/8259/1636 3471/8258/1636
f 3476/8268/1637 3477/8269/1637 3473/8261/1637 3472/8260/1637
f 3477/8270/1638 3474/8271/1638 3470/8263/1638 3473/8262/1638
f 3478/8272/1635 3479/8273/1635 3475/8265/1635 3474/8264/1635
f 3479/8274/1636 3480/8275/1636 3476/8267/1636 3475/8266/1636
f 3480/8276/1643 3481/8277/1643 3477/8269/1643 3476/8268/1643
f 3481/8278/1638 3478/8279/1638 3474/8271/1638 3477/8270/1638
f 3482/8280/1635 3483/8281/1635 3479/8273/1635 3478/8272/1635
f 3483/8282/1636 3484/8283/1636 3480/8275/1636 3479/8274/1636
f 3484/8284/1637 3485/8285/1637 3481/8277/1637 3480/8276/1637
f 3485/8286/1638 3482/8287/1638 3478/8279/1638 3481/8278/1638
f 265/8109/1644 266/8108/1644 3483/8281/1644 3482/8280/1644
f 266/8113/1645 267/8112/1645 3484/8283/1645 3483/8282/1645
f 267/8117/1646 268/8116/1646 3485/8285/1646 3484/8284/1646
f 268/8121/1647 265/8120/1647 3482/8287/1647 3485/8286/1647
f 3489/8288/1648 3490/8289/1648 3487/8290/1648 3486/8291/1648
f 3490/8292/1649 3491/8293/1649 3488/1144/1649 3487/3401/1649
f 3491/8294/1650 3492/8295/1650 3248/8296/1650 3488/8297/1650
f 3492/8298/1651 3489/8299/1651 3486/1138/1651 3248/1137/1651
f 3493/8300/1648 3494/8301/1648 3490/8289/1648 3489/8288/1648
f 3494/8302/1649 3495/8303/1649 3491/8293/1649 3490/8292/1649
f 3495/8304/1652 3496/8305/1652 3492/8295/1652 3491/8294/1652
f 3496/8306/1653 3493/8307/1653 3489/8299/1653 3492/8298/1653
f 3497/8308/1648 3498/8309/1648 3494/8301/1648 3493/8300/1648
f 3498/8310/1649 3499/8311/1649 3495/8303/1649 3494/8302/1649
f 3499/8312/1652 3500/8313/1652 3496/8305/1652 3495/8304/1652
f 3500/8314/1653 3497/8315/1653 3493/8307/1653 3496/8306/1653
f 3501/8316/1648 3502/8317/1648 3498/8309/1648 3497/8308/1648
f 3502/8318/1649 3503/8319/1649 3499/8311/1649 3498/8310/1649
f 3503/8320/1652 3504/8321/1652 3500/8313/1652 3499/8312/1652
f 3504/8322/1653 3501/8323/1653 3497/8315/1653 3500/8314/1653
f 3505/8324/1648 3506/8325/1648 3502/8317/1648 3501/8316/1648
f 3506/8326/1649 3507/8327/1649 3503/8319/1649 3502/8318/1649
f 3507/8328/1652 3508/8329/1652 3504/8321/1652 3503/8320/1652
f 3508/8330/1653 3505/8331/1653 3501/8323/1653 3504/8322/1653
f 3509/8332/1648 3510/8333/1648 3506/8325/1648 3505/8324/1648
f 3510/8334/1649 3511/8335/1649 3507/8327/1649 3506/8326/1649
f 3511/8336/1654 3512/8337/1654 3508/8329/1654 3507/8328/1654
f 3512/8338/1655 3509/8339/1655 3505/8331/1655 3508/8330/1655
f 3513/8340/1648 3514/8341/1648 3510/8333/1648 3509/8332/1648
f 3514/8342/1649 3515/8343/1649 3511/8335/1649 3510/8334/1649
f 3515/8344/1652 3516/8345/1652 3512/8337/1652 3511/8336/1652
f 3516/8346/1653 3513/8347/1653 3509/8339/1653 3512/8338/1653
f 269/8348/1648 270/8349/1648 3514/8341/1648 3513/8340/1648
f 270/8350/1649 271/8351/1649 3515/8343/1649 3514/8342/1649
f 271/8352/1652 272/8353/1652 3516/8345/1652 3515/8344/1652
f 272/8354/1655 269/8355/1655 3513/8347/1655 3516/8346/1655
f 3521/8356/1656 3522/8357/1656 3518/3501/1656 3517/3500/1656
f 3522/8358/1657 3523/8359/1657 3519/3543/1657 3518/3542/1657
f 3523/8360/1658 3524/8361/1658 3520/8362/1658 3519/8363/1658
f 3524/8364/1659 3521/8365/1659 3517/1110/1659 3520/1112/1659
f 273/7706/1660 274/7705/1660 3522/8357/1660 3521/8356/1660
f 274/8366/1661 275/8367/1661 3523/8359/1661 3522/8358/1661
f 275/7714/1662 276/7713/1662 3524/8361/1662 3523/8360/1662
f 276/8368/1663 273/8369/1663 3521/8365/1663 3524/8364/1663
f 3527/8370/1664 3528/8371/1664 3526/3511/1664 3525/1099/1664
f 3528/8372/1665 3529/8373/1665 3520/1112/1665 3526/1111/1665
f 3529/8374/1666 3530/8375/1666 3519/8376/1666 3520/8377/1666
f 3530/8378/1667 3527/8379/1667 3525/8380/1667 3519/8381/1667
f 3531/8382/1664 3532/8383/1664 3528/8371/1664 3527/8370/1664
f 3532/8384/1668 3533/8385/1668 3529/8373/1668 3528/8372/1668
f 3533/8386/1669 3534/8387/1669 3530/8375/1669 3529/8374/1669
f 3534/8388/1670 3531/8389/1670 3527/8379/1670 3530/8378/1670
f 3535/8390/1664 3536/8391/1664 3532/8383/1664 3531/8382/1664
f 3536/8392/1668 3537/8393/1668 3533/8385/1668 3532/8384/1668
f 3537/8394/1669 3538/8395/1669 3534/8387/1669 3533/8386/1669
f 3538/8396/1670 3535/8397/1670 3531/8389/1670 3534/8388/1670
f 3539/8398/1664 3540/8399/1664 3536/8391/1664 3535/8390/1664
f 3540/8400/1668 3541/8401/1668 3537/8393/1668 3536/8392/1668
f 3541/8402/1669 3542/8403/1669 3538/8395/1669 3537/8394/1669
f 3542/8404/1670 3539/8405/1670 3535/8397/1670 3538/8396/1670
f 3543/8406/1664 3544/8407/1664 3540/8399/1664 3539/8398/1664
f 3544/8408/1668 3545/8409/1668 3541/8401/1668 3540/8400/1668
f 3545/8410/1669 3546/8411/1669 3542/8403/1669 3541/8402/1669
f 3546/8412/1670 3543/8413/1670 3539/8405/1670 3542/8404/1670
f 3547/8414/1671 3548/8415/1671 3544/8407/1671 3543/8406/1671
f 3548/8416/1668 3549/8417/1668 3545/8409/1668 3544/8408/1668
f 3549/8418/1669 3550/8419/1669 3546/8411/1669 3545/8410/1669
f 3550/8420/1670 3547/8421/1670 3543/8413/1670 3546/8412/1670
f 277/8422/1672 278/8423/1672 3548/8415/1672 3547/8414/1672
f 278/8424/1673 279/8425/1673 3549/8417/1673 3548/8416/1673
f 279/8426/1674 280/8427/1674 3550/8419/1674 3549/8418/1674
f 280/8428/1675 277/8429/1675 3547/8421/1675 3550/8420/1675
f 3551/8430/1676 3552/8431/1676 278/8423/1676 277/8422/1676
f 3552/8432/1677 3553/8433/1677 279/8434/1677 278/8435/1677
f 3553/8436/1678 3554/8437/1678 280/8427/1678 279/8426/1678
f 3554/8438/1679 3551/8430/1679 277/8422/1679 280/8439/1679
f 3555/8440/1680 3556/8441/1680 3552/8431/1680 3551/8430/1680
f 3556/8442/1681 3557/8443/1681 3553/8444/1681 3552/8445/1681
f 3557/8446/1682 3558/8447/1682 3554/8437/1682 3553/8436/1682
f 3558/8448/1683 3555/8440/1683 3551/8430/1683 3554/8438/1683
f 3559/8449/1684 3560/8450/1684 3556/8441/1684 3555/8440/1684
f 3560/8451/1681 3561/8452/1681 3557/8443/1681 3556/8442/1681
f 3561/8453/1682 3562/8454/1682 3558/8447/1682 3557/8446/1682
f 3562/8455/1683 3559/8449/1683 3555/8440/1683 3558/8448/1683
f 3563/8456/1680 3564/8457/1680 3560/8450/1680 3559/8449/1680
f 3564/8458/1681 3565/8459/1681 3561/8452/1681 3560/8451/1681
f 3565/8460/1682 3566/8461/1682 3562/8454/1682 3561/8453/1682
f 3566/8462/1683 3563/8456/1683 3559/8449/1683 3562/8455/1683
f 3567/8463/1685 3568/8464/1685 3564/8457/1685 3563/8456/1685
f 3568/8465/1681 3569/8466/1681 3565/8459/1681 3564/8458/1681
f 3569/8467/1686 3570/8468/1686 3566/8461/1686 3565/8460/1686
f 3570/8469/1683 3567/8463/1683 3563/8456/1683 3566/8462/1683
f 3571/8470/1680 3572/8471/1680 3568/8464/1680 3567/8463/1680
f 3572/8472/1681 3573/8473/1681 3569/8466/1681 3568/8465/1681
f 3573/8474/1687 3574/8475/1687 3570/8468/1687 3569/8467/1687
f 3574/8476/1683 3571/8470/1683 3567/8463/1683 3570/8469/1683
f 3575/8477/1680 3576/8478/1680 3572/8471/1680 3571/8470/1680
f 3576/8479/1681 3577/8480/1681 3573/8473/1681 3572/8472/1681
f 3577/8481/1687 3578/8482/1687 3574/8475/1687 3573/8474/1687
f 3578/8483/1683 3575/8477/1683 3571/8470/1683 3574/8476/1683
f 281/8484/1688 282/8485/1688 3576/8478/1688 3575/8477/1688
f 282/8486/1689 283/8487/1689 3577/8480/1689 3576/8479/1689
f 283/8488/1690 284/8489/1690 3578/8482/1690 3577/8481/1690
f 284/8490/1691 281/8484/1691 3575/8477/1691 3578/8483/1691
f 3579/8491/1692 3580/8492/1692 282/8493/1692 281/8494/1692
f 3580/8495/1693 3581/8496/1693 283/8497/1693 282/8498/1693
f 3581/8499/1694 3582/8500/1694 284/8501/1694 283/8502/1694
f 3582/8503/1695 3579/8504/1695 281/8484/1695 284/8490/1695
f 3583/8505/1696 3584/8506/1696 3580/8492/1696 3579/8491/1696
f 3584/8507/1697 3585/8508/1697 3581/8496/1697 3580/8495/1697
f 3585/8509/1698 3586/8510/1698 3582/8500/1698 3581/8499/1698
f 3586/8511/1699 3583/8512/1699 3579/8504/1699 3582/8503/1699
f 3587/8513/1696 3588/8514/1696 3584/8506/1696 3583/8505/1696
f 3588/8515/1697 3589/8516/1697 3585/8508/1697 3584/8507/1697
f 3589/8517/1698 3590/8518/1698 3586/8510/1698 3585/8509/1698
f 3590/8519/1699 3587/8520/1699 3583/8512/1699 3586/8511/1699
f 3591/8521/1700 3592/8522/1700 3588/8514/1700 3587/8513/1700
f 3592/8523/1697 3593/8524/1697 3589/8516/1697 3588/8515/1697
f 3593/8525/1698 3594/8526/1698 3590/8518/1698 3589/8517/1698
f 3594/8527/1699 3591/8528/1699 3587/8520/1699 3590/8519/1699
f 3595/8529/1696 3596/8530/1696 3592/8522/1696 3591/8521/1696
f 3596/8531/1697 3597/8532/1697 3593/8524/1697 3592/8523/1697
f 3597/8533/1698 3598/8534/1698 3594/8526/1698 3593/8525/1698
f 3598/8535/1699 3595/8536/1699 3591/8528/1699 3594/8527/1699
f 3599/8537/1696 3600/8538/1696 3596/8530/1696 3595/8529/1696
f 3600/8539/1697 3601/8540/1697 3597/8532/1697 3596/8531/1697
f 3601/8541/1698 3602/8542/1698 3598/8534/1698 3597/8533/1698
f 3602/8543/1699 3599/8544/1699 3595/8536/1699 3598/8535/1699
f 3603/8545/1696 3604/8546/1696 3600/8538/1696 3599/8537/1696
f 3604/8547/1697 3605/8548/1697 3601/8540/1697 3600/8539/1697
f 3605/8549/1698 3606/8550/1698 3602/8542/1698 3601/8541/1698
f 3606/8551/1699 3603/8552/1699 3599/8544/1699 3602/8543/1699
f 3607/8553/1696 3608/8554/1696 3604/8546/1696 3603/8545/1696
f 3608/8555/1697 3609/8556/1697 3605/8548/1697 3604/8547/1697
f 3609/8557/1698 3610/8558/1698 3606/8550/1698 3605/8549/1698
f 3610/8559/1699 3607/8560/1699 3603/8552/1699 3606/8551/1699
f 285/8561/1701 286/8562/1701 3608/8554/1701 3607/8553/1701
f 286/8562/1702 287/8563/1702 3609/8564/1702 3608/8554/1702
f 287/8565/1703 288/8566/1703 3610/8558/1703 3609/8557/1703
f 288/8567/1704 285/8568/1704 3607/8560/1704 3610/8559/1704
f 3615/8569/1705 3616/8570/1705 3612/8571/1705 3611/8572/1705
f 3616/8573/1706 3617/8574/1706 3613/8575/1706 3612/8576/1706
f 3617/8577/1707 3618/8578/1707 3614/3609/1707 3613/3608/1707
f 3618/8579/1708 3615/8580/1708 3611/1235/1708 3614/1237/1708
f 3619/8581/1705 3620/8582/1705 3616/8570/1705 3615/8569/1705
f 3620/8583/1706 3621/8584/1706 3617/8574/1706 3616/8573/1706
f 3621/8585/1709 3622/8586/1709 3618/8578/1709 3617/8577/1709
f 3622/8587/1708 3619/8588/1708 3615/8580/1708 3618/8579/1708
f 3623/8589/1705 3624/8590/1705 3620/8582/1705 3619/8581/1705
f 3624/8591/1706 3625/8592/1706 3621/8584/1706 3620/8583/1706
f 3625/8593/1707 3626/8594/1707 3622/8586/1707 3621/8585/1707
f 3626/8595/1708 3623/8596/1708 3619/8588/1708 3622/8587/1708
f 3627/8597/1705 3628/8598/1705 3624/8590/1705 3623/8589/1705
f 3628/8599/1706 3629/8600/1706 3625/8592/1706 3624/8591/1706
f 3629/8601/1707 3630/8602/1707 3626/8594/1707 3625/8593/1707
f 3630/8603/1708 3627/8604/1708 3623/8596/1708 3626/8595/1708
f 3631/8605/1705 3632/8606/1705 3628/8598/1705 3627/8597/1705
f 3632/8607/1706 3633/8608/1706 3629/8600/1706 3628/8599/1706
f 3633/8609/1707 3634/8610/1707 3630/8602/1707 3629/8601/1707
f 3634/8611/1708 3631/8612/1708 3627/8604/1708 3630/8603/1708
f 3635/8613/1705 3636/8614/1705 3632/8606/1705 3631/8605/1705
f 3636/8615/1706 3637/8616/1706 3633/8608/1706 3632/8607/1706
f 3637/8617/1707 3638/8618/1707 3634/8610/1707 3633/8609/1707
f 3638/8619/1708 3635/8620/1708 3631/8612/1708 3634/8611/1708
f 3639/8621/1705 3640/8622/1705 3636/8614/1705 3635/8613/1705
f 3640/8623/1706 3641/8624/1706 3637/8616/1706 3636/8615/1706
f 3641/8625/1707 3642/8626/1707 3638/8618/1707 3637/8617/1707
f 3642/8627/1708 3639/8628/1708 3635/8620/1708 3638/8619/1708
f 3643/8629/1705 3644/8630/1705 3640/8622/1705 3639/8621/1705
f 3644/8631/1706 3645/8632/1706 3641/8624/1706 3640/8623/1706
f 3645/8633/1707 3646/8634/1707 3642/8626/1707 3641/8625/1707
f 3646/8635/1708 3643/8636/1708 3639/8628/1708 3642/8627/1708
f 3647/3502/1705 3648/3505/1705 3644/8630/1705 3643/8629/1705
f 3648/3570/1706 3649/3569/1706 3645/8632/1706 3644/8631/1706
f 3649/8637/1707 3650/8638/1707 3646/8634/1707 3645/8633/1707
f 3650/3443/1708 3647/3446/1708 3643/8636/1708 3646/8635/1708
f 3655/8639/1710 3656/8640/1710 3652/3504/1710 3651/3503/1710
f 3656/8641/1711 3657/8642/1711 3653/3285/1711 3652/3288/1711
f 3657/8643/1712 3658/8644/1712 3654/3524/1712 3653/3523/1712
f 3658/8645/1713 3655/8646/1713 3651/8647/1713 3654/8648/1713
f 3659/8649/1710 3660/8650/1710 3656/8640/1710 3655/8639/1710
f 3660/8651/1714 3661/8652/1714 3657/8642/1714 3656/8641/1714
f 3661/8653/1712 3662/8654/1712 3658/8644/1712 3657/8643/1712
f 3662/8655/1715 3659/8656/1715 3655/8646/1715 3658/8645/1715
f 3663/8657/1716 3664/8658/1716 3660/8650/1716 3659/8649/1716
f 3664/8659/1714 3665/8660/1714 3661/8652/1714 3660/8651/1714
f 3665/8661/1712 3666/8662/1712 3662/8654/1712 3661/8653/1712
f 3666/8663/1713 3663/8664/1713 3659/8656/1713 3662/8655/1713
f 289/8665/1717 290/8666/1717 3664/8658/1717 3663/8657/1717
f 290/8667/1711 291/8668/1711 3665/8660/1711 3664/8659/1711
f 291/8669/1712 292/8670/1712 3666/8662/1712 3665/8661/1712
f 292/8671/1713 289/8672/1713 3663/8664/1713 3666/8663/1713
f 3671/8673/1718 3672/8674/1718 3668/8675/1718 3667/8676/1718
f 3672/8677/1719 3673/8678/1719 3669/3535/1719 3668/3444/1719
f 3673/8679/1720 3674/8680/1720 3670/3522/1720 3669/3521/1720
f 3674/8681/1721 3671/8682/1721 3667/3568/1721 3670/3567/1721
f 3675/8683/1718 3676/8684/1718 3672/8674/1718 3671/8673/1718
f 3676/8685/1719 3677/8686/1719 3673/8678/1719 3672/8677/1719
f 3677/8687/1722 3678/8688/1722 3674/8680/1722 3673/8679/1722
f 3678/8689/1721 3675/8690/1721 3671/8682/1721 3674/8681/1721
f 3679/8691/1718 3680/8692/1718 3676/8684/1718 3675/8683/1718
f 3680/8693/1719 3681/8694/1719 3677/8686/1719 3676/8685/1719
f 3681/8695/1720 3682/8696/1720 3678/8688/1720 3677/8687/1720
f 3682/8697/1721 3679/8698/1721 3675/8690/1721 3678/8689/1721
f 3683/8699/1718 3684/8700/1718 3680/8692/1718 3679/8691/1718
f 3684/8701/1719 3685/8702/1719 3681/8694/1719 3680/8693/1719
f 3685/8703/1720 3686/8704/1720 3682/8696/1720 3681/8695/1720
f 3686/8705/1721 3683/8706/1721 3679/8698/1721 3682/8697/1721
f 3687/8707/1718 3688/8708/1718 3684/8700/1718 3683/8699/1718
f 3688/8709/1719 3689/8710/1719 3685/8702/1719 3684/8701/1719
f 3689/8711/1720 3690/8712/1720 3686/8704/1720 3685/8703/1720
f 3690/8713/1721 3687/8714/1721 3683/8706/1721 3686/8705/1721
f 3691/8715/1718 3692/8716/1718 3688/8708/1718 3687/8707/1718
f 3692/8717/1719 3693/8718/1719 3689/8710/1719 3688/8709/1719
f 3693/8719/1720 3694/8720/1720 3690/8712/1720 3689/8711/1720
f 3694/8721/1721 3691/8722/1721 3687/8714/1721 3690/8713/1721
f 3695/8723/1718 3696/8724/1718 3692/8716/1718 3691/8715/1718
f 3696/8725/1719 3697/8726/1719 3693/8718/1719 3692/8717/1719
f 3697/8727/1720 3698/8728/1720 3694/8720/1720 3693/8719/1720
f 3698/8729/1721 3695/8730/1721 3691/8722/1721 3694/8721/1721
f 3699/8731/1718 3700/8732/1718 3696/8724/1718 3695/8723/1718
f 3700/8733/1719 3701/8734/1719 3697/8726/1719 3696/8725/1719
f 3701/8735/1722 3702/8736/1722 3698/8728/1722 3697/8727/1722
f 3702/8737/1721 3699/8738/1721 3695/8730/1721 3698/8729/1721
f 3703/8739/1718 3704/8740/1718 3700/8732/1718 3699/8731/1718
f 3704/8741/1719 3705/8742/1719 3701/8734/1719 3700/8733/1719
f 3705/8743/1720 3706/8744/1720 3702/8736/1720 3701/8735/1720
f 3706/8745/1721 3703/8746/1721 3699/8738/1721 3702/8737/1721
f 293/8747/1718 294/8748/1718 3704/8740/1718 3703/8739/1718
f 294/8749/1719 295/8750/1719 3705/8742/1719 3704/8741/1719
f 295/8751/1720 296/8752/1720 3706/8744/1720 3705/8743/1720
f 296/8753/1721 293/8754/1721 3703/8746/1721 3706/8745/1721
f 3707/8755/1723 3708/8756/1723 286/8757/1723 285/8758/1723
f 3708/8759/1724 3709/8760/1724 287/8761/1724 286/8762/1724
f 3709/8763/1725 3710/8764/1725 288/8765/1725 287/8766/1725
f 3710/8767/1726 3707/8768/1726 285/8769/1726 288/8770/1726
f 3711/8771/1727 3712/8772/1727 3708/8756/1727 3707/8755/1727
f 3712/8773/1728 3713/8774/1728 3709/8760/1728 3708/8759/1728
f 3713/8775/1729 3714/8776/1729 3710/8764/1729 3709/8763/1729
f 3714/8777/1730 3711/8771/1730 3707/8755/1730 3710/8778/1730
f 3715/8779/1731 3716/8780/1731 3712/8772/1731 3711/8771/1731
f 3716/1215/1728 3717/1217/1728 3713/8774/1728 3712/8773/1728
f 3717/8781/1732 3718/8782/1732 3714/8776/1732 3713/8775/1732
f 3718/8783/1730 3715/8779/1730 3711/8771/1730 3714/8777/1730
f 3723/8784/1733 3724/8785/1733 3720/3487/1733 3719/3486/1733
f 3724/8786/1734 3725/8787/1734 3721/3440/1734 3720/3439/1734
f 3725/8788/1735 3726/8789/1735 3722/3607/1735 3721/3610/1735
f 3726/8790/1736 3723/8791/1736 3719/3483/1736 3722/3482/1736
f 3727/8792/1733 3728/8793/1733 3724/8785/1733 3723/8784/1733
f 3728/8794/1734 3729/8795/1734 3725/8787/1734 3724/8786/1734
f 3729/8796/1735 3730/8797/1735 3726/8789/1735 3725/8788/1735
f 3730/8798/1736 3727/8799/1736 3723/8791/1736 3726/8790/1736
f 3731/8800/1733 3732/8801/1733 3728/8793/1733 3727/8792/1733
f 3732/8802/1734 3733/8803/1734 3729/8795/1734 3728/8794/1734
f 3733/8804/1735 3734/8805/1735 3730/8797/1735 3729/8796/1735
f 3734/8806/1736 3731/8807/1736 3727/8799/1736 3730/8798/1736
f 3735/8808/1733 3736/8809/1733 3732/8801/1733 3731/8800/1733
f 3736/8810/1734 3737/8811/1734 3733/8803/1734 3732/8802/1734
f 3737/8812/1735 3738/8813/1735 3734/8805/1735 3733/8804/1735
f 3738/8814/1737 3735/8815/1737 3731/8807/1737 3734/8806/1737
f 3739/8816/1733 3740/8817/1733 3736/8809/1733 3735/8808/1733
f 3740/8818/1738 3741/8819/1738 3737/8811/1738 3736/8810/1738
f 3741/8820/1735 3742/8821/1735 3738/8813/1735 3737/8812/1735
f 3742/8822/1737 3739/8823/1737 3735/8815/1737 3738/8814/1737
f 297/8824/1733 298/8825/1733 3740/8817/1733 3739/8816/1733
f 298/8826/1734 299/8827/1734 3741/8819/1734 3740/8818/1734
f 299/8828/1735 300/8829/1735 3742/8821/1735 3741/8820/1735
f 300/8830/1737 297/8831/1737 3739/8823/1737 3742/8822/1737
f 3747/8832/1739 3748/8833/1739 3744/2614/1739 3743/2613/1739
f 3748/8834/1740 3749/8835/1740 3745/2566/1740 3744/2565/1740
f 3749/8836/1741 3750/8837/1741 3746/1069/1741 3745/1068/1741
f 3750/8838/1742 3747/8839/1742 3743/8840/1742 3746/8841/1742
f 3751/8842/1739 3752/8843/1739 3748/8833/1739 3747/8832/1739
f 3752/8844/1740 3753/8845/1740 3749/8835/1740 3748/8834/1740
f 3753/8846/1743 3754/8847/1743 3750/8837/1743 3749/8836/1743
f 3754/8848/1744 3751/8849/1744 3747/8839/1744 3750/8838/1744
f 3755/8850/1739 3756/8851/1739 3752/8843/1739 3751/8842/1739
f 3756/8852/1740 3757/8853/1740 3753/8845/1740 3752/8844/1740
f 3757/8854/1743 3758/8855/1743 3754/8847/1743 3753/8846/1743
f 3758/8856/1744 3755/8857/1744 3751/8849/1744 3754/8848/1744
f 3759/8858/1739 3760/8859/1739 3756/8851/1739 3755/8850/1739
f 3760/8860/1740 3761/8861/1740 3757/8853/1740 3756/8852/1740
f 3761/8862/1743 3762/8863/1743 3758/8855/1743 3757/8854/1743
f 3762/8864/1744 3759/8865/1744 3755/8857/1744 3758/8856/1744
f 301/8866/1745 302/8867/1745 3760/8859/1745 3759/8858/1745
f 302/8868/1746 303/8869/1746 3761/8861/1746 3760/8860/1746
f 303/8870/1747 304/8871/1747 3762/8863/1747 3761/8862/1747
f 304/8872/1748 301/8873/1748 3759/8865/1748 3762/8864/1748
f 3763/8874/1749 3764/8875/1749 302/8867/1749 301/8866/1749
f 3764/8876/1750 3765/8877/1750 303/8878/1750 302/8879/1750
f 3765/8880/1751 3766/8881/1751 304/8871/1751 303/8870/1751
f 3766/8882/1752 3763/8883/1752 301/8884/1752 304/8885/1752
f 3767/8886/1753 3768/8887/1753 3764/8875/1753 3763/8874/1753
f 3768/8888/1754 3769/8889/1754 3765/8877/1754 3764/8876/1754
f 3769/8890/1755 3770/8891/1755 3766/8881/1755 3765/8880/1755
f 3770/8892/1756 3767/8893/1756 3763/8883/1756 3766/8882/1756
f 3771/8894/1753 3772/8895/1753 3768/8887/1753 3767/8886/1753
f 3772/8896/1754 3773/8897/1754 3769/8889/1754 3768/8888/1754
f 3773/8898/1755 3774/8899/1755 3770/8891/1755 3769/8890/1755
f 3774/8900/1756 3771/8901/1756 3767/8893/1756 3770/8892/1756
f 3775/8902/1753 3776/8903/1753 3772/8895/1753 3771/8894/1753
f 3776/8904/1754 3777/8905/1754 3773/8897/1754 3772/8896/1754
f 3777/8906/1755 3778/8907/1755 3774/8899/1755 3773/8898/1755
f 3778/8908/1756 3775/8909/1756 3771/8901/1756 3774/8900/1756
f 3779/2571/1753 3780/2570/1753 3776/8903/1753 3775/8902/1753
f 3780/1291/1754 3781/1270/1754 3777/8905/1754 3776/8904/1754
f 3781/8910/1755 3782/8911/1755 3778/8907/1755 3777/8906/1755
f 3782/2582/1756 3779/2581/1756 3775/8909/1756 3778/8908/1756
f 3787/8912/1757 3788/8913/1757 6485/8914/1757 6486/8915/1757
f 3788/8916/1758 3789/8917/1758 6484/8918/1758 6485/8919/1758
f 3789/8920/1759 3790/8921/1759 6480/8922/1759 6484/8923/1759
f 3790/8924/1760 3787/8925/1760 6486/1286/1760 6480/2378/1760
f 3791/8926/1757 3792/8927/1757 3788/8913/1757 3787/8912/1757
f 3792/8928/1758 3793/8929/1758 3789/8917/1758 3788/8916/1758
f 3793/8930/1761 3794/8931/1761 3790/8921/1761 3789/8920/1761
f 3794/8932/1760 3791/8933/1760 3787/8925/1760 3790/8924/1760
f 305/8934/1762 306/8935/1762 3792/8927/1762 3791/8926/1762
f 306/8936/1763 307/8937/1763 3793/8929/1763 3792/8928/1763
f 307/8938/1764 308/8939/1764 3794/8931/1764 3793/8930/1764
f 308/8940/1765 305/8941/1765 3791/8933/1765 3794/8932/1765
f 3795/8942/1766 3796/8943/1766 306/8935/1766 305/8934/1766
f 3796/8944/1767 3797/8945/1767 307/8937/1767 306/8936/1767
f 3797/8946/1768 3798/8947/1768 308/8948/1768 307/8949/1768
f 3798/8950/1769 3795/8951/1769 305/8941/1769 308/8940/1769
f 3799/8952/1770 3800/8953/1770 3796/8943/1770 3795/8942/1770
f 3800/8954/1771 3801/8955/1771 3797/8945/1771 3796/8944/1771
f 3801/8956/1772 3802/8957/1772 3798/8947/1772 3797/8946/1772
f 3802/8958/1773 3799/8959/1773 3795/8951/1773 3798/8950/1773
f 3803/8960/1770 3804/8961/1770 3800/8953/1770 3799/8952/1770
f 3804/8962/1774 3805/8963/1774 3801/8955/1774 3800/8954/1774
f 3805/8964/1772 3806/8965/1772 3802/8957/1772 3801/8956/1772
f 3806/8966/1773 3803/8967/1773 3799/8959/1773 3802/8958/1773
f 309/8968/1775 310/8969/1775 3804/8961/1775 3803/8960/1775
f 310/8970/1776 311/8971/1776 3805/8963/1776 3804/8962/1776
f 311/8972/1777 312/8973/1777 3806/8965/1777 3805/8964/1777
f 312/8974/1778 309/8975/1778 3803/8967/1778 3806/8966/1778
f 3807/8976/1779 3808/8977/1779 310/8978/1779 309/8979/1779
f 3808/8977/1780 3809/8980/1780 311/8981/1780 310/8978/1780
f 3809/8982/1781 3810/8983/1781 312/8973/1781 311/8972/1781
f 3810/8983/1782 3807/8984/1782 309/8985/1782 312/8973/1782
f 3811/8986/1783 3812/8987/1783 3808/8988/1783 3807/8989/1783
f 3812/8990/1784 3813/8991/1784 3809/8980/1784 3808/8977/1784
f 3813/1315/1785 3814/1314/1785 3810/8983/1785 3809/8982/1785
f 3814/1314/1786 3811/8992/1786 3807/8984/1786 3810/8983/1786
f 3815/8993/1787 3816/8994/1787 318/8995/1787 317/8996/1787
f 3816/8997/1788 3817/8998/1788 319/8999/1788 318/9000/1788
f 3817/9001/1789 3818/9002/1789 320/9003/1789 319/9004/1789
f 3818/9005/1790 3815/9006/1790 317/9007/1790 320/9008/1790
f 3819/9009/1791 3820/9010/1791 3816/8994/1791 3815/8993/1791
f 3820/9011/1792 3821/9012/1792 3817/8998/1792 3816/8997/1792
f 3821/9013/1793 3822/9014/1793 3818/9002/1793 3817/9001/1793
f 3822/9015/1794 3819/9016/1794 3815/9006/1794 3818/9005/1794
f 3823/9017/1791 3824/9018/1791 3820/9010/1791 3819/9009/1791
f 3824/9019/1795 3825/9020/1795 3821/9012/1795 3820/9011/1795
f 3825/9021/1793 3826/9022/1793 3822/9014/1793 3821/9013/1793
f 3826/9023/1796 3823/9024/1796 3819/9016/1796 3822/9015/1796
f 3827/9025/1791 3828/9026/1791 3824/9018/1791 3823/9017/1791
f 3828/9027/1795 3829/9028/1795 3825/9020/1795 3824/9019/1795
f 3829/9029/1793 3830/9030/1793 3826/9022/1793 3825/9021/1793
f 3830/9031/1796 3827/9032/1796 3823/9024/1796 3826/9023/1796
f 3831/9033/1791 3832/9034/1791 3828/9026/1791 3827/9025/1791
f 3832/9035/1795 3833/9036/1795 3829/9028/1795 3828/9027/1795
f 3833/9037/1793 3834/9038/1793 3830/9030/1793 3829/9029/1793
f 3834/9039/1794 3831/9040/1794 3827/9032/1794 3830/9031/1794
f 3835/9041/1791 3836/9042/1791 3832/9034/1791 3831/9033/1791
f 3836/9043/1795 3837/9044/1795 3833/9036/1795 3832/9035/1795
f 3837/9045/1793 3838/9046/1793 3834/9038/1793 3833/9037/1793
f 3838/9047/1796 3835/9048/1796 3831/9040/1796 3834/9039/1796
f 313/9049/1797 314/9050/1797 3836/9042/1797 3835/9041/1797
f 314/9051/1798 315/9052/1798 3837/9044/1798 3836/9043/1798
f 315/9053/1799 316/9054/1799 3838/9046/1799 3837/9045/1799
f 316/9055/1800 313/9056/1800 3835/9048/1800 3838/9047/1800
f 3843/9057/1801 3844/9058/1801 3840/1304/1801 3839/1306/1801
f 3844/9059/1802 3845/9060/1802 3841/3096/1802 3840/3095/1802
f 3845/9061/1803 3846/9062/1803 3842/9063/1803 3841/9064/1803
f 3846/9065/1804 3843/9066/1804 3839/1238/1804 3842/1240/1804
f 3847/9067/1805 3848/9068/1805 3844/9058/1805 3843/9057/1805
f 3848/9069/1802 3849/9070/1802 3845/9060/1802 3844/9059/1802
f 3849/9071/1803 3850/9072/1803 3846/9062/1803 3845/9061/1803
f 3850/9073/1806 3847/9074/1806 3843/9066/1806 3846/9065/1806
f 3851/9075/1805 3852/9076/1805 3848/9068/1805 3847/9067/1805
f 3852/9077/1802 3853/9078/1802 3849/9070/1802 3848/9069/1802
f 3853/9079/1803 3854/9080/1803 3850/9072/1803 3849/9071/1803
f 3854/9081/1806 3851/9082/1806 3847/9074/1806 3850/9073/1806
f 3855/9083/1805 3856/9084/1805 3852/9076/1805 3851/9075/1805
f 3856/9085/1802 3857/9086/1802 3853/9078/1802 3852/9077/1802
f 3857/9087/1803 3858/9088/1803 3854/9080/1803 3853/9079/1803
f 3858/9089/1806 3855/9090/1806 3851/9082/1806 3854/9081/1806
f 317/8996/1807 318/8995/1807 3856/9084/1807 3855/9083/1807
f 318/9000/1808 319/8999/1808 3857/9086/1808 3856/9085/1808
f 319/9004/1809 320/9003/1809 3858/9088/1809 3857/9087/1809
f 320/9008/1810 317/9007/1810 3855/9090/1810 3858/9089/1810
f 3859/9091/1811 3860/9092/1811 314/9093/1811 313/9094/1811
f 3860/9095/1812 3861/9096/1812 315/9052/1812 314/9051/1812
f 3861/9097/1813 3862/9098/1813 316/9054/1813 315/9053/1813
f 3862/9099/1814 3859/9100/1814 313/9056/1814 316/9055/1814
f 3863/9101/1815 3864/9102/1815 3860/9092/1815 3859/9091/1815
f 3864/9103/1816 3865/9104/1816 3861/9096/1816 3860/9095/1816
f 3865/9105/1817 3866/9106/1817 3862/9098/1817 3861/9097/1817
f 3866/9107/1818 3863/9108/1818 3859/9100/1818 3862/9099/1818
f 3867/9109/1815 3868/9110/1815 3864/9102/1815 3863/9101/1815
f 3868/9111/1816 3869/9112/1816 3865/9104/1816 3864/9103/1816
f 3869/9113/1817 3870/9114/1817 3866/9106/1817 3865/9105/1817
f 3870/9115/1818 3867/9116/1818 3863/9108/1818 3866/9107/1818
f 3871/9117/1819 3872/9118/1819 3868/9110/1819 3867/9109/1819
f 3872/9119/1816 3873/9120/1816 3869/9112/1816 3868/9111/1816
f 3873/9121/1817 3874/9122/1817 3870/9114/1817 3869/9113/1817
f 3874/9123/1818 3871/9124/1818 3867/9116/1818 3870/9115/1818
f 3875/9125/1819 3876/9126/1819 3872/9118/1819 3871/9117/1819
f 3876/9127/1816 3877/9128/1816 3873/9120/1816 3872/9119/1816
f 3877/9129/1817 3878/9130/1817 3874/9122/1817 3873/9121/1817
f 3878/9131/1818 3875/9132/1818 3871/9124/1818 3874/9123/1818
f 321/9133/1820 322/9134/1820 3876/9126/1820 3875/9125/1820
f 322/9135/1821 323/9136/1821 3877/9128/1821 3876/9127/1821
f 323/9137/1822 324/9138/1822 3878/9130/1822 3877/9129/1822
f 324/9139/1823 321/9140/1823 3875/9132/1823 3878/9131/1823
f 3879/9141/1824 3880/9142/1824 322/9143/1824 321/9144/1824
f 3880/9145/1825 3881/9146/1825 323/9136/1825 322/9135/1825
f 3881/9147/1826 3882/9148/1826 324/9138/1826 323/9137/1826
f 3882/9149/1827 3879/9150/1827 321/9140/1827 324/9139/1827
f 3883/9151/1828 3884/9152/1828 3880/9142/1828 3879/9141/1828
f 3884/9153/1829 3885/9154/1829 3881/9146/1829 3880/9145/1829
f 3885/9155/1830 3886/9156/1830 3882/9148/1830 3881/9147/1830
f 3886/9157/1831 3883/9158/1831 3879/9150/1831 3882/9149/1831
f 3887/9159/1828 3888/9160/1828 3884/9152/1828 3883/9151/1828
f 3888/9161/1829 3889/9162/1829 3885/9154/1829 3884/9153/1829
f 3889/9163/1830 3890/9164/1830 3886/9156/1830 3885/9155/1830
f 3890/9165/1831 3887/9166/1831 3883/9158/1831 3886/9157/1831
f 3891/9167/1828 3892/9168/1828 3888/9160/1828 3887/9159/1828
f 3892/9169/1829 3893/9170/1829 3889/9162/1829 3888/9161/1829
f 3893/9171/1830 3894/9172/1830 3890/9164/1830 3889/9163/1830
f 3894/9173/1831 3891/9174/1831 3887/9166/1831 3890/9165/1831
f 3895/9175/1828 3896/9176/1828 3892/9168/1828 3891/9167/1828
f 3896/9177/1829 3897/9178/1829 3893/9170/1829 3892/9169/1829
f 3897/9179/1830 3898/9180/1830 3894/9172/1830 3893/9171/1830
f 3898/9181/1831 3895/9182/1831 3891/9174/1831 3894/9173/1831
f 3899/3420/1828 3900/3419/1828 3896/9176/1828 3895/9175/1828
f 3900/1332/1829 3901/1331/1829 3897/9178/1829 3896/9177/1829
f 3901/3324/1830 3902/3323/1830 3898/9180/1830 3897/9179/1830
f 3902/1347/1831 3899/3214/1831 3895/9182/1831 3898/9181/1831
f 3907/9183/1832 3908/9184/1832 6489/9185/1832 6490/9186/1832
f 3908/9187/1833 3909/9188/1833 6488/572/1833 6489/9189/1833
f 3909/9190/1834 3910/9191/1834 3906/9192/1834 6488/9193/1834
f 3910/9194/1835 3907/9195/1835 6490/9196/1835 3906/9197/1835
f 325/9198/1832 326/9199/1832 3908/9184/1832 3907/9183/1832
f 326/9200/1833 327/9201/1833 3909/9188/1833 3908/9187/1833
f 327/9202/1834 328/9203/1834 3910/9191/1834 3909/9190/1834
f 328/9204/1835 325/9205/1835 3907/9195/1835 3910/9194/1835
f 3915/9206/1836 3916/9207/1836 3912/1349/1836 3911/1348/1836
f 3916/9208/1837 3917/9209/1837 3913/2373/1837 3912/2376/1837
f 3917/9210/1838 3918/9211/1838 3914/1307/1838 3913/1309/1838
f 3918/9212/1839 3915/9213/1839 3911/3322/1839 3914/3325/1839
f 3919/9214/1840 3920/9215/1840 3916/9207/1840 3915/9206/1840
f 3920/9216/1837 3921/9217/1837 3917/9209/1837 3916/9208/1837
f 3921/9218/1841 3922/9219/1841 3918/9211/1841 3917/9210/1841
f 3922/9220/1839 3919/9221/1839 3915/9213/1839 3918/9212/1839
f 3923/9222/1836 3924/9223/1836 3920/9215/1836 3919/9214/1836
f 3924/9224/1837 3925/9225/1837 3921/9217/1837 3920/9216/1837
f 3925/9226/1838 3926/9227/1838 3922/9219/1838 3921/9218/1838
f 3926/9228/1839 3923/9229/1839 3919/9221/1839 3922/9220/1839
f 3927/9230/1836 3928/9231/1836 3924/9223/1836 3923/9222/1836
f 3928/9232/1837 3929/9233/1837 3925/9225/1837 3924/9224/1837
f 3929/9234/1841 3930/9235/1841 3926/9227/1841 3925/9226/1841
f 3930/9236/1839 3927/9237/1839 3923/9229/1839 3926/9228/1839
f 3931/9238/1836 3932/9239/1836 3928/9231/1836 3927/9230/1836
f 3932/9240/1837 3933/9241/1837 3929/9233/1837 3928/9232/1837
f 3933/9242/1838 3934/9243/1838 3930/9235/1838 3929/9234/1838
f 3934/9244/1839 3931/9245/1839 3927/9237/1839 3930/9236/1839
f 3935/9246/1836 3936/9247/1836 3932/9239/1836 3931/9238/1836
f 3936/9248/1837 3937/9249/1837 3933/9241/1837 3932/9240/1837
f 3937/9250/1838 3938/9251/1838 3934/9243/1838 3933/9242/1838
f 3938/9252/1839 3935/9253/1839 3931/9245/1839 3934/9244/1839
f 329/9254/1836 330/9255/1836 3936/9247/1836 3935/9246/1836
f 330/9256/1837 331/9257/1837 3937/9249/1837 3936/9248/1837
f 331/9258/1842 332/9259/1842 3938/9251/1842 3937/9250/1842
f 332/9260/1839 329/9261/1839 3935/9253/1839 3938/9252/1839
f 3942/9262/1843 3943/9263/1843 3940/2965/1843 3939/2964/1843
f 3943/9264/1844 3944/9265/1844 3839/1306/1844 3940/1305/1844
f 3944/9266/1845 3945/9267/1845 3941/9268/1845 3839/9269/1845
f 3945/9270/1846 3942/9271/1846 3939/2840/1846 3941/2839/1846
f 3946/9272/1843 3947/9273/1843 3943/9263/1843 3942/9262/1843
f 3947/9274/1847 3948/9275/1847 3944/9265/1847 3943/9264/1847
f 3948/9276/1848 3949/9277/1848 3945/9267/1848 3944/9266/1848
f 3949/9278/1846 3946/9279/1846 3942/9271/1846 3945/9270/1846
f 3950/9280/1843 3951/9281/1843 3947/9273/1843 3946/9272/1843
f 3951/9282/1847 3952/9283/1847 3948/9275/1847 3947/9274/1847
f 3952/9284/1848 3953/9285/1848 3949/9277/1848 3948/9276/1848
f 3953/9286/1846 3950/9287/1846 3946/9279/1846 3949/9278/1846
f 3954/9288/1843 3955/9289/1843 3951/9281/1843 3950/9280/1843
f 3955/9290/1847 3956/9291/1847 3952/9283/1847 3951/9282/1847
f 3956/9292/1848 3957/9293/1848 3953/9285/1848 3952/9284/1848
f 3957/9294/1846 3954/9295/1846 3950/9287/1846 3953/9286/1846
f 3958/2742/1843 3959/1388/1843 3955/9289/1843 3954/9288/1843
f 3959/2865/1847 3960/2864/1847 3956/9291/1847 3955/9290/1847
f 3960/9296/1848 3961/9297/1848 3957/9293/1848 3956/9292/1848
f 3961/3266/1846 3958/3265/1846 3954/9295/1846 3957/9294/1846
f 3966/9298/1849 3967/9299/1849 3963/9300/1849 3962/9301/1849
f 3967/9302/1850 3968/9303/1850 3964/3255/1850 3963/3258/1850
f 3968/9304/1851 3969/9305/1851 3965/9306/1851 3964/9307/1851
f 3969/9308/1852 3966/9309/1852 3962/1378/1852 3965/1377/1852
f 3970/9310/1849 3971/9311/1849 3967/9299/1849 3966/9298/1849
f 3971/9312/1853 3972/9313/1853 3968/9303/1853 3967/9302/1853
f 3972/9314/1854 3973/9315/1854 3969/9305/1854 3968/9304/1854
f 3973/9316/1855 3970/9317/1855 3966/9309/1855 3969/9308/1855
f 3974/9318/1849 3975/9319/1849 3971/9311/1849 3970/9310/1849
f 3975/9320/1853 3976/9321/1853 3972/9313/1853 3971/9312/1853
f 3976/9322/1854 3977/9323/1854 3973/9315/1854 3972/9314/1854
f 3977/9324/1855 3974/9325/1855 3970/9317/1855 3973/9316/1855
f 3978/9326/1849 3979/9327/1849 3975/9319/1849 3974/9318/1849
f 3979/9328/1853 3980/9329/1853 3976/9321/1853 3975/9320/1853
f 3980/9330/1854 3981/9331/1854 3977/9323/1854 3976/9322/1854
f 3981/9332/1855 3978/9333/1855 3974/9325/1855 3977/9324/1855
f 333/9334/1849 334/9335/1849 3979/9327/1849 3978/9326/1849
f 334/9336/1853 335/9337/1853 3980/9329/1853 3979/9328/1853
f 335/9338/1856 336/9339/1856 3981/9331/1856 3980/9330/1856
f 336/9340/1855 333/9341/1855 3978/9333/1855 3981/9332/1855
f 3984/9342/1857 3985/9343/1857 3964/9344/1857 3965/9345/1857
f 3985/9346/1858 3986/9347/1858 3982/3256/1858 3964/3255/1858
f 3986/9348/1859 3987/9349/1859 3983/3274/1859 3982/3273/1859
f 3987/9350/1860 3984/9351/1860 3965/1377/1860 3983/2974/1860
f 3988/9352/1861 3989/9353/1861 3985/9343/1861 3984/9342/1861
f 3989/9354/1862 3990/9355/1862 3986/9347/1862 3985/9346/1862
f 3990/9356/1859 3991/9357/1859 3987/9349/1859 3986/9348/1859
f 3991/9358/1863 3988/9359/1863 3984/9351/1863 3987/9350/1863
f 3992/9360/1861 3993/9361/1861 3989/9353/1861 3988/9352/1861
f 3993/9362/1862 3994/9363/1862 3990/9355/1862 3989/9354/1862
f 3994/9364/1859 3995/9365/1859 3991/9357/1859 3990/9356/1859
f 3995/9366/1863 3992/9367/1863 3988/9359/1863 3991/9358/1863
f 3996/9368/1861 3997/9369/1861 3993/9361/1861 3992/9360/1861
f 3997/9370/1862 3998/9371/1862 3994/9363/1862 3993/9362/1862
f 3998/9372/1859 3999/9373/1859 3995/9365/1859 3994/9364/1859
f 3999/9374/1863 3996/9375/1863 3992/9367/1863 3995/9366/1863
f 4000/9376/1861 4001/9377/1861 3997/9369/1861 3996/9368/1861
f 4001/9378/1862 4002/9379/1862 3998/9371/1862 3997/9370/1862
f 4002/9380/1859 4003/9381/1859 3999/9373/1859 3998/9372/1859
f 4003/9382/1863 4000/9383/1863 3996/9375/1863 3999/9374/1863
f 4004/9384/1864 4005/9385/1864 4001/9377/1864 4000/9376/1864
f 4005/9386/1862 4006/9387/1862 4002/9379/1862 4001/9378/1862
f 4006/9388/1859 4007/9389/1859 4003/9381/1859 4002/9380/1859
f 4007/9390/1863 4004/9391/1863 4000/9383/1863 4003/9382/1863
f 4008/9392/1861 4009/9393/1861 4005/9385/1861 4004/9384/1861
f 4009/9394/1862 4010/9395/1862 4006/9387/1862 4005/9386/1862
f 4010/9396/1859 4011/9397/1859 4007/9389/1859 4006/9388/1859
f 4011/9398/1863 4008/9399/1863 4004/9391/1863 4007/9390/1863
f 4012/9400/1861 4013/9401/1861 4009/9393/1861 4008/9392/1861
f 4013/9402/1862 4014/9403/1862 4010/9395/1862 4009/9394/1862
f 4014/9404/1859 4015/9405/1859 4011/9397/1859 4010/9396/1859
f 4015/9406/1863 4012/9407/1863 4008/9399/1863 4011/9398/1863
f 4016/9408/1864 4017/9409/1864 4013/9401/1864 4012/9400/1864
f 4017/9410/1865 4018/9411/1865 4014/9403/1865 4013/9402/1865
f 4018/9412/1859 4019/9413/1859 4015/9405/1859 4014/9404/1859
f 4019/9414/1863 4016/9415/1863 4012/9407/1863 4015/9406/1863
f 337/9416/1866 338/9417/1866 4017/9409/1866 4016/9408/1866
f 338/9418/1867 339/9419/1867 4018/9411/1867 4017/9410/1867
f 339/9420/1868 340/9421/1868 4019/9413/1868 4018/9412/1868
f 340/9422/1869 337/9423/1869 4016/9415/1869 4019/9414/1869
f 4020/9424/1870 4021/9425/1870 338/9417/1870 337/9416/1870
f 4021/9426/1871 4022/9427/1871 339/9428/1871 338/9429/1871
f 4022/9430/1872 4023/9431/1872 340/9421/1872 339/9420/1872
f 4023/9432/1873 4020/9433/1873 337/9423/1873 340/9422/1873
f 4024/9434/1874 4025/9435/1874 4021/9425/1874 4020/9424/1874
f 4025/9436/1875 4026/9437/1875 4022/9438/1875 4021/9439/1875
f 4026/9440/1876 4027/9441/1876 4023/9431/1876 4022/9430/1876
f 4027/9442/1877 4024/9443/1877 4020/9444/1877 4023/9445/1877
f 4028/9446/1874 4029/9447/1874 4025/9435/1874 4024/9434/1874
f 4029/9448/1878 4030/9449/1878 4026/9437/1878 4025/9436/1878
f 4030/9450/1879 4031/9451/1879 4027/9441/1879 4026/9440/1879
f 4031/9452/1880 4028/9453/1880 4024/9443/1880 4027/9442/1880
f 4032/9454/1874 4033/9455/1874 4029/9447/1874 4028/9446/1874
f 4033/9456/1881 4034/9457/1881 4030/9449/1881 4029/9448/1881
f 4034/9458/1879 4035/9459/1879 4031/9451/1879 4030/9450/1879
f 4035/9460/1880 4032/9461/1880 4028/9453/1880 4031/9452/1880
f 4036/9462/1874 4037/9463/1874 4033/9455/1874 4032/9454/1874
f 4037/9464/1881 4038/9465/1881 4034/9457/1881 4033/9456/1881
f 4038/9466/1879 4039/9467/1879 4035/9459/1879 4034/9458/1879
f 4039/9468/1880 4036/9469/1880 4032/9461/1880 4035/9460/1880
f 4040/9470/1874 4041/9471/1874 4037/9463/1874 4036/9462/1874
f 4041/9472/1882 4042/9473/1882 4038/9465/1882 4037/9464/1882
f 4042/9474/1879 4043/9475/1879 4039/9467/1879 4038/9466/1879
f 4043/9476/1880 4040/9477/1880 4036/9469/1880 4039/9468/1880
f 4044/3076/1874 4045/3163/1874 4041/9471/1874 4040/9470/1874
f 4045/9478/1882 4046/9479/1882 4042/9473/1882 4041/9472/1882
f 4046/3055/1879 4047/3054/1879 4043/9475/1879 4042/9474/1879
f 4047/9480/1880 4044/9481/1880 4040/9477/1880 4043/9476/1880
f 4052/9482/1883 4053/9483/1883 4049/9484/1883 4048/9485/1883
f 4053/9486/1884 4054/9487/1884 4050/1355/1884 4049/1354/1884
f 4054/9488/1885 4055/9489/1885 4051/9490/1885 4050/9491/1885
f 4055/9492/1886 4052/9493/1886 4048/9494/1886 4051/9495/1886
f 341/9496/1887 342/9497/1887 4053/9483/1887 4052/9482/1887
f 342/9498/1888 343/9499/1888 4054/9487/1888 4053/9486/1888
f 343/9500/1889 344/9501/1889 4055/9489/1889 4054/9488/1889
f 344/9502/1890 341/9503/1890 4052/9493/1890 4055/9492/1890
f 4056/9504/1891 4057/9505/1891 342/9506/1891 341/9507/1891
f 4057/9508/1892 4058/9509/1892 343/9499/1892 342/9498/1892
f 4058/9510/1893 4059/9511/1893 344/9512/1893 343/9513/1893
f 4059/9514/1894 4056/9515/1894 341/9503/1894 344/9502/1894
f 4060/9516/1895 4061/9517/1895 4057/9505/1895 4056/9504/1895
f 4061/9518/1896 4062/9519/1896 4058/9509/1896 4057/9508/1896
f 4062/9520/1897 4063/9521/1897 4059/9511/1897 4058/9510/1897
f 4063/9522/1898 4060/9523/1898 4056/9515/1898 4059/9514/1898
f 4064/9524/1895 4065/9525/1895 4061/9517/1895 4060/9516/1895
f 4065/9526/1899 4066/9527/1899 4062/9519/1899 4061/9518/1899
f 4066/9528/1897 4067/9529/1897 4063/9521/1897 4062/9520/1897
f 4067/9530/1898 4064/9531/1898 4060/9523/1898 4063/9522/1898
f 4068/9532/1895 4069/9533/1895 4065/9525/1895 4064/9524/1895
f 4069/9534/1899 4070/9535/1899 4066/9527/1899 4065/9526/1899
f 4070/9536/1897 4071/9537/1897 4067/9529/1897 4066/9528/1897
f 4071/9538/1898 4068/9539/1898 4064/9531/1898 4067/9530/1898
f 4072/9540/1895 4073/9541/1895 4069/9533/1895 4068/9532/1895
f 4073/9542/1899 4074/9543/1899 4070/9535/1899 4069/9534/1899
f 4074/9544/1897 4075/9545/1897 4071/9537/1897 4070/9536/1897
f 4075/9546/1898 4072/9547/1898 4068/9539/1898 4071/9538/1898
f 4076/9548/1895 4077/9549/1895 4073/9541/1895 4072/9540/1895
f 4077/9550/1899 4078/9551/1899 4074/9543/1899 4073/9542/1899
f 4078/9552/1897 4079/9553/1897 4075/9545/1897 4074/9544/1897
f 4079/9554/1898 4076/9555/1898 4072/9547/1898 4075/9546/1898
f 4080/9556/1895 4081/9557/1895 4077/9549/1895 4076/9548/1895
f 4081/9558/1899 4082/9559/1899 4078/9551/1899 4077/9550/1899
f 4082/9560/1900 4083/9561/1900 4079/9553/1900 4078/9552/1900
f 4083/9562/1901 4080/9563/1901 4076/9555/1901 4079/9554/1901
f 4084/9564/1895 4085/9565/1895 4081/9557/1895 4080/9556/1895
f 4085/9566/1899 4086/9567/1899 4082/9559/1899 4081/9558/1899
f 4086/9568/1897 4087/9569/1897 4083/9561/1897 4082/9560/1897
f 4087/9570/1898 4084/9571/1898 4080/9563/1898 4083/9562/1898
f 4088/9572/1895 4089/9573/1895 4085/9565/1895 4084/9564/1895
f 4089/9574/1896 4090/9575/1896 4086/9567/1896 4085/9566/1896
f 4090/9576/1897 4091/9577/1897 4087/9569/1897 4086/9568/1897
f 4091/9578/1898 4088/9579/1898 4084/9571/1898 4087/9570/1898
f 4092/9580/1895 4093/9581/1895 4089/9573/1895 4088/9572/1895
f 4093/9582/1896 4094/9583/1896 4090/9575/1896 4089/9574/1896
f 4094/9584/1900 4095/9585/1900 4091/9577/1900 4090/9576/1900
f 4095/9586/1898 4092/9587/1898 4088/9579/1898 4091/9578/1898
f 4096/9588/1895 4097/9589/1895 4093/9581/1895 4092/9580/1895
f 4097/9590/1899 4098/9591/1899 4094/9583/1899 4093/9582/1899
f 4098/9592/1897 4099/9593/1897 4095/9585/1897 4094/9584/1897
f 4099/9594/1898 4096/9595/1898 4092/9587/1898 4095/9586/1898
f 345/9596/1895 346/9597/1895 4097/9589/1895 4096/9588/1895
f 346/9598/1899 347/9599/1899 4098/9591/1899 4097/9590/1899
f 347/9600/1900 348/9601/1900 4099/9593/1900 4098/9592/1900
f 348/9602/1898 345/9603/1898 4096/9595/1898 4099/9594/1898
f 4102/9604/1902 4103/9605/1902 4050/9606/1902 4051/9607/1902
f 4103/9608/1903 4104/9609/1903 4100/1356/1903 4050/1355/1903
f 4104/9610/1904 4105/9611/1904 4101/3057/1904 4100/3056/1904
f 4105/9612/1905 4102/9613/1905 4051/9614/1905 4101/9615/1905
f 4106/9616/1906 4107/9617/1906 4103/9605/1906 4102/9604/1906
f 4107/9618/1907 4108/9619/1907 4104/9609/1907 4103/9608/1907
f 4108/9620/1908 4109/9621/1908 4105/9611/1908 4104/9610/1908
f 4109/9622/1909 4106/9623/1909 4102/9613/1909 4105/9612/1909
f 4110/3171/1906 4111/3170/1906 4107/9617/1906 4106/9616/1906
f 4111/3110/1907 4112/3109/1907 4108/9619/1907 4107/9618/1907
f 4112/9624/1908 4113/9625/1908 4109/9621/1908 4108/9620/1908
f 4113/3016/1909 4110/3015/1909 4106/9623/1909 4109/9622/1909
f 4118/9626/1910 4119/9627/1910 4115/3169/1910 4114/3172/1910
f 4119/9628/1911 4120/9629/1911 4116/1439/1911 4115/1438/1911
f 4120/9630/1912 4121/9631/1912 4117/1412/1912 4116/1411/1912
f 4121/9632/1913 4118/9633/1913 4114/1409/1913 4117/1408/1913
f 4122/9634/1910 4123/9635/1910 4119/9627/1910 4118/9626/1910
f 4123/9636/1914 4124/9637/1914 4120/9629/1914 4119/9628/1914
f 4124/9638/1915 4125/9639/1915 4121/9631/1915 4120/9630/1915
f 4125/9640/1913 4122/9641/1913 4118/9633/1913 4121/9632/1913
f 4126/9642/1916 4127/9643/1916 4123/9635/1916 4122/9634/1916
f 4127/9644/1914 4128/9645/1914 4124/9637/1914 4123/9636/1914
f 4128/9646/1915 4129/9647/1915 4125/9639/1915 4124/9638/1915
f 4129/9648/1913 4126/9649/1913 4122/9641/1913 4125/9640/1913
f 349/9650/1916 350/9651/1916 4127/9643/1916 4126/9642/1916
f 350/9652/1914 351/9653/1914 4128/9645/1914 4127/9644/1914
f 351/1973/1915 352/1972/1915 4129/9647/1915 4128/9646/1915
f 352/9654/1913 349/9655/1913 4126/9649/1913 4129/9648/1913
f 4134/9656/1917 4135/9657/1917 4131/1433/1917 4130/1435/1917
f 4135/9658/1918 4136/9659/1918 4132/3292/1918 4131/3291/1918
f 4136/9660/1919 4137/9661/1919 4133/9662/1919 4132/9663/1919
f 4137/9664/1920 4134/9665/1920 4130/3527/1920 4133/3530/1920
f 4138/9666/1917 4139/9667/1917 4135/9657/1917 4134/9656/1917
f 4139/9668/1918 4140/9669/1918 4136/9659/1918 4135/9658/1918
f 4140/9670/1919 4141/9671/1919 4137/9661/1919 4136/9660/1919
f 4141/9672/1920 4138/9673/1920 4134/9665/1920 4137/9664/1920
f 4142/9674/1917 4143/9675/1917 4139/9667/1917 4138/9666/1917
f 4143/9676/1918 4144/9677/1918 4140/9669/1918 4139/9668/1918
f 4144/9678/1921 4145/9679/1921 4141/9671/1921 4140/9670/1921
f 4145/9680/1922 4142/9681/1922 4138/9673/1922 4141/9672/1922
f 4146/9682/1917 4147/9683/1917 4143/9675/1917 4142/9674/1917
f 4147/9684/1923 4148/9685/1923 4144/9677/1923 4143/9676/1923
f 4148/9686/1919 4149/9687/1919 4145/9679/1919 4144/9678/1919
f 4149/9688/1920 4146/9689/1920 4142/9681/1920 4145/9680/1920
f 4150/9690/1917 4151/9691/1917 4147/9683/1917 4146/9682/1917
f 4151/9692/1918 4152/9693/1918 4148/9685/1918 4147/9684/1918
f 4152/9694/1919 4153/9695/1919 4149/9687/1919 4148/9686/1919
f 4153/9696/1920 4150/9697/1920 4146/9689/1920 4149/9688/1920
f 353/9698/1917 354/9699/1917 4151/9691/1917 4150/9690/1917
f 354/9700/1918 355/9701/1918 4152/9693/1918 4151/9692/1918
f 355/9702/1921 356/9703/1921 4153/9695/1921 4152/9694/1921
f 356/9704/1920 353/9705/1920 4150/9697/1920 4153/9696/1920
f 4157/9706/1924 4158/9707/1924 4155/1417/1924 4154/1416/1924
f 4158/9708/1925 4159/9709/1925 4156/1410/1925 4155/3211/1925
f 4159/9710/1926 4160/9711/1926 4116/9712/1926 4156/9713/1926
f 4160/9714/1927 4157/9715/1927 4154/1440/1927 4116/1439/1927
f 4161/3331/1924 4162/3330/1924 4158/9707/1924 4157/9706/1924
f 4162/3275/1925 4163/1434/1925 4159/9709/1925 4158/9708/1925
f 4163/3294/1928 4164/3293/1928 4160/9711/1928 4159/9710/1928
f 4164/3157/1929 4161/3160/1929 4157/9715/1929 4160/9714/1929
f 4169/9716/1930 4170/9717/1930 6492/9718/1930 6493/9719/1930
f 4170/9720/1931 4171/9721/1931 4167/9722/1931 6492/9723/1931
f 4171/9724/1932 4172/9725/1932 6491/9726/1932 4167/9727/1932
f 4172/9728/1933 4169/9729/1933 6493/9730/1933 6491/9731/1933
f 357/9732/1934 358/9733/1934 4170/9717/1934 4169/9716/1934
f 358/9734/1931 359/9735/1931 4171/9721/1931 4170/9720/1931
f 359/9736/1935 360/9737/1935 4172/9725/1935 4171/9724/1935
f 360/9738/1933 357/9739/1933 4169/9729/1933 4172/9728/1933
f 4177/9740/1936 4178/9741/1936 6495/9742/1936 6496/9743/1936
f 4178/9744/1937 4179/9745/1937 6494/9746/1937 6495/9747/1937
f 4179/9748/1938 4180/9749/1938 4176/9750/1938 6494/9751/1938
f 4180/9752/1939 4177/9753/1939 6496/9754/1939 4176/9755/1939
f 4181/9756/1936 4182/9757/1936 4178/9741/1936 4177/9740/1936
f 4182/9758/1937 4183/9759/1937 4179/9745/1937 4178/9744/1937
f 4183/9760/1938 4184/9761/1938 4180/9749/1938 4179/9748/1938
f 4184/9762/1939 4181/9763/1939 4177/9753/1939 4180/9752/1939
f 4185/9764/1936 4186/9765/1936 4182/9757/1936 4181/9756/1936
f 4186/9766/1937 4187/9767/1937 4183/9759/1937 4182/9758/1937
f 4187/9768/1938 4188/9769/1938 4184/9761/1938 4183/9760/1938
f 4188/9770/1939 4185/9771/1939 4181/9763/1939 4184/9762/1939
f 4189/9772/1936 4190/9773/1936 4186/9765/1936 4185/9764/1936
f 4190/9774/1937 4191/9775/1937 4187/9767/1937 4186/9766/1937
f 4191/9776/1938 4192/9777/1938 4188/9769/1938 4187/9768/1938
f 4192/9778/1939 4189/9779/1939 4185/9771/1939 4188/9770/1939
f 4193/1476/1936 4194/3234/1936 4190/9773/1936 4189/9772/1936
f 4194/3388/1937 4195/3387/1937 4191/9775/1937 4190/9774/1937
f 4195/3216/1938 4196/3215/1938 4192/9777/1938 4191/9776/1938
f 4196/3259/1939 4193/3262/1939 4189/9779/1939 4192/9778/1939
f 4201/9780/1940 4202/9781/1940 6498/9782/1940 6499/9783/1940
f 4202/9784/1941 4203/9785/1941 4199/9786/1941 6498/9787/1941
f 4203/9788/1942 4204/9789/1942 6497/9790/1942 4199/9791/1942
f 4204/9792/1943 4201/9793/1943 6499/9794/1943 6497/9795/1943
f 4205/9796/1944 4206/9797/1944 4202/9781/1944 4201/9780/1944
f 4206/9798/1941 4207/9799/1941 4203/9785/1941 4202/9784/1941
f 4207/9800/1942 4208/9801/1942 4204/9789/1942 4203/9788/1942
f 4208/9802/1943 4205/9803/1943 4201/9793/1943 4204/9792/1943
f 4209/9804/1944 4210/9805/1944 4206/9797/1944 4205/9796/1944
f 4210/9806/1941 4211/9807/1941 4207/9799/1941 4206/9798/1941
f 4211/9808/1942 4212/9809/1942 4208/9801/1942 4207/9800/1942
f 4212/9810/1943 4209/9811/1943 4205/9803/1943 4208/9802/1943
f 4213/9812/1940 4214/9813/1940 4210/9805/1940 4209/9804/1940
f 4214/9814/1941 4215/9815/1941 4211/9807/1941 4210/9806/1941
f 4215/9816/1942 4216/9817/1942 4212/9809/1942 4211/9808/1942
f 4216/9818/1943 4213/9819/1943 4209/9811/1943 4212/9810/1943
f 4217/9820/1944 4218/9821/1944 4214/9813/1944 4213/9812/1944
f 4218/9822/1941 4219/9823/1941 4215/9815/1941 4214/9814/1941
f 4219/9824/1942 4220/9825/1942 4216/9817/1942 4215/9816/1942
f 4220/9826/1943 4217/9827/1943 4213/9819/1943 4216/9818/1943
f 4221/9828/1945 4222/9829/1945 4218/9821/1945 4217/9820/1945
f 4222/9830/1941 4223/9831/1941 4219/9823/1941 4218/9822/1941
f 4223/9832/1942 4224/9833/1942 4220/9825/1942 4219/9824/1942
f 4224/9834/1943 4221/9835/1943 4217/9827/1943 4220/9826/1943
f 4225/9836/1944 4226/9837/1944 4222/9829/1944 4221/9828/1944
f 4226/9838/1941 4227/9839/1941 4223/9831/1941 4222/9830/1941
f 4227/9840/1946 4228/9841/1946 4224/9833/1946 4223/9832/1946
f 4228/9842/1943 4225/9843/1943 4221/9835/1943 4224/9834/1943
f 4229/9844/1945 4230/9845/1945 4226/9837/1945 4225/9836/1945
f 4230/9846/1941 4231/9847/1941 4227/9839/1941 4226/9838/1941
f 4231/9848/1942 4232/9849/1942 4228/9841/1942 4227/9840/1942
f 4232/9850/1947 4229/9851/1947 4225/9843/1947 4228/9842/1947
f 361/9852/1940 362/9853/1940 4230/9845/1940 4229/9844/1940
f 362/9854/1941 363/9855/1941 4231/9847/1941 4230/9846/1941
f 363/9856/1948 364/9857/1948 4232/9849/1948 4231/9848/1948
f 364/9858/1949 361/9859/1949 4229/9851/1949 4232/9850/1949
f 4237/9860/1950 4238/9861/1950 4234/1475/1950 4233/1474/1950
f 4238/9862/1951 4239/9863/1951 4235/2351/1951 4234/2354/1951
f 4239/9864/1952 4240/9865/1952 4236/1488/1952 4235/1487/1952
f 4240/9866/1953 4237/9867/1953 4233/3261/1953 4236/3260/1953
f 4241/9868/1950 4242/9869/1950 4238/9861/1950 4237/9860/1950
f 4242/9870/1951 4243/9871/1951 4239/9863/1951 4238/9862/1951
f 4243/9872/1952 4244/9873/1952 4240/9865/1952 4239/9864/1952
f 4244/9874/1953 4241/9875/1953 4237/9867/1953 4240/9866/1953
f 4245/9876/1950 4246/9877/1950 4242/9869/1950 4241/9868/1950
f 4246/9878/1951 4247/9879/1951 4243/9871/1951 4242/9870/1951
f 4247/9880/1952 4248/9881/1952 4244/9873/1952 4243/9872/1952
f 4248/9882/1953 4245/9883/1953 4241/9875/1953 4244/9874/1953
f 4249/9884/1950 4250/9885/1950 4246/9877/1950 4245/9876/1950
f 4250/9886/1951 4251/9887/1951 4247/9879/1951 4246/9878/1951
f 4251/9888/1952 4252/9889/1952 4248/9881/1952 4247/9880/1952
f 4252/9890/1953 4249/9891/1953 4245/9883/1953 4248/9882/1953
f 4253/9892/1950 4254/9893/1950 4250/9885/1950 4249/9884/1950
f 4254/9894/1951 4255/9895/1951 4251/9887/1951 4250/9886/1951
f 4255/9896/1952 4256/9897/1952 4252/9889/1952 4251/9888/1952
f 4256/9898/1953 4253/9899/1953 4249/9891/1953 4252/9890/1953
f 4257/9900/1950 4258/9901/1950 4254/9893/1950 4253/9892/1950
f 4258/9902/1951 4259/9903/1951 4255/9895/1951 4254/9894/1951
f 4259/9904/1952 4260/9905/1952 4256/9897/1952 4255/9896/1952
f 4260/9906/1953 4257/9907/1953 4253/9899/1953 4256/9898/1953
f 4261/9908/1950 4262/9909/1950 4258/9901/1950 4257/9900/1950
f 4262/9910/1951 4263/9911/1951 4259/9903/1951 4258/9902/1951
f 4263/9912/1952 4264/9913/1952 4260/9905/1952 4259/9904/1952
f 4264/9914/1953 4261/9915/1953 4257/9907/1953 4260/9906/1953
f 4265/9916/1950 4266/9917/1950 4262/9909/1950 4261/9908/1950
f 4266/9918/1951 4267/9919/1951 4263/9911/1951 4262/9910/1951
f 4267/9920/1952 4268/9921/1952 4264/9913/1952 4263/9912/1952
f 4268/9922/1953 4265/9923/1953 4261/9915/1953 4264/9914/1953
f 4269/9924/1950 4270/9925/1950 4266/9917/1950 4265/9916/1950
f 4270/9926/1951 4271/9927/1951 4267/9919/1951 4266/9918/1951
f 4271/9928/1952 4272/9929/1952 4268/9921/1952 4267/9920/1952
f 4272/9930/1953 4269/9931/1953 4265/9923/1953 4268/9922/1953
f 4273/9932/1950 4274/9933/1950 4270/9925/1950 4269/9924/1950
f 4274/9934/1951 4275/9935/1951 4271/9927/1951 4270/9926/1951
f 4275/9936/1952 4276/9937/1952 4272/9929/1952 4271/9928/1952
f 4276/9938/1953 4273/9939/1953 4269/9931/1953 4272/9930/1953
f 4277/9940/1950 4278/9941/1950 4274/9933/1950 4273/9932/1950
f 4278/9942/1951 4279/9943/1951 4275/9935/1951 4274/9934/1951
f 4279/9944/1952 4280/9945/1952 4276/9937/1952 4275/9936/1952
f 4280/9946/1953 4277/9947/1953 4273/9939/1953 4276/9938/1953
f 4281/9948/1950 4282/9949/1950 4278/9941/1950 4277/9940/1950
f 4282/9950/1951 4283/9951/1951 4279/9943/1951 4278/9942/1951
f 4283/9952/1952 4284/9953/1952 4280/9945/1952 4279/9944/1952
f 4284/9954/1953 4281/9955/1953 4277/9947/1953 4280/9946/1953
f 4285/9956/1950 4286/9957/1950 4282/9949/1950 4281/9948/1950
f 4286/9958/1951 4287/9959/1951 4283/9951/1951 4282/9950/1951
f 4287/9960/1952 4288/9961/1952 4284/9953/1952 4283/9952/1952
f 4288/9962/1953 4285/9963/1953 4281/9955/1953 4284/9954/1953
f 4289/9964/1950 4290/9965/1950 4286/9957/1950 4285/9956/1950
f 4290/9966/1954 4291/9967/1954 4287/9959/1954 4286/9958/1954
f 4291/9968/1952 4292/9969/1952 4288/9961/1952 4287/9960/1952
f 4292/9970/1953 4289/9971/1953 4285/9963/1953 4288/9962/1953
f 4293/9972/1950 4294/9973/1950 4290/9965/1950 4289/9964/1950
f 4294/9974/1951 4295/9975/1951 4291/9967/1951 4290/9966/1951
f 4295/9976/1952 4296/9977/1952 4292/9969/1952 4291/9968/1952
f 4296/9978/1953 4293/9979/1953 4289/9971/1953 4292/9970/1953
f 4297/9980/1950 4298/9981/1950 4294/9973/1950 4293/9972/1950
f 4298/9982/1951 4299/9983/1951 4295/9975/1951 4294/9974/1951
f 4299/9984/1952 4300/9985/1952 4296/9977/1952 4295/9976/1952
f 4300/9986/1953 4297/9987/1953 4293/9979/1953 4296/9978/1953
f 4301/9988/1950 4302/9989/1950 4298/9981/1950 4297/9980/1950
f 4302/9990/1951 4303/9991/1951 4299/9983/1951 4298/9982/1951
f 4303/9992/1952 4304/9993/1952 4300/9985/1952 4299/9984/1952
f 4304/9994/1953 4301/9995/1953 4297/9987/1953 4300/9986/1953
f 4305/9996/1950 4306/9997/1950 4302/9989/1950 4301/9988/1950
f 4306/9998/1951 4307/9999/1951 4303/9991/1951 4302/9990/1951
f 4307/10000/1952 4308/10001/1952 4304/9993/1952 4303/9992/1952
f 4308/10002/1953 4305/10003/1953 4301/9995/1953 4304/9994/1953
f 4309/10004/1950 4310/10005/1950 4306/9997/1950 4305/9996/1950
f 4310/10006/1951 4311/10007/1951 4307/9999/1951 4306/9998/1951
f 4311/10008/1952 4312/10009/1952 4308/10001/1952 4307/10000/1952
f 4312/10010/1953 4309/10011/1953 4305/10003/1953 4308/10002/1953
f 4313/10012/1950 4314/10013/1950 4310/10005/1950 4309/10004/1950
f 4314/10014/1951 4315/10015/1951 4311/10007/1951 4310/10006/1951
f 4315/10016/1952 4316/10017/1952 4312/10009/1952 4311/10008/1952
f 4316/10018/1953 4313/10019/1953 4309/10011/1953 4312/10010/1953
f 4317/10020/1950 4318/10021/1950 4314/10013/1950 4313/10012/1950
f 4318/10022/1951 4319/10023/1951 4315/10015/1951 4314/10014/1951
f 4319/10024/1952 4320/10025/1952 4316/10017/1952 4315/10016/1952
f 4320/10026/1953 4317/10027/1953 4313/10019/1953 4316/10018/1953
f 4321/10028/1950 4322/10029/1950 4318/10021/1950 4317/10020/1950
f 4322/10030/1951 4323/10031/1951 4319/10023/1951 4318/10022/1951
f 4323/10032/1952 4324/10033/1952 4320/10025/1952 4319/10024/1952
f 4324/10034/1953 4321/10035/1953 4317/10027/1953 4320/10026/1953
f 4325/10036/1950 4326/10037/1950 4322/10029/1950 4321/10028/1950
f 4326/10038/1951 4327/10039/1951 4323/10031/1951 4322/10030/1951
f 4327/10040/1952 4328/10041/1952 4324/10033/1952 4323/10032/1952
f 4328/10042/1953 4325/10043/1953 4321/10035/1953 4324/10034/1953
f 4329/10044/1950 4330/10045/1950 4326/10037/1950 4325/10036/1950
f 4330/10046/1951 4331/10047/1951 4327/10039/1951 4326/10038/1951
f 4331/10048/1952 4332/10049/1952 4328/10041/1952 4327/10040/1952
f 4332/10050/1955 4329/10051/1955 4325/10043/1955 4328/10042/1955
f 365/10052/1950 366/10053/1950 4330/10045/1950 4329/10044/1950
f 366/10054/1951 367/10055/1951 4331/10047/1951 4330/10046/1951
f 367/10056/1952 368/10057/1952 4332/10049/1952 4331/10048/1952
f 368/10058/1953 365/10059/1953 4329/10051/1953 4332/10050/1953
f 4337/10060/1956 4338/10061/1956 4334/2573/1956 4333/2572/1956
f 4338/10062/1957 4339/10063/1957 4335/10064/1957 4334/10065/1957
f 4339/10066/1958 4340/10067/1958 4336/1277/1958 4335/1276/1958
f 4340/10068/1959 4337/10069/1959 4333/2584/1959 4336/2583/1959
f 4341/10070/1956 4342/10071/1956 4338/10061/1956 4337/10060/1956
f 4342/10072/1957 4343/10073/1957 4339/10063/1957 4338/10062/1957
f 4343/10074/1958 4344/10075/1958 4340/10067/1958 4339/10066/1958
f 4344/10076/1959 4341/10077/1959 4337/10069/1959 4340/10068/1959
f 4345/10078/1956 4346/10079/1956 4342/10071/1956 4341/10070/1956
f 4346/10080/1957 4347/10081/1957 4343/10073/1957 4342/10072/1957
f 4347/10082/1958 4348/10083/1958 4344/10075/1958 4343/10074/1958
f 4348/10084/1959 4345/10085/1959 4341/10077/1959 4344/10076/1959
f 4349/10086/1956 4350/10087/1956 4346/10079/1956 4345/10078/1956
f 4350/10088/1957 4351/10089/1957 4347/10081/1957 4346/10080/1957
f 4351/10090/1958 4352/10091/1958 4348/10083/1958 4347/10082/1958
f 4352/10092/1959 4349/10093/1959 4345/10085/1959 4348/10084/1959
f 4353/2836/1956 4354/1514/1956 4350/10087/1956 4349/10086/1956
f 4354/3122/1957 4355/3121/1957 4351/10089/1957 4350/10088/1957
f 4355/2833/1958 4356/2832/1958 4352/10091/1958 4351/10090/1958
f 4356/2828/1959 4353/2831/1959 4349/10093/1959 4352/10092/1959
f 4361/10094/1960 4362/10095/1960 4358/10096/1960 4357/10097/1960
f 4362/10098/1961 4363/10099/1961 4359/3176/1961 4358/3175/1961
f 4363/10100/1962 4364/10101/1962 4360/1509/1962 4359/1508/1962
f 4364/10102/1963 4361/10103/1963 4357/10104/1963 4360/10105/1963
f 4365/10106/1964 4366/10107/1964 4362/10108/1964 4361/10109/1964
f 4366/10110/1965 4367/10111/1965 4363/10099/1965 4362/10098/1965
f 4367/10112/1966 4368/10113/1966 4364/10101/1966 4363/10100/1966
f 4368/10114/1967 4365/10115/1967 4361/10103/1967 4364/10102/1967
f 4369/10116/1968 4370/10117/1968 4366/10107/1968 4365/10106/1968
f 4370/10118/1961 4371/10119/1961 4367/10111/1961 4366/10110/1961
f 4371/10120/1966 4372/10121/1966 4368/10113/1966 4367/10112/1966
f 4372/10122/1969 4369/10123/1969 4365/10115/1969 4368/10114/1969
f 4373/10124/1964 4374/10125/1964 4370/10117/1964 4369/10116/1964
f 4374/10126/1965 4375/10127/1965 4371/10119/1965 4370/10118/1965
f 4375/10128/1966 4376/10129/1966 4372/10121/1966 4371/10120/1966
f 4376/10130/1967 4373/10131/1967 4369/10123/1967 4372/10122/1967
f 4377/10132/1964 4378/10133/1964 4374/10125/1964 4373/10124/1964
f 4378/10134/1961 4379/10135/1961 4375/10127/1961 4374/10126/1961
f 4379/10136/1970 4380/10137/1970 4376/10129/1970 4375/10128/1970
f 4380/10138/1969 4377/10139/1969 4373/10131/1969 4376/10130/1969
f 4381/10140/1964 4382/10141/1964 4378/10133/1964 4377/10132/1964
f 4382/10142/1961 4383/10143/1961 4379/10135/1961 4378/10134/1961
f 4383/10144/1966 4384/10145/1966 4380/10137/1966 4379/10136/1966
f 4384/10146/1969 4381/10147/1969 4377/10139/1969 4380/10138/1969
f 4385/10148/1964 4386/10149/1964 4382/10141/1964 4381/10140/1964
f 4386/10150/1961 4387/10151/1961 4383/10143/1961 4382/10142/1961
f 4387/10152/1970 4388/10153/1970 4384/10145/1970 4383/10144/1970
f 4388/10154/1969 4385/10155/1969 4381/10147/1969 4384/10146/1969
f 4389/10156/1964 4390/10157/1964 4386/10149/1964 4385/10148/1964
f 4390/10158/1961 4391/10159/1961 4387/10151/1961 4386/10150/1961
f 4391/10160/1966 4392/10161/1966 4388/10153/1966 4387/10152/1966
f 4392/10162/1967 4389/10163/1967 4385/10155/1967 4388/10154/1967
f 4393/10164/1964 4394/10165/1964 4390/10157/1964 4389/10156/1964
f 4394/10166/1971 4395/10167/1971 4391/10159/1971 4390/10158/1971
f 4395/10168/1966 4396/10169/1966 4392/10161/1966 4391/10160/1966
f 4396/10170/1969 4393/10171/1969 4389/10163/1969 4392/10162/1969
f 4397/10172/1964 4398/10173/1964 4394/10165/1964 4393/10164/1964
f 4398/10174/1961 4399/10175/1961 4395/10167/1961 4394/10166/1961
f 4399/10176/1966 4400/10177/1966 4396/10169/1966 4395/10168/1966
f 4400/10178/1969 4397/10179/1969 4393/10171/1969 4396/10170/1969
f 4401/10180/1964 4402/10181/1964 4398/10173/1964 4397/10172/1964
f 4402/10182/1961 4403/10183/1961 4399/10175/1961 4398/10174/1961
f 4403/10184/1966 4404/10185/1966 4400/10177/1966 4399/10176/1966
f 4404/10186/1969 4401/10187/1969 4397/10179/1969 4400/10178/1969
f 369/10188/1972 370/10189/1972 4402/10181/1972 4401/10180/1972
f 370/10190/1965 371/10191/1965 4403/10183/1965 4402/10182/1965
f 371/10192/1970 372/10193/1970 4404/10185/1970 4403/10184/1970
f 372/10194/1967 369/10195/1967 4401/10187/1967 4404/10186/1967
f 4409/10196/1973 4410/10197/1973 4406/1515/1973 4405/2837/1973
f 4410/10198/1974 4411/10199/1974 4407/10200/1974 4406/10201/1974
f 4411/10202/1975 4412/10203/1975 4408/1505/1975 4407/1507/1975
f 4412/10204/1976 4409/10205/1976 4405/2830/1976 4408/2829/1976
f 4413/10206/1977 4414/10207/1977 4410/10197/1977 4409/10196/1977
f 4414/10208/1978 4415/10209/1978 4411/10199/1978 4410/10198/1978
f 4415/10210/1979 4416/10211/1979 4412/10203/1979 4411/10202/1979
f 4416/10212/1976 4413/10213/1976 4409/10205/1976 4412/10204/1976
f 4417/3080/1977 4418/1545/1977 4414/10207/1977 4413/10206/1977
f 4418/3174/1978 4419/3173/1978 4415/10209/1978 4414/10208/1978
f 4419/3024/1979 4420/3025/1979 4416/10211/1979 4415/10210/1979
f 4420/3128/1976 4417/3127/1976 4413/10213/1976 4416/10212/1976
f 4423/10214/1980 4424/10215/1980 4357/1546/1980 4421/3081/1980
f 4424/10216/1981 4425/10217/1981 4360/10218/1981 4357/10219/1981
f 4425/10220/1982 4426/10221/1982 4422/1510/1982 4360/1509/1982
f 4426/10222/1983 4423/10223/1983 4421/3126/1983 4422/3129/1983
f 4427/10224/1984 4428/10225/1984 4424/10215/1984 4423/10214/1984
f 4428/10226/1985 4429/10227/1985 4425/10217/1985 4424/10216/1985
f 4429/10228/1986 4430/10229/1986 4426/10221/1986 4425/10220/1986
f 4430/10230/1983 4427/10231/1983 4423/10223/1983 4426/10222/1983
f 4431/10232/1984 4432/10233/1984 4428/10225/1984 4427/10224/1984
f 4432/10234/1985 4433/10235/1985 4429/10227/1985 4428/10226/1985
f 4433/10236/1986 4434/10237/1986 4430/10229/1986 4429/10228/1986
f 4434/10238/1983 4431/10239/1983 4427/10231/1983 4430/10230/1983
f 4435/10240/1984 4436/10241/1984 4432/10233/1984 4431/10232/1984
f 4436/10242/1985 4437/10243/1985 4433/10235/1985 4432/10234/1985
f 4437/10244/1986 4438/10245/1986 4434/10237/1986 4433/10236/1986
f 4438/10246/1983 4435/10247/1983 4431/10239/1983 4434/10238/1983
f 4439/10248/1984 4440/10249/1984 4436/10241/1984 4435/10240/1984
f 4440/10250/1985 4441/10251/1985 4437/10243/1985 4436/10242/1985
f 4441/10252/1986 4442/10253/1986 4438/10245/1986 4437/10244/1986
f 4442/10254/1983 4439/10255/1983 4435/10247/1983 4438/10246/1983
f 4443/10256/1984 4444/10257/1984 4440/10249/1984 4439/10248/1984
f 4444/10258/1985 4445/10259/1985 4441/10251/1985 4440/10250/1985
f 4445/10260/1986 4446/10261/1986 4442/10253/1986 4441/10252/1986
f 4446/10262/1983 4443/10263/1983 4439/10255/1983 4442/10254/1983
f 4447/10264/1984 4448/10265/1984 4444/10257/1984 4443/10256/1984
f 4448/10266/1985 4449/10267/1985 4445/10259/1985 4444/10258/1985
f 4449/10268/1986 4450/10269/1986 4446/10261/1986 4445/10260/1986
f 4450/10270/1987 4447/10271/1987 4443/10263/1987 4446/10262/1987
f 4451/10272/1984 4452/10273/1984 4448/10265/1984 4447/10264/1984
f 4452/10274/1985 4453/10275/1985 4449/10267/1985 4448/10266/1985
f 4453/10276/1986 4454/10277/1986 4450/10269/1986 4449/10268/1986
f 4454/10278/1983 4451/10279/1983 4447/10271/1983 4450/10270/1983
f 4455/10280/1984 4456/10281/1984 4452/10273/1984 4451/10272/1984
f 4456/10282/1985 4457/10283/1985 4453/10275/1985 4452/10274/1985
f 4457/10284/1986 4458/10285/1986 4454/10277/1986 4453/10276/1986
f 4458/10286/1987 4455/10287/1987 4451/10279/1987 4454/10278/1987
f 4459/10288/1984 4460/10289/1984 4456/10281/1984 4455/10280/1984
f 4460/10290/1985 4461/10291/1985 4457/10283/1985 4456/10282/1985
f 4461/10292/1986 4462/10293/1986 4458/10285/1986 4457/10284/1986
f 4462/10294/1983 4459/10295/1983 4455/10287/1983 4458/10286/1983
f 4463/10296/1984 4464/10297/1984 4460/10289/1984 4459/10288/1984
f 4464/10298/1985 4465/10299/1985 4461/10291/1985 4460/10290/1985
f 4465/10300/1986 4466/10301/1986 4462/10293/1986 4461/10292/1986
f 4466/10302/1983 4463/10303/1983 4459/10295/1983 4462/10294/1983
f 4467/10304/1984 4468/10305/1984 4464/10297/1984 4463/10296/1984
f 4468/10306/1985 4469/10307/1985 4465/10299/1985 4464/10298/1985
f 4469/10308/1986 4470/10309/1986 4466/10301/1986 4465/10300/1986
f 4470/10310/1983 4467/10311/1983 4463/10303/1983 4466/10302/1983
f 4471/10312/1984 4472/10313/1984 4468/10305/1984 4467/10304/1984
f 4472/10314/1985 4473/10315/1985 4469/10307/1985 4468/10306/1985
f 4473/10316/1986 4474/10317/1986 4470/10309/1986 4469/10308/1986
f 4474/10318/1983 4471/10319/1983 4467/10311/1983 4470/10310/1983
f 4475/10320/1984 4476/10321/1984 4472/10313/1984 4471/10312/1984
f 4476/10322/1985 4477/10323/1985 4473/10315/1985 4472/10314/1985
f 4477/10324/1986 4478/10325/1986 4474/10317/1986 4473/10316/1986
f 4478/10326/1983 4475/10327/1983 4471/10319/1983 4474/10318/1983
f 4479/10328/1984 4480/10329/1984 4476/10321/1984 4475/10320/1984
f 4480/10330/1985 4481/10331/1985 4477/10323/1985 4476/10322/1985
f 4481/10332/1986 4482/10333/1986 4478/10325/1986 4477/10324/1986
f 4482/10334/1983 4479/10335/1983 4475/10327/1983 4478/10326/1983
f 4483/10336/1984 4484/10337/1984 4480/10329/1984 4479/10328/1984
f 4484/10338/1985 4485/10339/1985 4481/10331/1985 4480/10330/1985
f 4485/10340/1986 4486/10341/1986 4482/10333/1986 4481/10332/1986
f 4486/10342/1987 4483/10343/1987 4479/10335/1987 4482/10334/1987
f 373/10344/1984 374/10345/1984 4484/10337/1984 4483/10336/1984
f 374/10346/1985 375/10347/1985 4485/10339/1985 4484/10338/1985
f 375/10348/1986 376/10349/1986 4486/10341/1986 4485/10340/1986
f 376/10350/1983 373/10351/1983 4483/10343/1983 4486/10342/1983
f 4489/10352/1988 4490/10353/1988 4487/1513/1988 4406/1515/1988
f 4490/10354/1989 4491/10355/1989 4488/3120/1989 4487/3119/1989
f 4491/10356/1990 4492/10357/1990 4407/1507/1990 4488/1506/1990
f 4492/10358/1991 4489/10359/1991 4406/10360/1991 4407/10361/1991
f 4493/10362/1992 4494/10363/1992 4490/10353/1992 4489/10352/1992
f 4494/10364/1989 4495/10365/1989 4491/10355/1989 4490/10354/1989
f 4495/10366/1993 4496/10367/1993 4492/10357/1993 4491/10356/1993
f 4496/10368/1994 4493/10369/1994 4489/10359/1994 4492/10358/1994
f 4497/10370/1992 4498/10371/1992 4494/10363/1992 4493/10362/1992
f 4498/10372/1995 4499/10373/1995 4495/10365/1995 4494/10364/1995
f 4499/10374/1993 4500/10375/1993 4496/10367/1993 4495/10366/1993
f 4500/10376/1996 4497/10377/1996 4493/10369/1996 4496/10368/1996
f 4501/10378/1997 4502/10379/1997 4498/10371/1997 4497/10370/1997
f 4502/10380/1995 4503/10381/1995 4499/10373/1995 4498/10372/1995
f 4503/10382/1998 4504/10383/1998 4500/10375/1998 4499/10374/1998
f 4504/10384/1994 4501/10385/1994 4497/10377/1994 4500/10376/1994
f 4505/10386/1992 4506/10387/1992 4502/10379/1992 4501/10378/1992
f 4506/10388/1989 4507/10389/1989 4503/10381/1989 4502/10380/1989
f 4507/10390/1998 4508/10391/1998 4504/10383/1998 4503/10382/1998
f 4508/10392/1994 4505/10393/1994 4501/10385/1994 4504/10384/1994
f 377/10394/1992 378/10395/1992 4506/10387/1992 4505/10386/1992
f 378/10396/1999 379/10397/1999 4507/10389/1999 4506/10388/1999
f 379/10398/1993 380/10399/1993 4508/10391/1993 4507/10390/1993
f 380/10400/1994 377/10401/1994 4505/10393/1994 4508/10392/1994
f 4512/10402/2000 4513/10403/2000 4510/1018/2000 4509/2732/2000
f 4513/10404/2001 4514/10405/2001 3746/1092/2001 4510/1094/2001
f 4514/10406/2002 4515/10407/2002 4511/1070/2002 3746/1069/2002
f 4515/10408/2003 4512/10409/2003 4509/10410/2003 4511/10411/2003
f 4516/10412/2000 4517/10413/2000 4513/10403/2000 4512/10402/2000
f 4517/10414/2004 4518/10415/2004 4514/10405/2004 4513/10404/2004
f 4518/10416/2005 4519/10417/2005 4515/10407/2005 4514/10406/2005
f 4519/10418/2003 4516/10419/2003 4512/10409/2003 4515/10408/2003
f 4520/10420/2000 4521/10421/2000 4517/10413/2000 4516/10412/2000
f 4521/10422/2004 4522/10423/2004 4518/10415/2004 4517/10414/2004
f 4522/10424/2005 4523/10425/2005 4519/10417/2005 4518/10416/2005
f 4523/10426/2003 4520/10427/2003 4516/10419/2003 4519/10418/2003
f 4524/2557/2000 4525/2560/2000 4521/10421/2000 4520/10420/2000
f 4525/1572/2004 4526/2585/2004 4522/10423/2004 4521/10422/2004
f 4526/10428/2005 4527/10429/2005 4523/10425/2005 4522/10424/2005
f 4527/1567/2003 4524/1569/2003 4520/10427/2003 4523/10426/2003
f 4532/10430/2006 4533/10431/2006 6501/10432/2006 6502/10433/2006
f 4533/10434/2007 4534/10435/2007 6500/10436/2007 6501/10437/2007
f 4534/10438/2008 4535/10439/2008 6487/10440/2008 6500/10441/2008
f 4535/10442/2009 4532/10443/2009 6502/10444/2009 6487/10445/2009
f 4536/10446/2006 4537/10447/2006 4533/10431/2006 4532/10430/2006
f 4537/10448/2007 4538/10449/2007 4534/10435/2007 4533/10434/2007
f 4538/10450/2008 4539/10451/2008 4535/10439/2008 4534/10438/2008
f 4539/10452/2009 4536/10453/2009 4532/10443/2009 4535/10442/2009
f 381/10454/2010 382/10455/2010 4537/10447/2010 4536/10446/2010
f 382/10456/2011 383/10457/2011 4538/10449/2011 4537/10448/2011
f 383/10458/2012 384/10459/2012 4539/10451/2012 4538/10450/2012
f 384/10460/2013 381/10461/2013 4536/10453/2013 4539/10452/2013
f 385/10462/2014 386/10463/2014 6506/10464/2014 4540/2034/2014
f 386/10465/2015 387/10466/2015 6505/10467/2015 6506/10468/2015
f 387/10469/2016 388/10470/2016 6504/2333/2016 6505/2332/2016
f 388/10471/2017 385/10472/2017 4540/10473/2017 6504/10474/2017
f 4544/10475/2018 4545/10476/2018 386/10477/2018 385/10478/2018
f 4545/10479/2019 4546/10480/2019 387/10481/2019 386/10482/2019
f 4546/10483/2020 4547/10484/2020 388/10485/2020 387/10486/2020
f 4547/10487/2021 4544/10488/2021 385/10489/2021 388/10490/2021
f 4548/10491/2022 4549/10492/2022 4545/10476/2022 4544/10475/2022
f 4549/10493/2023 4550/10494/2023 4546/10480/2023 4545/10479/2023
f 4550/10495/2024 4551/10496/2024 4547/10484/2024 4546/10483/2024
f 4551/10497/2025 4548/10498/2025 4544/10488/2025 4547/10487/2025
f 4552/10499/2022 4553/10500/2022 4549/10492/2022 4548/10491/2022
f 4553/10501/2023 4554/10502/2023 4550/10494/2023 4549/10493/2023
f 4554/10503/2026 4555/10504/2026 4551/10496/2026 4550/10495/2026
f 4555/10505/2025 4552/10506/2025 4548/10498/2025 4551/10497/2025
f 4556/10507/2022 4557/10508/2022 4553/10500/2022 4552/10499/2022
f 4557/10509/2023 4558/10510/2023 4554/10502/2023 4553/10501/2023
f 4558/10511/2024 4559/10512/2024 4555/10504/2024 4554/10503/2024
f 4559/10513/2025 4556/10514/2025 4552/10506/2025 4555/10505/2025
f 4560/10515/2022 4561/10516/2022 4557/10508/2022 4556/10507/2022
f 4561/10517/2023 4562/10518/2023 4558/10510/2023 4557/10509/2023
f 4562/10519/2024 4563/10520/2024 4559/10512/2024 4558/10511/2024
f 4563/10521/2025 4560/10522/2025 4556/10514/2025 4559/10513/2025
f 4564/10523/2022 4565/10524/2022 4561/10516/2022 4560/10515/2022
f 4565/10525/2023 4566/10526/2023 4562/10518/2023 4561/10517/2023
f 4566/10527/2024 4567/10528/2024 4563/10520/2024 4562/10519/2024
f 4567/10529/2025 4564/10530/2025 4560/10522/2025 4563/10521/2025
f 389/10531/2027 390/10532/2027 4565/10524/2027 4564/10523/2027
f 390/10533/2028 391/10534/2028 4566/10526/2028 4565/10525/2028
f 391/10535/2029 392/10536/2029 4567/10528/2029 4566/10527/2029
f 392/10537/2030 389/10538/2030 4564/10530/2030 4567/10529/2030
f 4572/2850/2031 4573/2849/2031 6508/10539/2031 6509/10540/2031
f 4573/10541/2032 4574/10542/2032 6507/10543/2032 6508/10544/2032
f 4574/10545/2033 4575/10546/2033 6503/10547/2033 6507/10548/2033
f 4575/1639/2034 4572/2940/2034 6509/10549/2034 6503/10550/2034
f 4580/10551/2035 4581/10552/2035 6513/10553/2035 4576/10554/2035
f 4581/10555/2036 4582/10556/2036 6512/2796/2036 6513/10557/2036
f 4582/10558/2037 4583/10559/2037 6511/2282/2037 6512/10560/2037
f 4583/10561/2038 4580/10562/2038 4576/10563/2038 6511/10564/2038
f 4584/10565/2039 4585/10566/2039 4581/10552/2039 4580/10551/2039
f 4585/10567/2036 4586/10568/2036 4582/10556/2036 4581/10555/2036
f 4586/10569/2037 4587/10570/2037 4583/10559/2037 4582/10558/2037
f 4587/10571/2038 4584/10572/2038 4580/10562/2038 4583/10561/2038
f 4588/10573/2035 4589/10574/2035 4585/10566/2035 4584/10565/2035
f 4589/10575/2036 4590/10576/2036 4586/10568/2036 4585/10567/2036
f 4590/10577/2037 4591/10578/2037 4587/10570/2037 4586/10569/2037
f 4591/10579/2038 4588/10580/2038 4584/10572/2038 4587/10571/2038
f 4592/10581/2035 4593/10582/2035 4589/10574/2035 4588/10573/2035
f 4593/10583/2036 4594/10584/2036 4590/10576/2036 4589/10575/2036
f 4594/10585/2037 4595/10586/2037 4591/10578/2037 4590/10577/2037
f 4595/10587/2038 4592/10588/2038 4588/10580/2038 4591/10579/2038
f 4596/10589/2035 4597/10590/2035 4593/10582/2035 4592/10581/2035
f 4597/10591/2036 4598/10592/2036 4594/10584/2036 4593/10583/2036
f 4598/10593/2037 4599/10594/2037 4595/10586/2037 4594/10585/2037
f 4599/10595/2038 4596/10596/2038 4592/10588/2038 4595/10587/2038
f 393/10597/2035 394/10598/2035 4597/10590/2035 4596/10589/2035
f 394/10599/2036 395/10600/2036 4598/10592/2036 4597/10591/2036
f 395/10601/2037 396/10602/2037 4599/10594/2037 4598/10593/2037
f 396/10603/2038 393/10604/2038 4596/10596/2038 4599/10595/2038
f 4604/10605/2040 4605/10606/2040 6515/10607/2040 6516/10608/2040
f 4605/10609/2041 4606/10610/2041 6514/10611/2041 6515/10612/2041
f 4606/10613/2042 4607/10614/2042 6510/10615/2042 6514/10616/2042
f 4607/10617/2043 4604/10618/2043 6516/10619/2043 6510/10620/2043
f 4608/10621/2040 4609/10622/2040 4605/10606/2040 4604/10605/2040
f 4609/10623/2041 4610/10624/2041 4606/10610/2041 4605/10609/2041
f 4610/10625/2042 4611/10626/2042 4607/10614/2042 4606/10613/2042
f 4611/10627/2044 4608/10628/2044 4604/10618/2044 4607/10617/2044
f 397/10629/2045 398/10630/2045 4609/10622/2045 4608/10621/2045
f 398/10631/2041 399/10632/2041 4610/10624/2041 4609/10623/2041
f 399/10633/2042 400/10634/2042 4611/10626/2042 4610/10625/2042
f 400/10635/2044 397/10636/2044 4608/10628/2044 4611/10627/2044
f 4616/10637/2046 4617/10638/2046 6519/10639/2046 6520/10640/2046
f 4617/3041/2047 4618/3040/2047 6518/10641/2047 6519/10642/2047
f 4618/10643/2048 4619/10644/2048 6517/10645/2048 6518/10646/2048
f 4619/2886/2049 4616/2885/2049 6520/10647/2049 6517/10648/2049
f 4624/10649/2050 4625/10650/2050 4621/2882/2050 4620/2881/2050
f 4625/10651/2051 4626/10652/2051 4622/3203/2051 4621/3202/2051
f 4626/10653/2052 4627/10654/2052 4623/2312/2052 4622/2317/2052
f 4627/10655/2053 4624/10656/2053 4620/2884/2053 4623/2887/2053
f 4628/10657/2050 4629/10658/2050 4625/10650/2050 4624/10649/2050
f 4629/10659/2051 4630/10660/2051 4626/10652/2051 4625/10651/2051
f 4630/10661/2052 4631/10662/2052 4627/10654/2052 4626/10653/2052
f 4631/10663/2053 4628/10664/2053 4624/10656/2053 4627/10655/2053
f 4632/10665/2050 4633/10666/2050 4629/10658/2050 4628/10657/2050
f 4633/10667/2051 4634/10668/2051 4630/10660/2051 4629/10659/2051
f 4634/10669/2052 4635/10670/2052 4631/10662/2052 4630/10661/2052
f 4635/10671/2053 4632/10672/2053 4628/10664/2053 4631/10663/2053
f 4636/10673/2050 4637/10674/2050 4633/10666/2050 4632/10665/2050
f 4637/10675/2051 4638/10676/2051 4634/10668/2051 4633/10667/2051
f 4638/10677/2052 4639/10678/2052 4635/10670/2052 4634/10669/2052
f 4639/10679/2053 4636/10680/2053 4632/10672/2053 4635/10671/2053
f 4640/10681/2050 4641/10682/2050 4637/10674/2050 4636/10673/2050
f 4641/10683/2051 4642/10684/2051 4638/10676/2051 4637/10675/2051
f 4642/10685/2052 4643/10686/2052 4639/10678/2052 4638/10677/2052
f 4643/10687/2053 4640/10688/2053 4636/10680/2053 4639/10679/2053
f 4644/10689/2054 4645/10690/2054 4641/10682/2054 4640/10681/2054
f 4645/10691/2051 4646/10692/2051 4642/10684/2051 4641/10683/2051
f 4646/10693/2052 4647/10694/2052 4643/10686/2052 4642/10685/2052
f 4647/10695/2053 4644/10696/2053 4640/10688/2053 4643/10687/2053
f 4648/10697/2055 4649/10698/2055 4645/10690/2055 4644/10689/2055
f 4649/10699/2051 4650/10700/2051 4646/10692/2051 4645/10691/2051
f 4650/10701/2052 4651/10702/2052 4647/10694/2052 4646/10693/2052
f 4651/10703/2053 4648/10704/2053 4644/10696/2053 4647/10695/2053
f 4652/10705/2050 4653/10706/2050 4649/10698/2050 4648/10697/2050
f 4653/10707/2056 4654/10708/2056 4650/10700/2056 4649/10699/2056
f 4654/10709/2052 4655/10710/2052 4651/10702/2052 4650/10701/2052
f 4655/10711/2053 4652/10712/2053 4648/10704/2053 4651/10703/2053
f 4656/10713/2055 4657/10714/2055 4653/10706/2055 4652/10705/2055
f 4657/10715/2051 4658/10716/2051 4654/10708/2051 4653/10707/2051
f 4658/10717/2052 4659/10718/2052 4655/10710/2052 4654/10709/2052
f 4659/10719/2053 4656/10720/2053 4652/10712/2053 4655/10711/2053
f 4660/10721/2050 4661/10722/2050 4657/10714/2050 4656/10713/2050
f 4661/10723/2056 4662/10724/2056 4658/10716/2056 4657/10715/2056
f 4662/10725/2052 4663/10726/2052 4659/10718/2052 4658/10717/2052
f 4663/10727/2053 4660/10728/2053 4656/10720/2053 4659/10719/2053
f 401/10729/2050 402/10730/2050 4661/10722/2050 4660/10721/2050
f 402/10731/2056 403/10732/2056 4662/10724/2056 4661/10723/2056
f 403/1932/2052 404/1931/2052 4663/10726/2052 4662/10725/2052
f 404/10733/2053 401/10734/2053 4660/10728/2053 4663/10727/2053
f 4664/10735/2057 4665/10736/2057 390/10532/2057 389/10531/2057
f 4665/10737/2058 4666/10738/2058 391/10534/2058 390/10533/2058
f 4666/10739/2059 4667/10740/2059 392/10536/2059 391/10535/2059
f 4667/10741/2060 4664/10742/2060 389/10538/2060 392/10537/2060
f 4668/10743/2061 4669/10744/2061 4665/10736/2061 4664/10735/2061
f 4669/10745/2062 4670/10746/2062 4666/10738/2062 4665/10737/2062
f 4670/10747/2063 4671/10748/2063 4667/10740/2063 4666/10739/2063
f 4671/10749/2064 4668/10750/2064 4664/10742/2064 4667/10741/2064
f 4672/1685/2061 4673/3353/2061 4669/10744/2061 4668/10743/2061
f 4673/10751/2062 4674/10752/2062 4670/10746/2062 4669/10745/2062
f 4674/3302/2063 4675/3301/2063 4671/10748/2063 4670/10747/2063
f 4675/10753/2064 4672/10754/2064 4668/10750/2064 4671/10749/2064
f 4679/10755/2065 4680/10756/2065 6523/10757/2065 6524/10758/2065
f 4680/10759/2066 4681/10760/2066 6522/10761/2066 6523/10762/2066
f 4681/10763/2067 4682/10764/2067 6521/10765/2067 6522/10766/2067
f 4682/10767/2068 4679/10768/2068 6524/10769/2068 6521/10770/2068
f 4683/3140/2065 4684/3143/2065 4680/10756/2065 4679/10755/2065
f 4684/3102/2066 4685/3101/2066 4681/10760/2066 4680/10759/2066
f 4685/3098/2069 4686/3097/2069 4682/10764/2069 4681/10763/2069
f 4686/3066/2070 4683/1733/2070 4679/10768/2070 4682/10767/2070
f 4691/10771/2071 4692/10772/2071 4688/10773/2071 4687/10774/2071
f 4692/10775/2072 4693/10776/2072 4689/3104/2072 4688/3103/2072
f 4693/10777/2073 4694/10778/2073 4690/3100/2073 4689/3099/2073
f 4694/10779/2074 4691/10780/2074 4687/10781/2074 4690/10782/2074
f 4695/10783/2071 4696/10784/2071 4692/10772/2071 4691/10771/2071
f 4696/10785/2072 4697/10786/2072 4693/10776/2072 4692/10775/2072
f 4697/10787/2073 4698/10788/2073 4694/10778/2073 4693/10777/2073
f 4698/10789/2074 4695/10790/2074 4691/10780/2074 4694/10779/2074
f 4699/10791/2071 4700/10792/2071 4696/10784/2071 4695/10783/2071
f 4700/10793/2072 4701/10794/2072 4697/10786/2072 4696/10785/2072
f 4701/10795/2073 4702/10796/2073 4698/10788/2073 4697/10787/2073
f 4702/10797/2074 4699/10798/2074 4695/10790/2074 4698/10789/2074
f 4703/10799/2071 4704/10800/2071 4700/10792/2071 4699/10791/2071
f 4704/10801/2072 4705/10802/2072 4701/10794/2072 4700/10793/2072
f 4705/10803/2073 4706/10804/2073 4702/10796/2073 4701/10795/2073
f 4706/10805/2075 4703/10806/2075 4699/10798/2075 4702/10797/2075
f 4707/10807/2076 4708/10808/2076 4704/10800/2076 4703/10799/2076
f 4708/10809/2072 4709/10810/2072 4705/10802/2072 4704/10801/2072
f 4709/10811/2077 4710/10812/2077 4706/10804/2077 4705/10803/2077
f 4710/10813/2075 4707/10814/2075 4703/10806/2075 4706/10805/2075
f 4711/10815/2076 4712/10816/2076 4708/10808/2076 4707/10807/2076
f 4712/10817/2072 4713/10818/2072 4709/10810/2072 4708/10809/2072
f 4713/10819/2073 4714/10820/2073 4710/10812/2073 4709/10811/2073
f 4714/10821/2078 4711/10822/2078 4707/10814/2078 4710/10813/2078
f 405/10823/2076 406/10824/2076 4712/10816/2076 4711/10815/2076
f 406/10825/2079 407/10826/2079 4713/10818/2079 4712/10817/2079
f 407/10827/2073 408/10828/2073 4714/10820/2073 4713/10819/2073
f 408/10829/2074 405/10830/2074 4711/10822/2074 4714/10821/2074
f 4719/10831/2080 4720/10832/2080 6528/10833/2080 6529/10834/2080
f 4720/10835/2081 4721/10836/2081 4717/10837/2081 6528/10838/2081
f 4721/10839/2082 4722/10840/2082 6527/10841/2082 4717/10842/2082
f 4722/10843/2083 4719/10844/2083 6529/10845/2083 6527/10846/2083
f 4723/10847/2080 4724/10848/2080 4720/10832/2080 4719/10831/2080
f 4724/10849/2084 4725/10850/2084 4721/10836/2084 4720/10835/2084
f 4725/10851/2082 4726/10852/2082 4722/10840/2082 4721/10839/2082
f 4726/10853/2083 4723/10854/2083 4719/10844/2083 4722/10843/2083
f 409/10855/2080 410/10856/2080 4724/10848/2080 4723/10847/2080
f 410/10857/2081 411/10858/2081 4725/10850/2081 4724/10849/2081
f 411/10859/2082 412/10860/2082 4726/10852/2082 4725/10851/2082
f 412/10861/2083 409/10862/2083 4723/10854/2083 4726/10853/2083
f 4731/10863/2085 4732/10864/2085 6530/10865/2085 6531/10866/2085
f 4732/10867/2086 4733/10868/2086 6526/10869/2086 6530/10870/2086
f 4733/10871/2087 4734/10872/2087 6525/10873/2087 6526/10874/2087
f 4734/10875/2088 4731/10876/2088 6531/10877/2088 6525/10878/2088
f 4735/2602/2085 4736/2601/2085 4732/10864/2085 4731/10863/2085
f 4736/2627/2086 4737/2626/2086 4733/10868/2086 4732/10867/2086
f 4737/10879/2087 4738/10880/2087 4734/10872/2087 4733/10871/2087
f 4738/2594/2088 4735/2593/2088 4731/10876/2088 4734/10875/2088
f 4743/10881/2089 4744/10882/2089 4740/2621/2089 4739/1763/2089
f 4744/10883/2090 4745/10884/2090 4741/2625/2090 4740/2624/2090
f 4745/10885/2091 4746/10886/2091 4742/2609/2091 4741/1752/2091
f 4746/10887/2092 4743/10888/2092 4739/2222/2092 4742/2225/2092
f 4747/10889/2089 4748/10890/2089 4744/10882/2089 4743/10881/2089
f 4748/10891/2090 4749/10892/2090 4745/10884/2090 4744/10883/2090
f 4749/10893/2091 4750/10894/2091 4746/10886/2091 4745/10885/2091
f 4750/10895/2092 4747/10896/2092 4743/10888/2092 4746/10887/2092
f 4751/10897/2089 4752/10898/2089 4748/10890/2089 4747/10889/2089
f 4752/10899/2090 4753/10900/2090 4749/10892/2090 4748/10891/2090
f 4753/10901/2091 4754/10902/2091 4750/10894/2091 4749/10893/2091
f 4754/10903/2092 4751/10904/2092 4747/10896/2092 4750/10895/2092
f 4755/10905/2089 4756/10906/2089 4752/10898/2089 4751/10897/2089
f 4756/10907/2090 4757/10908/2090 4753/10900/2090 4752/10899/2090
f 4757/10909/2091 4758/10910/2091 4754/10902/2091 4753/10901/2091
f 4758/10911/2092 4755/10912/2092 4751/10904/2092 4754/10903/2092
f 413/10913/2093 414/10914/2093 4756/10906/2093 4755/10905/2093
f 414/10915/2094 415/10916/2094 4757/10908/2094 4756/10907/2094
f 415/10917/2095 416/10918/2095 4758/10910/2095 4757/10909/2095
f 416/10919/2096 413/10920/2096 4755/10912/2096 4758/10911/2096
f 4759/10921/2097 4760/10922/2097 414/10923/2097 413/10924/2097
f 4760/10925/2098 4761/10926/2098 415/10916/2098 414/10915/2098
f 4761/10927/2099 4762/10928/2099 416/10918/2099 415/10917/2099
f 4762/10929/2100 4759/10930/2100 413/10920/2100 416/10919/2100
f 4763/10931/2101 4764/10932/2101 4760/10922/2101 4759/10921/2101
f 4764/10933/2102 4765/10934/2102 4761/10926/2102 4760/10925/2102
f 4765/10935/2103 4766/10936/2103 4762/10928/2103 4761/10927/2103
f 4766/10937/2104 4763/10938/2104 4759/10930/2104 4762/10929/2104
f 4767/10939/2101 4768/10940/2101 4764/10932/2101 4763/10931/2101
f 4768/10941/2102 4769/10942/2102 4765/10934/2102 4764/10933/2102
f 4769/10943/2103 4770/10944/2103 4766/10936/2103 4765/10935/2103
f 4770/10945/2104 4767/10946/2104 4763/10938/2104 4766/10937/2104
f 4771/1817/2105 4772/2662/2105 4768/10940/2105 4767/10939/2105
f 4772/2800/2102 4773/2799/2102 4769/10942/2102 4768/10941/2102
f 4773/2689/2103 4774/2688/2103 4770/10944/2103 4769/10943/2103
f 4774/2890/2104 4771/2893/2104 4767/10946/2104 4770/10945/2104
f 4779/10947/2106 4780/10948/2106 6534/10949/2106 6535/10950/2106
f 4780/10951/2107 4781/10952/2107 4777/10953/2107 6534/10954/2107
f 4781/10955/2108 4782/10956/2108 6533/10957/2108 4777/10958/2108
f 4782/10959/2109 4779/10960/2109 6535/10961/2109 6533/10962/2109
f 4783/10963/2106 4784/10964/2106 4780/10948/2106 4779/10947/2106
f 4784/10965/2107 4785/10966/2107 4781/10952/2107 4780/10951/2107
f 4785/10967/2108 4786/10968/2108 4782/10956/2108 4781/10955/2108
f 4786/10969/2109 4783/10970/2109 4779/10960/2109 4782/10959/2109
f 4787/10971/2106 4788/10972/2106 4784/10964/2106 4783/10963/2106
f 4788/3007/2110 4789/3006/2110 4785/10966/2110 4784/10965/2110
f 4789/3014/2108 4790/3013/2108 4786/10968/2108 4785/10967/2108
f 4790/2991/2109 4787/2990/2109 4783/10970/2109 4786/10969/2109
f 4795/10973/2111 4796/10974/2111 6537/10975/2111 6538/10976/2111
f 4796/10977/2112 4797/10978/2112 6536/10979/2112 6537/10980/2112
f 4797/10981/2113 4798/10982/2113 6532/10983/2113 6536/10984/2113
f 4798/10985/2114 4795/10986/2114 6538/10987/2114 6532/10988/2114
f 4799/10989/2115 4800/10990/2115 4796/10974/2115 4795/10973/2115
f 4800/10991/2112 4801/10992/2112 4797/10978/2112 4796/10977/2112
f 4801/10993/2113 4802/10994/2113 4798/10982/2113 4797/10981/2113
f 4802/10995/2116 4799/10996/2116 4795/10986/2116 4798/10985/2116
f 4803/10997/2115 4804/10998/2115 4800/10990/2115 4799/10989/2115
f 4804/10999/2112 4805/11000/2112 4801/10992/2112 4800/10991/2112
f 4805/11001/2113 4806/11002/2113 4802/10994/2113 4801/10993/2113
f 4806/11003/2117 4803/11004/2117 4799/10996/2117 4802/10995/2117
f 4807/3311/2115 4808/3310/2115 4804/10998/2115 4803/10997/2115
f 4808/3217/2112 4809/1941/2112 4805/11000/2112 4804/10999/2112
f 4809/3373/2113 4810/3372/2113 4806/11002/2113 4805/11001/2113
f 4810/3178/2116 4807/3177/2116 4803/11004/2116 4806/11003/2116
f 4815/11005/2118 4816/11006/2118 4812/1940/2118 4811/1939/2118
f 4816/11007/2119 4817/11008/2119 4813/3371/2119 4812/3370/2119
f 4817/11009/2120 4818/11010/2120 4814/11011/2120 4813/11012/2120
f 4818/11013/2121 4815/11014/2121 4811/1896/2121 4814/1895/2121
f 4819/11015/2118 4820/11016/2118 4816/11006/2118 4815/11005/2118
f 4820/11017/2119 4821/11018/2119 4817/11008/2119 4816/11007/2119
f 4821/11019/2122 4822/11020/2122 4818/11010/2122 4817/11009/2122
f 4822/11021/2123 4819/11022/2123 4815/11014/2123 4818/11013/2123
f 4823/11023/2118 4824/11024/2118 4820/11016/2118 4819/11015/2118
f 4824/11025/2119 4825/11026/2119 4821/11018/2119 4820/11017/2119
f 4825/11027/2124 4826/11028/2124 4822/11020/2124 4821/11019/2124
f 4826/11029/2123 4823/11030/2123 4819/11022/2123 4822/11021/2123
f 4827/11031/2118 4828/11032/2118 4824/11024/2118 4823/11023/2118
f 4828/11033/2119 4829/11034/2119 4825/11026/2119 4824/11025/2119
f 4829/11035/2124 4830/11036/2124 4826/11028/2124 4825/11027/2124
f 4830/11037/2123 4827/11038/2123 4823/11030/2123 4826/11029/2123
f 4831/11039/2118 4832/11040/2118 4828/11032/2118 4827/11031/2118
f 4832/11041/2119 4833/11042/2119 4829/11034/2119 4828/11033/2119
f 4833/11043/2124 4834/11044/2124 4830/11036/2124 4829/11035/2124
f 4834/11045/2123 4831/11046/2123 4827/11038/2123 4830/11037/2123
f 4835/11047/2118 4836/11048/2118 4832/11040/2118 4831/11039/2118
f 4836/11049/2119 4837/11050/2119 4833/11042/2119 4832/11041/2119
f 4837/11051/2124 4838/11052/2124 4834/11044/2124 4833/11043/2124
f 4838/11053/2123 4835/11054/2123 4831/11046/2123 4834/11045/2123
f 4839/11055/2118 4840/11056/2118 4836/11048/2118 4835/11047/2118
f 4840/11057/2125 4841/11058/2125 4837/11050/2125 4836/11049/2125
f 4841/11059/2124 4842/11060/2124 4838/11052/2124 4837/11051/2124
f 4842/11061/2126 4839/11062/2126 4835/11054/2126 4838/11053/2126
f 4843/11063/2118 4844/11064/2118 4840/11056/2118 4839/11055/2118
f 4844/11065/2119 4845/11066/2119 4841/11058/2119 4840/11057/2119
f 4845/11067/2124 4846/11068/2124 4842/11060/2124 4841/11059/2124
f 4846/11069/2126 4843/11070/2126 4839/11062/2126 4842/11061/2126
f 4847/11071/2118 4848/11072/2118 4844/11064/2118 4843/11063/2118
f 4848/11073/2125 4849/11074/2125 4845/11066/2125 4844/11065/2125
f 4849/11075/2124 4850/11076/2124 4846/11068/2124 4845/11067/2124
f 4850/11077/2123 4847/11078/2123 4843/11070/2123 4846/11069/2123
f 4851/11079/2118 4852/11080/2118 4848/11072/2118 4847/11071/2118
f 4852/11081/2119 4853/11082/2119 4849/11074/2119 4848/11073/2119
f 4853/11083/2124 4854/11084/2124 4850/11076/2124 4849/11075/2124
f 4854/11085/2123 4851/11086/2123 4847/11078/2123 4850/11077/2123
f 4855/11087/2118 4856/11088/2118 4852/11080/2118 4851/11079/2118
f 4856/11089/2119 4857/11090/2119 4853/11082/2119 4852/11081/2119
f 4857/11091/2124 4858/11092/2124 4854/11084/2124 4853/11083/2124
f 4858/11093/2126 4855/11094/2126 4851/11086/2126 4854/11085/2126
f 4859/11095/2118 4860/11096/2118 4856/11088/2118 4855/11087/2118
f 4860/11097/2119 4861/11098/2119 4857/11090/2119 4856/11089/2119
f 4861/11099/2124 4862/11100/2124 4858/11092/2124 4857/11091/2124
f 4862/11101/2123 4859/11102/2123 4855/11094/2123 4858/11093/2123
f 4863/11103/2118 4864/11104/2118 4860/11096/2118 4859/11095/2118
f 4864/11105/2119 4865/11106/2119 4861/11098/2119 4860/11097/2119
f 4865/11107/2124 4866/11108/2124 4862/11100/2124 4861/11099/2124
f 4866/11109/2123 4863/11110/2123 4859/11102/2123 4862/11101/2123
f 417/11111/2118 418/11112/2118 4864/11104/2118 4863/11103/2118
f 418/11113/2119 419/11114/2119 4865/11106/2119 4864/11105/2119
f 419/11115/2124 420/11116/2124 4866/11108/2124 4865/11107/2124
f 420/11117/2123 417/11118/2123 4863/11110/2123 4866/11109/2123
f 4870/11119/2127 4871/11120/2127 4868/11121/2127 4867/11122/2127
f 4871/11123/2128 4872/11124/2128 4814/1895/2128 4868/1897/2128
f 4872/11125/2129 4873/11126/2129 4869/1893/2129 4814/1892/2129
f 4873/11127/2130 4870/11128/2130 4867/11129/2130 4869/11130/2130
f 4874/11131/2127 4875/11132/2127 4871/11120/2127 4870/11119/2127
f 4875/11133/2131 4876/11134/2131 4872/11124/2131 4871/11123/2131
f 4876/11135/2132 4877/11136/2132 4873/11126/2132 4872/11125/2132
f 4877/11137/2130 4874/11138/2130 4870/11128/2130 4873/11127/2130
f 4878/11139/2127 4879/11140/2127 4875/11132/2127 4874/11131/2127
f 4879/11141/2133 4880/11142/2133 4876/11134/2133 4875/11133/2133
f 4880/11143/2132 4881/11144/2132 4877/11136/2132 4876/11135/2132
f 4881/11145/2130 4878/11146/2130 4874/11138/2130 4877/11137/2130
f 4882/11147/2127 4883/11148/2127 4879/11140/2127 4878/11139/2127
f 4883/11149/2131 4884/11150/2131 4880/11142/2131 4879/11141/2131
f 4884/11151/2134 4885/11152/2134 4881/11144/2134 4880/11143/2134
f 4885/11153/2130 4882/11154/2130 4878/11146/2130 4881/11145/2130
f 4886/11155/2127 4887/11156/2127 4883/11148/2127 4882/11147/2127
f 4887/11157/2131 4888/11158/2131 4884/11150/2131 4883/11149/2131
f 4888/11159/2135 4889/11160/2135 4885/11152/2135 4884/11151/2135
f 4889/11161/2130 4886/11162/2130 4882/11154/2130 4885/11153/2130
f 4890/11163/2127 4891/11164/2127 4887/11156/2127 4886/11155/2127
f 4891/11165/2133 4892/11166/2133 4888/11158/2133 4887/11157/2133
f 4892/11167/2132 4893/11168/2132 4889/11160/2132 4888/11159/2132
f 4893/11169/2130 4890/11170/2130 4886/11162/2130 4889/11161/2130
f 421/11171/2127 422/11172/2127 4891/11164/2127 4890/11163/2127
f 422/11173/2133 423/11174/2133 4892/11166/2133 4891/11165/2133
f 423/1910/2135 424/1909/2135 4893/11168/2135 4892/11167/2135
f 424/11175/2130 421/11176/2130 4890/11170/2130 4893/11169/2130
f 4897/11177/2136 4898/11178/2136 4895/3166/2136 4894/3165/2136
f 4898/11179/2137 4899/11180/2137 4896/3460/2137 4895/3463/2137
f 4899/11181/2138 4900/11182/2138 4791/11183/2138 4896/11184/2138
f 4900/11185/2139 4897/11186/2139 4894/11187/2139 4791/11188/2139
f 4901/11189/2140 4902/11190/2140 4898/11178/2140 4897/11177/2140
f 4902/11191/2141 4903/11192/2141 4899/11180/2141 4898/11179/2141
f 4903/11193/2142 4904/11194/2142 4900/11182/2142 4899/11181/2142
f 4904/11195/2143 4901/11196/2143 4897/11197/2143 4900/11198/2143
f 4905/11199/2136 4906/11200/2136 4902/11190/2136 4901/11189/2136
f 4906/11201/2137 4907/11202/2137 4903/11192/2137 4902/11191/2137
f 4907/11203/2144 4908/11204/2144 4904/11194/2144 4903/11193/2144
f 4908/11205/2143 4905/11206/2143 4901/11196/2143 4904/11195/2143
f 425/11207/2145 426/11208/2145 4906/11200/2145 4905/11199/2145
f 426/11209/2137 427/11210/2137 4907/11202/2137 4906/11201/2137
f 427/11211/2142 428/11212/2142 4908/11204/2142 4907/11203/2142
f 428/1905/2143 425/1908/2143 4905/11206/2143 4908/11205/2143
f 4913/11213/2146 4914/11214/2146 4910/1819/2146 4909/1818/2146
f 4914/11215/2147 4915/11216/2147 4911/11217/2147 4910/11218/2147
f 4915/11219/2148 4916/11220/2148 4912/2930/2148 4911/2929/2148
f 4916/11221/2149 4913/11222/2149 4909/2892/2149 4912/2891/2149
f 4917/11223/2146 4918/11224/2146 4914/11214/2146 4913/11213/2146
f 4918/11225/2147 4919/11226/2147 4915/11216/2147 4914/11215/2147
f 4919/11227/2148 4920/11228/2148 4916/11220/2148 4915/11219/2148
f 4920/11229/2149 4917/11230/2149 4913/11222/2149 4916/11221/2149
f 4921/11231/2146 4922/11232/2146 4918/11224/2146 4917/11223/2146
f 4922/11233/2147 4923/11234/2147 4919/11226/2147 4918/11225/2147
f 4923/11235/2148 4924/11236/2148 4920/11228/2148 4919/11227/2148
f 4924/11237/2149 4921/11238/2149 4917/11230/2149 4920/11229/2149
f 4925/11239/2146 4926/11240/2146 4922/11232/2146 4921/11231/2146
f 4926/11241/2147 4927/11242/2147 4923/11234/2147 4922/11233/2147
f 4927/11243/2148 4928/11244/2148 4924/11236/2148 4923/11235/2148
f 4928/11245/2149 4925/11246/2149 4921/11238/2149 4924/11237/2149
f 4929/3033/2146 4930/3032/2146 4926/11240/2146 4925/11239/2146
f 4930/3092/2147 4931/3091/2147 4927/11242/2147 4926/11241/2147
f 4931/11247/2148 4932/11248/2148 4928/11244/2148 4927/11243/2148
f 4932/3106/2149 4929/3105/2149 4925/11246/2149 4928/11245/2149
f 4937/11249/2150 4938/11250/2150 4934/3409/2150 4933/3090/2150
f 4938/11251/2151 4939/11252/2151 4935/3478/2151 4934/3481/2151
f 4939/11253/2152 4940/11254/2152 4936/11255/2152 4935/11256/2152
f 4940/11257/2153 4937/11258/2153 4933/1783/2153 4936/1782/2153
f 4941/11259/2150 4942/11260/2150 4938/11250/2150 4937/11249/2150
f 4942/11261/2151 4943/11262/2151 4939/11252/2151 4938/11251/2151
f 4943/11263/2154 4944/11264/2154 4940/11254/2154 4939/11253/2154
f 4944/11265/2155 4941/11266/2155 4937/11258/2155 4940/11257/2155
f 4945/11267/2150 4946/11268/2150 4942/11260/2150 4941/11259/2150
f 4946/11269/2151 4947/11270/2151 4943/11262/2151 4942/11261/2151
f 4947/11271/2152 4948/11272/2152 4944/11264/2152 4943/11263/2152
f 4948/11273/2155 4945/11274/2155 4941/11266/2155 4944/11265/2155
f 4949/11275/2156 4950/11276/2156 4946/11268/2156 4945/11267/2156
f 4950/11277/2151 4951/11278/2151 4947/11270/2151 4946/11269/2151
f 4951/11279/2154 4952/11280/2154 4948/11272/2154 4947/11271/2154
f 4952/11281/2153 4949/11282/2153 4945/11274/2153 4948/11273/2153
f 4953/11283/2156 4954/11284/2156 4950/11276/2156 4949/11275/2156
f 4954/11285/2151 4955/11286/2151 4951/11278/2151 4950/11277/2151
f 4955/11287/2152 4956/11288/2152 4952/11280/2152 4951/11279/2152
f 4956/11289/2155 4953/11290/2155 4949/11282/2155 4952/11281/2155
f 4957/11291/2150 4958/11292/2150 4954/11284/2150 4953/11283/2150
f 4958/11293/2157 4959/11294/2157 4955/11286/2157 4954/11285/2157
f 4959/11295/2154 4960/11296/2154 4956/11288/2154 4955/11287/2154
f 4960/11297/2153 4957/11298/2153 4953/11290/2153 4956/11289/2153
f 429/11299/2150 430/11300/2150 4958/11292/2150 4957/11291/2150
f 430/11301/2151 431/11302/2151 4959/11294/2151 4958/11293/2151
f 431/11303/2154 432/11304/2154 4960/11296/2154 4959/11295/2154
f 432/11305/2155 429/11306/2155 4957/11298/2155 4960/11297/2155
f 4965/11307/2158 4966/11308/2158 4962/11309/2158 4961/11310/2158
f 4966/11311/2159 4967/11312/2159 4963/2954/2159 4962/2953/2159
f 4967/11313/2160 4968/11314/2160 4964/11315/2160 4963/11316/2160
f 4968/11317/2161 4965/11318/2161 4961/11319/2161 4964/11320/2161
f 4969/11321/2162 4970/11322/2162 4966/11308/2162 4965/11307/2162
f 4970/11323/2163 4971/11324/2163 4967/11312/2163 4966/11311/2163
f 4971/11325/2160 4972/11326/2160 4968/11314/2160 4967/11313/2160
f 4972/11327/2161 4969/11328/2161 4965/11318/2161 4968/11317/2161
f 4973/11329/2164 4974/11330/2164 4970/11322/2164 4969/11321/2164
f 4974/11331/2163 4975/11332/2163 4971/11324/2163 4970/11323/2163
f 4975/11333/2160 4976/11334/2160 4972/11326/2160 4971/11325/2160
f 4976/11335/2161 4973/11336/2161 4969/11328/2161 4972/11327/2161
f 4977/11337/2165 4978/11338/2165 4974/11330/2165 4973/11329/2165
f 4978/11339/2163 4979/11340/2163 4975/11332/2163 4974/11331/2163
f 4979/11341/2160 4980/11342/2160 4976/11334/2160 4975/11333/2160
f 4980/11343/2161 4977/11344/2161 4973/11336/2161 4976/11335/2161
f 433/11345/2164 434/11346/2164 4978/11338/2164 4977/11337/2164
f 434/11347/2163 435/11348/2163 4979/11340/2163 4978/11339/2163
f 435/11349/2160 436/11350/2160 4980/11342/2160 4979/11341/2160
f 436/11351/2161 433/11352/2161 4977/11344/2161 4980/11343/2161
f 4981/11353/2166 4982/11354/2166 438/11355/2166 437/11356/2166
f 4982/11357/2167 4983/11358/2167 439/11359/2167 438/11360/2167
f 4983/11361/2168 4984/11362/2168 440/11363/2168 439/11364/2168
f 4984/11365/2169 4981/11366/2169 437/11367/2169 440/11368/2169
f 4985/11369/2170 4986/11370/2170 4982/11354/2170 4981/11353/2170
f 4986/11371/2171 4987/11372/2171 4983/11358/2171 4982/11357/2171
f 4987/11373/2172 4988/11374/2172 4984/11362/2172 4983/11361/2172
f 4988/11375/2173 4985/11376/2173 4981/11366/2173 4984/11365/2173
f 4989/11377/2170 4990/11378/2170 4986/11370/2170 4985/11369/2170
f 4990/11379/2171 4991/11380/2171 4987/11372/2171 4986/11371/2171
f 4991/11381/2172 4992/11382/2172 4988/11374/2172 4987/11373/2172
f 4992/11383/2173 4989/11384/2173 4985/11376/2173 4988/11375/2173
f 4993/11385/2170 4994/11386/2170 4990/11378/2170 4989/11377/2170
f 4994/11387/2171 4995/11388/2171 4991/11380/2171 4990/11379/2171
f 4995/11389/2172 4996/11390/2172 4992/11382/2172 4991/11381/2172
f 4996/11391/2173 4993/11392/2173 4989/11384/2173 4992/11383/2173
f 4997/3491/2170 4998/3490/2170 4994/11386/2170 4993/11385/2170
f 4998/3540/2171 4999/3539/2171 4995/11388/2171 4994/11387/2171
f 4999/3496/2172 5000/2011/2172 4996/11390/2172 4995/11389/2172
f 5000/3574/2173 4997/3573/2173 4993/11392/2173 4996/11391/2173
f 5004/11393/2174 5005/11394/2174 6541/11395/2174 6542/11396/2174
f 5005/11397/2175 5006/11398/2175 6540/11399/2175 6541/11400/2175
f 5006/11401/2176 5007/11402/2176 6539/11403/2176 6540/11404/2176
f 5007/11405/2177 5004/11406/2177 6542/11407/2177 6539/11408/2177
f 5008/11409/2178 5009/11410/2178 5005/11394/2178 5004/11393/2178
f 5009/11411/2179 5010/11412/2179 5006/11398/2179 5005/11397/2179
f 5010/11413/2176 5011/11414/2176 5007/11402/2176 5006/11401/2176
f 5011/11415/2177 5008/11416/2177 5004/11406/2177 5007/11405/2177
f 437/11356/2180 438/11355/2180 5009/11410/2180 5008/11409/2180
f 438/11360/2181 439/11359/2181 5010/11412/2181 5009/11411/2181
f 439/11417/2182 440/11418/2182 5011/11414/2182 5010/11413/2182
f 440/11368/2183 437/11367/2183 5008/11416/2183 5011/11415/2183
f 5016/11419/2184 5017/11420/2184 6545/11421/2184 6546/11422/2184
f 5017/11423/2185 5018/11424/2185 6544/11425/2185 6545/11426/2185
f 5018/11427/2186 5019/11428/2186 6543/11429/2186 6544/11430/2186
f 5019/11431/2187 5016/11432/2187 6546/11433/2187 6543/11434/2187
f 5020/11435/2184 5021/11436/2184 5017/11420/2184 5016/11419/2184
f 5021/11437/2185 5022/11438/2185 5018/11424/2185 5017/11423/2185
f 5022/11439/2188 5023/11440/2188 5019/11428/2188 5018/11427/2188
f 5023/11441/2187 5020/11442/2187 5016/11432/2187 5019/11431/2187
f 5024/11443/2189 5025/11444/2189 5021/11436/2189 5020/11435/2189
f 5025/11445/2185 5026/11446/2185 5022/11438/2185 5021/11437/2185
f 5026/11447/2188 5027/11448/2188 5023/11440/2188 5022/11439/2188
f 5027/11449/2187 5024/11450/2187 5020/11442/2187 5023/11441/2187
f 5028/11451/2184 5029/11452/2184 5025/11444/2184 5024/11443/2184
f 5029/11453/2185 5030/11454/2185 5026/11446/2185 5025/11445/2185
f 5030/11455/2186 5031/11456/2186 5027/11448/2186 5026/11447/2186
f 5031/11457/2187 5028/11458/2187 5024/11450/2187 5027/11449/2187
f 5032/11459/2184 5033/11460/2184 5029/11452/2184 5028/11451/2184
f 5033/11461/2185 5034/11462/2185 5030/11454/2185 5029/11453/2185
f 5034/11463/2190 5035/11464/2190 5031/11456/2190 5030/11455/2190
f 5035/11465/2187 5032/11466/2187 5028/11458/2187 5031/11457/2187
f 5036/11467/2184 5037/11468/2184 5033/11460/2184 5032/11459/2184
f 5037/11469/2185 5038/11470/2185 5034/11462/2185 5033/11461/2185
f 5038/11471/2186 5039/11472/2186 5035/11464/2186 5034/11463/2186
f 5039/11473/2191 5036/11474/2191 5032/11466/2191 5035/11465/2191
f 5040/11475/2184 5041/11476/2184 5037/11468/2184 5036/11467/2184
f 5041/11477/2185 5042/11478/2185 5038/11470/2185 5037/11469/2185
f 5042/11479/2188 5043/11480/2188 5039/11472/2188 5038/11471/2188
f 5043/11481/2187 5040/11482/2187 5036/11474/2187 5039/11473/2187
f 5044/11483/2189 5045/11484/2189 5041/11476/2189 5040/11475/2189
f 5045/11485/2185 5046/11486/2185 5042/11478/2185 5041/11477/2185
f 5046/11487/2188 5047/11488/2188 5043/11480/2188 5042/11479/2188
f 5047/11489/2187 5044/11490/2187 5040/11482/2187 5043/11481/2187
f 5048/11491/2184 5049/11492/2184 5045/11484/2184 5044/11483/2184
f 5049/11493/2185 5050/11494/2185 5046/11486/2185 5045/11485/2185
f 5050/11495/2186 5051/11496/2186 5047/11488/2186 5046/11487/2186
f 5051/11497/2187 5048/11498/2187 5044/11490/2187 5047/11489/2187
f 5052/11499/2184 5053/11500/2184 5049/11492/2184 5048/11491/2184
f 5053/11501/2185 5054/11502/2185 5050/11494/2185 5049/11493/2185
f 5054/11503/2188 5055/11504/2188 5051/11496/2188 5050/11495/2188
f 5055/11505/2187 5052/11506/2187 5048/11498/2187 5051/11497/2187
f 5056/11507/2192 5057/11508/2192 5053/11500/2192 5052/11499/2192
f 5057/11509/2185 5058/11510/2185 5054/11502/2185 5053/11501/2185
f 5058/11511/2188 5059/11512/2188 5055/11504/2188 5054/11503/2188
f 5059/11513/2187 5056/11514/2187 5052/11506/2187 5055/11505/2187
f 441/1888/2184 442/1887/2184 5057/11508/2184 5056/11507/2184
f 442/11515/2185 443/11516/2185 5058/11510/2185 5057/11509/2185
f 443/11517/2188 444/11518/2188 5059/11512/2188 5058/11511/2188
f 444/11519/2187 441/11520/2187 5056/11514/2187 5059/11513/2187
f 5064/11521/2193 5065/11522/2193 6549/11523/2193 6550/11524/2193
f 5067/11525/2194 5064/11526/2194 6550/11527/2194 6547/11528/2194
f 5068/11529/2193 5069/11530/2193 5065/11522/2193 5064/11521/2193
f 5069/11531/2195 5070/11532/2195 5066/11533/2195 5065/11534/2195
f 5070/11535/2196 5071/11536/2196 5067/11537/2196 5066/11538/2196
f 5071/11539/2194 5068/11540/2194 5064/11526/2194 5067/11525/2194
f 5072/11541/2193 5073/11542/2193 5069/11530/2193 5068/11529/2193
f 5073/11543/2197 5074/11544/2197 5070/11532/2197 5069/11531/2197
f 5074/11545/2196 5075/11546/2196 5071/11536/2196 5070/11535/2196
f 5075/11547/2194 5072/11548/2194 5068/11540/2194 5071/11539/2194
f 5076/11549/2193 5077/11550/2193 5073/11542/2193 5072/11541/2193
f 5077/11551/2195 5078/11552/2195 5074/11544/2195 5073/11543/2195
f 5078/11553/2196 5079/11554/2196 5075/11546/2196 5074/11545/2196
f 5079/11555/2198 5076/11556/2198 5072/11548/2198 5075/11547/2198
f 5080/11557/2193 5081/11558/2193 5077/11550/2193 5076/11549/2193
f 5081/11559/2197 5082/11560/2197 5078/11552/2197 5077/11551/2197
f 5082/11561/2196 5083/11562/2196 5079/11554/2196 5078/11553/2196
f 5083/11563/2194 5080/11564/2194 5076/11556/2194 5079/11555/2194
f 5084/11565/2193 5085/11566/2193 5081/11558/2193 5080/11557/2193
f 5085/11567/2199 5086/11568/2199 5082/11560/2199 5081/11559/2199
f 5086/11569/2196 5087/11570/2196 5083/11562/2196 5082/11561/2196
f 5087/11571/2198 5084/11572/2198 5080/11564/2198 5083/11563/2198
f 5088/11573/2193 5089/11574/2193 5085/11566/2193 5084/11565/2193
f 5089/11575/2195 5090/11576/2195 5086/11568/2195 5085/11567/2195
f 5090/11577/2196 5091/11578/2196 5087/11570/2196 5086/11569/2196
f 5091/11579/2194 5088/11580/2194 5084/11572/2194 5087/11571/2194
f 5092/11581/2200 5093/11582/2200 5089/11574/2200 5088/11573/2200
f 5093/11583/2197 5094/11584/2197 5090/11576/2197 5089/11575/2197
f 5094/11585/2196 5095/11586/2196 5091/11578/2196 5090/11577/2196
f 5095/11587/2194 5092/11588/2194 5088/11580/2194 5091/11579/2194
f 5096/11589/2193 5097/11590/2193 5093/11582/2193 5092/11581/2193
f 5097/11591/2195 5098/11592/2195 5094/11584/2195 5093/11583/2195
f 5098/11593/2196 5099/11594/2196 5095/11586/2196 5094/11585/2196
f 5099/11595/2194 5096/11596/2194 5092/11588/2194 5095/11587/2194
f 5100/11597/2193 5101/11598/2193 5097/11590/2193 5096/11589/2193
f 5101/11599/2195 5102/11600/2195 5098/11592/2195 5097/11591/2195
f 5102/11601/2196 5103/11602/2196 5099/11594/2196 5098/11593/2196
f 5103/11603/2194 5100/11604/2194 5096/11596/2194 5099/11595/2194
f 5104/11605/2193 5105/11606/2193 5101/11598/2193 5100/11597/2193
f 5105/11607/2195 5106/11608/2195 5102/11600/2195 5101/11599/2195
f 5106/11609/2196 5107/11610/2196 5103/11602/2196 5102/11601/2196
f 5107/11611/2198 5104/11612/2198 5100/11604/2198 5103/11603/2198
f 5108/11613/2193 5109/11614/2193 5105/11606/2193 5104/11605/2193
f 5109/11615/2195 5110/11616/2195 5106/11608/2195 5105/11607/2195
f 5110/11617/2196 5111/11618/2196 5107/11610/2196 5106/11609/2196
f 5111/11619/2194 5108/11620/2194 5104/11612/2194 5107/11611/2194
f 5112/11621/2193 5113/11622/2193 5109/11614/2193 5108/11613/2193
f 5113/11623/2197 5114/11624/2197 5110/11616/2197 5109/11615/2197
f 5114/11625/2201 5115/11626/2201 5111/11618/2201 5110/11617/2201
f 5115/11627/2194 5112/11628/2194 5108/11620/2194 5111/11619/2194
f 445/11629/2193 446/11630/2193 5113/11622/2193 5112/11621/2193
f 446/11631/2195 447/11632/2195 5114/11624/2195 5113/11623/2195
f 447/11633/2196 448/11634/2196 5115/11626/2196 5114/11625/2196
f 448/11635/2194 445/11636/2194 5112/11628/2194 5115/11627/2194
f 5120/2902/2202 5121/2901/2202 6553/11637/2202 6554/11638/2202
f 5121/3037/2203 5122/3036/2203 6552/11639/2203 6553/11640/2203
f 5122/3136/2204 5123/3139/2204 6551/11641/2204 6552/11642/2204
f 5123/1898/2205 5120/2943/2205 6554/11643/2205 6551/11644/2205
f 5128/11645/2206 5129/11646/2206 5125/2904/2206 5124/2903/2206
f 5129/11647/2207 5130/11648/2207 5126/2049/2207 5125/2051/2207
f 5130/11649/2208 5131/11650/2208 5127/2226/2208 5126/2229/2208
f 5131/11651/2209 5128/11652/2209 5124/2944/2209 5127/1900/2209
f 5132/11653/2206 5133/11654/2206 5129/11646/2206 5128/11645/2206
f 5133/11655/2207 5134/11656/2207 5130/11648/2207 5129/11647/2207
f 5134/11657/2208 5135/11658/2208 5131/11650/2208 5130/11649/2208
f 5135/11659/2209 5132/11660/2209 5128/11652/2209 5131/11651/2209
f 5136/11661/2206 5137/11662/2206 5133/11654/2206 5132/11653/2206
f 5137/11663/2207 5138/11664/2207 5134/11656/2207 5133/11655/2207
f 5138/11665/2210 5139/11666/2210 5135/11658/2210 5134/11657/2210
f 5139/11667/2209 5136/11668/2209 5132/11660/2209 5135/11659/2209
f 5140/11669/2206 5141/11670/2206 5137/11662/2206 5136/11661/2206
f 5141/11671/2207 5142/11672/2207 5138/11664/2207 5137/11663/2207
f 5142/11673/2208 5143/11674/2208 5139/11666/2208 5138/11665/2208
f 5143/11675/2209 5140/11676/2209 5136/11668/2209 5139/11667/2209
f 5144/11677/2206 5145/11678/2206 5141/11670/2206 5140/11669/2206
f 5145/11679/2207 5146/11680/2207 5142/11672/2207 5141/11671/2207
f 5146/11681/2208 5147/11682/2208 5143/11674/2208 5142/11673/2208
f 5147/11683/2209 5144/11684/2209 5140/11676/2209 5143/11675/2209
f 5148/11685/2206 5149/11686/2206 5145/11678/2206 5144/11677/2206
f 5149/11687/2207 5150/11688/2207 5146/11680/2207 5145/11679/2207
f 5150/11689/2208 5151/11690/2208 5147/11682/2208 5146/11681/2208
f 5151/11691/2209 5148/11692/2209 5144/11684/2209 5147/11683/2209
f 5152/11693/2206 5153/11694/2206 5149/11686/2206 5148/11685/2206
f 5153/11695/2207 5154/11696/2207 5150/11688/2207 5149/11687/2207
f 5154/11697/2210 5155/11698/2210 5151/11690/2210 5150/11689/2210
f 5155/11699/2209 5152/11700/2209 5148/11692/2209 5151/11691/2209
f 5156/11701/2206 5157/11702/2206 5153/11694/2206 5152/11693/2206
f 5157/11703/2207 5158/11704/2207 5154/11696/2207 5153/11695/2207
f 5158/11705/2208 5159/11706/2208 5155/11698/2208 5154/11697/2208
f 5159/11707/2211 5156/11708/2211 5152/11700/2211 5155/11699/2211
f 449/11709/2206 450/11710/2206 5157/11702/2206 5156/11701/2206
f 450/11711/2207 451/11712/2207 5158/11704/2207 5157/11703/2207
f 451/11713/2208 452/11714/2208 5159/11706/2208 5158/11705/2208
f 452/1878/2211 449/1881/2211 5156/11708/2211 5159/11707/2211
f 5160/11715/2212 5161/11716/2212 458/11717/2212 457/11718/2212
f 5161/11719/2213 5162/11720/2213 459/11721/2213 458/11722/2213
f 5162/11723/2214 5163/11724/2214 460/11725/2214 459/11726/2214
f 5163/11727/2215 5160/11728/2215 457/11729/2215 460/11730/2215
f 5164/11731/2216 5165/11732/2216 5161/11716/2216 5160/11715/2216
f 5165/11733/2217 5166/11734/2217 5162/11720/2217 5161/11719/2217
f 5166/11735/2218 5167/11736/2218 5163/11724/2218 5162/11723/2218
f 5167/11737/2219 5164/11738/2219 5160/11728/2219 5163/11727/2219
f 5168/11739/2220 5169/11740/2220 5165/11732/2220 5164/11731/2220
f 5169/11741/2217 5170/11742/2217 5166/11734/2217 5165/11733/2217
f 5170/11743/2218 5171/11744/2218 5167/11736/2218 5166/11735/2218
f 5171/11745/2221 5168/11746/2221 5164/11738/2221 5167/11737/2221
f 5172/11747/2216 5173/11748/2216 5169/11740/2216 5168/11739/2216
f 5173/11749/2217 5174/11750/2217 5170/11742/2217 5169/11741/2217
f 5174/11751/2218 5175/11752/2218 5171/11744/2218 5170/11743/2218
f 5175/11753/2219 5172/11754/2219 5168/11746/2219 5171/11745/2219
f 5176/11755/2222 5177/11756/2222 5173/11748/2222 5172/11747/2222
f 5177/11757/2223 5178/11758/2223 5174/11750/2223 5173/11749/2223
f 5178/11759/2218 5179/11760/2218 5175/11752/2218 5174/11751/2218
f 5179/11761/2221 5176/11762/2221 5172/11754/2221 5175/11753/2221
f 5180/11763/2220 5181/11764/2220 5177/11756/2220 5176/11755/2220
f 5181/11765/2224 5182/11766/2224 5178/11758/2224 5177/11757/2224
f 5182/11767/2218 5183/11768/2218 5179/11760/2218 5178/11759/2218
f 5183/11769/2221 5180/11770/2221 5176/11762/2221 5179/11761/2221
f 5184/11771/2216 5185/11772/2216 5181/11764/2216 5180/11763/2216
f 5185/11773/2224 5186/11774/2224 5182/11766/2224 5181/11765/2224
f 5186/11775/2218 5187/11776/2218 5183/11768/2218 5182/11767/2218
f 5187/11777/2221 5184/11778/2221 5180/11770/2221 5183/11769/2221
f 5188/11779/2225 5189/11780/2225 5185/11772/2225 5184/11771/2225
f 5189/11781/2217 5190/11782/2217 5186/11774/2217 5185/11773/2217
f 5190/11783/2218 5191/11784/2218 5187/11776/2218 5186/11775/2218
f 5191/11785/2221 5188/11786/2221 5184/11778/2221 5187/11777/2221
f 5192/11787/2225 5193/11788/2225 5189/11780/2225 5188/11779/2225
f 5193/11789/2223 5194/11790/2223 5190/11782/2223 5189/11781/2223
f 5194/11791/2218 5195/11792/2218 5191/11784/2218 5190/11783/2218
f 5195/11793/2221 5192/11794/2221 5188/11786/2221 5191/11785/2221
f 5196/11795/2222 5197/11796/2222 5193/11788/2222 5192/11787/2222
f 5197/11797/2217 5198/11798/2217 5194/11790/2217 5193/11789/2217
f 5198/11799/2218 5199/11800/2218 5195/11792/2218 5194/11791/2218
f 5199/11801/2221 5196/11802/2221 5192/11794/2221 5195/11793/2221
f 453/11803/2216 454/11804/2216 5197/11796/2216 5196/11795/2216
f 454/11805/2217 455/11806/2217 5198/11798/2217 5197/11797/2217
f 455/11807/2218 456/11808/2218 5199/11800/2218 5198/11799/2218
f 456/11809/2221 453/11810/2221 5196/11802/2221 5199/11801/2221
f 5204/11811/2226 5205/11812/2226 6558/11813/2226 5200/11814/2226
f 5205/11815/2227 5206/11816/2227 6557/11817/2227 6558/11818/2227
f 5206/11819/2228 5207/11820/2228 6556/11821/2228 6557/11822/2228
f 5207/11823/2229 5204/11824/2229 5200/11825/2229 6556/11826/2229
f 5208/11827/2226 5209/11828/2226 5205/11812/2226 5204/11811/2226
f 5209/11829/2227 5210/11830/2227 5206/11816/2227 5205/11815/2227
f 5210/11831/2228 5211/11832/2228 5207/11820/2228 5206/11819/2228
f 5211/11833/2229 5208/11834/2229 5204/11824/2229 5207/11823/2229
f 5212/11835/2226 5213/11836/2226 5209/11828/2226 5208/11827/2226
f 5213/11837/2227 5214/11838/2227 5210/11830/2227 5209/11829/2227
f 5214/11839/2228 5215/11840/2228 5211/11832/2228 5210/11831/2228
f 5215/11841/2229 5212/11842/2229 5208/11834/2229 5211/11833/2229
f 457/11718/2230 458/11717/2230 5213/11836/2230 5212/11835/2230
f 458/11722/2231 459/11721/2231 5214/11838/2231 5213/11837/2231
f 459/11726/2232 460/11725/2232 5215/11840/2232 5214/11839/2232
f 460/11730/2233 457/11729/2233 5212/11842/2233 5215/11841/2233
f 5220/11843/2234 5221/11844/2234 6560/748/2234 6561/11845/2234
f 5221/11846/2235 5222/11847/2235 5218/11848/2235 6560/11849/2235
f 5222/11850/2236 5223/11851/2236 6559/11852/2236 5218/11853/2236
f 5223/11854/2237 5220/11855/2237 6561/11856/2237 6559/11857/2237
f 5224/3238/2234 5225/3237/2234 5221/11844/2234 5220/11843/2234
f 5225/3118/2238 5226/2037/2238 5222/11847/2238 5221/11846/2238
f 5226/3051/2236 5227/3050/2236 5223/11851/2236 5222/11850/2236
f 5227/3068/2237 5224/2088/2237 5220/11855/2237 5223/11854/2237
f 5231/11858/2239 5232/11859/2239 5228/2239/2239 5119/2241/2239
f 5232/11860/2240 5233/11861/2240 5229/2129/2240 5228/2128/2240
f 5233/11862/2241 5234/11863/2241 5230/3049/2241 5229/3052/2241
f 5234/11864/2242 5231/11865/2242 5119/11866/2242 5230/11867/2242
f 5235/11868/2243 5236/11869/2243 5232/11859/2243 5231/11858/2243
f 5236/11870/2240 5237/11871/2240 5233/11861/2240 5232/11860/2240
f 5237/11872/2241 5238/11873/2241 5234/11863/2241 5233/11862/2241
f 5238/11874/2244 5235/11875/2244 5231/11865/2244 5234/11864/2244
f 5239/11876/2243 5240/11877/2243 5236/11869/2243 5235/11868/2243
f 5240/11878/2240 5241/11879/2240 5237/11871/2240 5236/11870/2240
f 5241/11880/2241 5242/11881/2241 5238/11873/2241 5237/11872/2241
f 5242/11882/2244 5239/11883/2244 5235/11875/2244 5238/11874/2244
f 5243/11884/2243 5244/11885/2243 5240/11877/2243 5239/11876/2243
f 5244/11886/2240 5245/11887/2240 5241/11879/2240 5240/11878/2240
f 5245/11888/2241 5246/11889/2241 5242/11881/2241 5241/11880/2241
f 5246/11890/2244 5243/11891/2244 5239/11883/2244 5242/11882/2244
f 5247/2751/2243 5248/2750/2243 5244/11885/2243 5243/11884/2243
f 5248/2906/2240 5249/2905/2240 5245/11887/2240 5244/11886/2240
f 5249/11892/2241 5250/11893/2241 5246/11889/2241 5245/11888/2241
f 5250/2178/2244 5247/2177/2244 5243/11891/2244 5246/11890/2244
f 5255/11894/2245 5256/11895/2245 5252/2753/2245 5251/2752/2245
f 5256/11896/2246 5257/11897/2246 5253/2153/2246 5252/2152/2246
f 5257/11898/2247 5258/11899/2247 5254/11900/2247 5253/11901/2247
f 5258/11902/2248 5255/11903/2248 5251/2781/2248 5254/2780/2248
f 461/11904/2249 462/11905/2249 5256/11895/2249 5255/11894/2249
f 462/11906/2250 463/11907/2250 5257/11897/2250 5256/11896/2250
f 463/11908/2251 464/11909/2251 5258/11899/2251 5257/11898/2251
f 464/11910/2252 461/11911/2252 5255/11903/2252 5258/11902/2252
f 5259/11912/2253 5260/11913/2253 462/11914/2253 461/11915/2253
f 5260/11916/2254 5261/11917/2254 463/11907/2254 462/11906/2254
f 5261/11918/2255 5262/11919/2255 464/11920/2255 463/11921/2255
f 5262/11922/2256 5259/11923/2256 461/11911/2256 464/11910/2256
f 5263/11924/2257 5264/11925/2257 5260/11913/2257 5259/11912/2257
f 5264/11926/2258 5265/11927/2258 5261/11917/2258 5260/11916/2258
f 5265/11928/2259 5266/11929/2259 5262/11919/2259 5261/11918/2259
f 5266/11930/2260 5263/11931/2260 5259/11923/2260 5262/11922/2260
f 5267/11932/2257 5268/11933/2257 5264/11925/2257 5263/11924/2257
f 5268/2197/2258 5269/3226/2258 5265/11927/2258 5264/11926/2258
f 5269/3231/2259 5270/3230/2259 5266/11929/2259 5265/11928/2259
f 5270/2202/2261 5267/3228/2261 5263/11931/2261 5266/11930/2261
f 5275/11934/2262 5276/11935/2262 5272/11936/2262 5271/11937/2262
f 5276/11938/2263 5277/11939/2263 5273/3225/2263 5272/2196/2263
f 5277/11940/2264 5278/11941/2264 5274/3229/2264 5273/3232/2264
f 5278/11942/2265 5275/11943/2265 5271/2201/2265 5274/2203/2265
f 5279/11944/2266 5280/11945/2266 5276/11935/2266 5275/11934/2266
f 5280/11946/2267 5281/11947/2267 5277/11939/2267 5276/11938/2267
f 5281/11948/2264 5282/11949/2264 5278/11941/2264 5277/11940/2264
f 5282/11950/2268 5279/11951/2268 5275/11943/2268 5278/11942/2268
f 5283/11952/2266 5284/11953/2266 5280/11945/2266 5279/11944/2266
f 5284/11954/2269 5285/11955/2269 5281/11947/2269 5280/11946/2269
f 5285/11956/2264 5286/11957/2264 5282/11949/2264 5281/11948/2264
f 5286/11958/2268 5283/11959/2268 5279/11951/2268 5282/11950/2268
f 5287/11960/2266 5288/11961/2266 5284/11953/2266 5283/11952/2266
f 5288/11962/2267 5289/11963/2267 5285/11955/2267 5284/11954/2267
f 5289/11964/2270 5290/11965/2270 5286/11957/2270 5285/11956/2270
f 5290/11966/2268 5287/11967/2268 5283/11959/2268 5286/11958/2268
f 5291/11968/2266 5292/11969/2266 5288/11961/2266 5287/11960/2266
f 5292/11970/2267 5293/11971/2267 5289/11963/2267 5288/11962/2267
f 5293/11972/2264 5294/11973/2264 5290/11965/2264 5289/11964/2264
f 5294/11974/2271 5291/11975/2271 5287/11967/2271 5290/11966/2271
f 5295/11976/2266 5296/11977/2266 5292/11969/2266 5291/11968/2266
f 5296/11978/2267 5297/11979/2267 5293/11971/2267 5292/11970/2267
f 5297/11980/2270 5298/11981/2270 5294/11973/2270 5293/11972/2270
f 5298/11982/2268 5295/11983/2268 5291/11975/2268 5294/11974/2268
f 5299/11984/2266 5300/11985/2266 5296/11977/2266 5295/11976/2266
f 5300/11986/2267 5301/11987/2267 5297/11979/2267 5296/11978/2267
f 5301/11988/2264 5302/11989/2264 5298/11981/2264 5297/11980/2264
f 5302/11990/2272 5299/11991/2272 5295/11983/2272 5298/11982/2272
f 465/11992/2266 466/11993/2266 5300/11985/2266 5299/11984/2266
f 466/11994/2267 467/11995/2267 5301/11987/2267 5300/11986/2267
f 467/11996/2264 468/11997/2264 5302/11989/2264 5301/11988/2264
f 468/11998/2268 465/11999/2268 5299/11991/2268 5302/11990/2268
f 5305/12000/2273 5306/12001/2273 5304/3189/2273 5303/3188/2273
f 5306/12002/2274 5307/12003/2274 5272/2196/2274 5304/2195/2274
f 5307/12004/2275 5308/12005/2275 5271/12006/2275 5272/12007/2275
f 5308/12008/2276 5305/12009/2276 5303/3227/2276 5271/2201/2276
f 5309/12010/2273 5310/12011/2273 5306/12001/2273 5305/12000/2273
f 5310/12012/2277 5311/12013/2277 5307/12003/2277 5306/12002/2277
f 5311/12014/2278 5312/12015/2278 5308/12005/2278 5307/12004/2278
f 5312/12016/2279 5309/12017/2279 5305/12009/2279 5308/12008/2279
f 5313/12018/2273 5314/12019/2273 5310/12011/2273 5309/12010/2273
f 5314/12020/2277 5315/12021/2277 5311/12013/2277 5310/12012/2277
f 5315/12022/2278 5316/12023/2278 5312/12015/2278 5311/12014/2278
f 5316/12024/2279 5313/12025/2279 5309/12017/2279 5312/12016/2279
f 5317/12026/2273 5318/12027/2273 5314/12019/2273 5313/12018/2273
f 5318/12028/2277 5319/12029/2277 5315/12021/2277 5314/12020/2277
f 5319/12030/2278 5320/12031/2278 5316/12023/2278 5315/12022/2278
f 5320/12032/2279 5317/12033/2279 5313/12025/2279 5316/12024/2279
f 5321/12034/2273 5322/12035/2273 5318/12027/2273 5317/12026/2273
f 5322/12036/2277 5323/12037/2277 5319/12029/2277 5318/12028/2277
f 5323/12038/2278 5324/12039/2278 5320/12031/2278 5319/12030/2278
f 5324/12040/2279 5321/12041/2279 5317/12033/2279 5320/12032/2279
f 5325/12042/2273 5326/12043/2273 5322/12035/2273 5321/12034/2273
f 5326/12044/2277 5327/12045/2277 5323/12037/2277 5322/12036/2277
f 5327/12046/2278 5328/12047/2278 5324/12039/2278 5323/12038/2278
f 5328/12048/2279 5325/12049/2279 5321/12041/2279 5324/12040/2279
f 5329/12050/2273 5330/12051/2273 5326/12043/2273 5325/12042/2273
f 5330/12052/2277 5331/12053/2277 5327/12045/2277 5326/12044/2277
f 5331/12054/2280 5332/12055/2280 5328/12047/2280 5327/12046/2280
f 5332/12056/2279 5329/12057/2279 5325/12049/2279 5328/12048/2279
f 5333/12058/2273 5334/12059/2273 5330/12051/2273 5329/12050/2273
f 5334/12060/2281 5335/12061/2281 5331/12053/2281 5330/12052/2281
f 5335/12062/2278 5336/12063/2278 5332/12055/2278 5331/12054/2278
f 5336/12064/2279 5333/12065/2279 5329/12057/2279 5332/12056/2279
f 5337/12066/2273 5338/12067/2273 5334/12059/2273 5333/12058/2273
f 5338/12068/2277 5339/12069/2277 5335/12061/2277 5334/12060/2277
f 5339/12070/2280 5340/12071/2280 5336/12063/2280 5335/12062/2280
f 5340/12072/2279 5337/12073/2279 5333/12065/2279 5336/12064/2279
f 5341/12074/2273 5342/12075/2273 5338/12067/2273 5337/12066/2273
f 5342/12076/2277 5343/12077/2277 5339/12069/2277 5338/12068/2277
f 5343/12078/2278 5344/12079/2278 5340/12071/2278 5339/12070/2278
f 5344/12080/2279 5341/12081/2279 5337/12073/2279 5340/12072/2279
f 5345/12082/2273 5346/12083/2273 5342/12075/2273 5341/12074/2273
f 5346/12084/2277 5347/12085/2277 5343/12077/2277 5342/12076/2277
f 5347/12086/2278 5348/12087/2278 5344/12079/2278 5343/12078/2278
f 5348/12088/2279 5345/12089/2279 5341/12081/2279 5344/12080/2279
f 5349/12090/2273 5350/12091/2273 5346/12083/2273 5345/12082/2273
f 5350/12092/2277 5351/12093/2277 5347/12085/2277 5346/12084/2277
f 5351/12094/2280 5352/12095/2280 5348/12087/2280 5347/12086/2280
f 5352/12096/2279 5349/12097/2279 5345/12089/2279 5348/12088/2279
f 5353/12098/2273 5354/12099/2273 5350/12091/2273 5349/12090/2273
f 5354/12100/2277 5355/12101/2277 5351/12093/2277 5350/12092/2277
f 5355/12102/2282 5356/12103/2282 5352/12095/2282 5351/12094/2282
f 5356/12104/2279 5353/12105/2279 5349/12097/2279 5352/12096/2279
f 469/12106/2273 470/12107/2273 5354/12099/2273 5353/12098/2273
f 470/12108/2281 471/12109/2281 5355/12101/2281 5354/12100/2281
f 471/12110/2280 472/12111/2280 5356/12103/2280 5355/12102/2280
f 472/12112/2279 469/12113/2279 5353/12105/2279 5356/12104/2279
f 5361/12114/2283 5362/12115/2283 5358/12116/2283 5357/12117/2283
f 5362/12118/2284 5363/12119/2284 5359/2236/2284 5358/2238/2284
f 5363/12120/2285 5364/12121/2285 5360/12122/2285 5359/12123/2285
f 5364/12124/2286 5361/12125/2286 5357/2247/2286 5360/2246/2286
f 5365/3295/2287 5366/3298/2287 5362/12115/2287 5361/12114/2287
f 5366/3277/2288 5367/2220/2288 5363/12119/2288 5362/12118/2288
f 5367/3328/2289 5368/3327/2289 5364/12126/2289 5363/12127/2289
f 5368/2232/2290 5365/3280/2290 5361/12125/2290 5364/12124/2290
f 5371/12128/2291 5372/12129/2291 6563/12130/2291 6564/12131/2291
f 5372/2764/2292 5373/2918/2292 6562/12132/2292 6563/12133/2292
f 5373/2878/2293 5374/2877/2293 6555/12134/2293 6562/12135/2293
f 5374/2248/2294 5371/2942/2294 6564/12136/2294 6555/12137/2294
f 5377/12138/2295 5378/12139/2295 5376/2917/2295 5375/2237/2295
f 5378/12140/2296 5379/12141/2296 5360/2876/2296 5376/2879/2296
f 5379/12142/2297 5380/12143/2297 5359/12123/2297 5360/12122/2297
f 5380/12144/2298 5377/12145/2298 5375/12146/2298 5359/12147/2298
f 5381/12148/2295 5382/12149/2295 5378/12139/2295 5377/12138/2295
f 5382/12150/2299 5383/12151/2299 5379/12141/2299 5378/12140/2299
f 5383/12152/2300 5384/12153/2300 5380/12154/2300 5379/12155/2300
f 5384/12156/2301 5381/12157/2301 5377/12145/2301 5380/12144/2301
f 5385/12158/2295 5386/12159/2295 5382/12149/2295 5381/12148/2295
f 5386/12160/2299 5387/12161/2299 5383/12151/2299 5382/12150/2299
f 5387/12162/2300 5388/12163/2300 5384/12153/2300 5383/12152/2300
f 5388/12164/2301 5385/12165/2301 5381/12157/2301 5384/12156/2301
f 473/12166/2295 474/12167/2295 5386/12159/2295 5385/12158/2295
f 474/12168/2302 475/12169/2302 5387/12161/2302 5386/12160/2302
f 475/12170/2303 476/12171/2303 5388/12163/2303 5387/12162/2303
f 476/12172/2301 473/12173/2301 5385/12165/2301 5388/12164/2301
f 5393/12174/2304 5394/12175/2304 5390/12176/2304 5389/12177/2304
f 5394/12178/2305 5395/12179/2305 5391/2219/2305 5390/2221/2305
f 5395/12180/2306 5396/12181/2306 5392/3326/2306 5391/3329/2306
f 5396/12182/2307 5393/12183/2307 5389/2231/2307 5392/2230/2307
f 5397/12184/2308 5398/12185/2308 5394/12175/2308 5393/12174/2308
f 5398/12186/2309 5399/12187/2309 5395/12179/2309 5394/12178/2309
f 5399/12188/2306 5400/12189/2306 5396/12181/2306 5395/12180/2306
f 5400/12190/2310 5397/12191/2310 5393/12183/2310 5396/12182/2310
f 5401/12192/2308 5402/12193/2308 5398/12185/2308 5397/12184/2308
f 5402/12194/2309 5403/12195/2309 5399/12187/2309 5398/12186/2309
f 5403/12196/2306 5404/12197/2306 5400/12189/2306 5399/12188/2306
f 5404/12198/2310 5401/12199/2310 5397/12191/2310 5400/12190/2310
f 5405/12200/2308 5406/12201/2308 5402/12193/2308 5401/12192/2308
f 5406/12202/2309 5407/12203/2309 5403/12195/2309 5402/12194/2309
f 5407/12204/2306 5408/12205/2306 5404/12197/2306 5403/12196/2306
f 5408/12206/2310 5405/12207/2310 5401/12199/2310 5404/12198/2310
f 5409/12208/2308 5410/12209/2308 5406/12201/2308 5405/12200/2308
f 5410/12210/2309 5411/12211/2309 5407/12203/2309 5406/12202/2309
f 5411/12212/2306 5412/12213/2306 5408/12205/2306 5407/12204/2306
f 5412/12214/2311 5409/12215/2311 5405/12207/2311 5408/12206/2311
f 477/12216/2308 478/12217/2308 5410/12209/2308 5409/12208/2308
f 478/12218/2309 479/12219/2309 5411/12211/2309 5410/12210/2309
f 479/12220/2306 480/12221/2306 5412/12213/2306 5411/12212/2306
f 480/12222/2310 477/12223/2310 5409/12215/2310 5412/12214/2310
f 5415/12224/2312 5416/12225/2312 5414/12226/2312 5413/12227/2312
f 5416/12228/2313 5417/12229/2313 5390/2221/2313 5414/3278/2313
f 5417/12230/2314 5418/12231/2314 5389/12232/2314 5390/12233/2314
f 5418/12234/2315 5415/12235/2315 5413/3279/2315 5389/2231/2315
f 5419/12236/2312 5420/12237/2312 5416/12225/2312 5415/12224/2312
f 5420/12238/2316 5421/12239/2316 5417/12229/2316 5416/12228/2316
f 5421/12240/2317 5422/12241/2317 5418/12231/2317 5417/12230/2317
f 5422/12242/2318 5419/12243/2318 5415/12235/2318 5418/12234/2318
f 5423/12244/2312 5424/12245/2312 5420/12237/2312 5419/12236/2312
f 5424/12246/2319 5425/12247/2319 5421/12239/2319 5420/12238/2319
f 5425/12248/2317 5426/12249/2317 5422/12241/2317 5421/12240/2317
f 5426/12250/2318 5423/12251/2318 5419/12243/2318 5422/12242/2318
f 5427/12252/2312 5428/12253/2312 5424/12245/2312 5423/12244/2312
f 5428/12254/2319 5429/12255/2319 5425/12247/2319 5424/12246/2319
f 5429/12256/2317 5430/12257/2317 5426/12249/2317 5425/12248/2317
f 5430/12258/2318 5427/12259/2318 5423/12251/2318 5426/12250/2318
f 481/12260/2312 482/12261/2312 5428/12253/2312 5427/12252/2312
f 482/12262/2319 483/12263/2319 5429/12255/2319 5428/12254/2319
f 483/12264/2317 484/12265/2317 5430/12257/2317 5429/12256/2317
f 484/12266/2318 481/12267/2318 5427/12259/2318 5430/12258/2318
f 5431/12268/2320 5432/12269/2320 382/10455/2320 381/10454/2320
f 5432/12270/2321 5433/12271/2321 383/10457/2321 382/10456/2321
f 5433/12272/2322 5434/12273/2322 384/10459/2322 383/10458/2322
f 5434/12274/2323 5431/12275/2323 381/10461/2323 384/10460/2323
f 5435/12276/2324 5436/12277/2324 5432/12269/2324 5431/12268/2324
f 5436/12278/2325 5437/12279/2325 5433/12271/2325 5432/12270/2325
f 5437/12280/2326 5438/12281/2326 5434/12273/2326 5433/12272/2326
f 5438/12282/2327 5435/12283/2327 5431/12275/2327 5434/12274/2327
f 5439/2681/2324 5440/2680/2324 5436/12277/2324 5435/12276/2324
f 5440/2213/2325 5441/2215/2325 5437/12279/2325 5436/12278/2325
f 5441/2737/2326 5442/2736/2326 5438/12281/2326 5437/12280/2326
f 5442/2805/2327 5439/2804/2327 5435/12283/2327 5438/12282/2327
f 5447/12284/2328 5448/12285/2328 5444/2679/2328 5443/2678/2328
f 5448/12286/2329 5449/12287/2329 5445/2619/2329 5444/2214/2329
f 5449/12288/2330 5450/12289/2330 5446/2275/2330 5445/2277/2330
f 5450/12290/2331 5447/12291/2331 5443/2838/2331 5446/2198/2331
f 5451/12292/2328 5452/12293/2328 5448/12285/2328 5447/12284/2328
f 5452/12294/2329 5453/12295/2329 5449/12287/2329 5448/12286/2329
f 5453/12296/2330 5454/12297/2330 5450/12289/2330 5449/12288/2330
f 5454/12298/2331 5451/12299/2331 5447/12291/2331 5450/12290/2331
f 5455/12300/2328 5456/12301/2328 5452/12293/2328 5451/12292/2328
f 5456/12302/2329 5457/12303/2329 5453/12295/2329 5452/12294/2329
f 5457/12304/2330 5458/12305/2330 5454/12297/2330 5453/12296/2330
f 5458/12306/2331 5455/12307/2331 5451/12299/2331 5454/12298/2331
f 5459/12308/2328 5460/12309/2328 5456/12301/2328 5455/12300/2328
f 5460/12310/2329 5461/12311/2329 5457/12303/2329 5456/12302/2329
f 5461/12312/2330 5462/12313/2330 5458/12305/2330 5457/12304/2330
f 5462/12314/2331 5459/12315/2331 5455/12307/2331 5458/12306/2331
f 5463/12316/2328 5464/12317/2328 5460/12309/2328 5459/12308/2328
f 5464/12318/2329 5465/12319/2329 5461/12311/2329 5460/12310/2329
f 5465/12320/2330 5466/12321/2330 5462/12313/2330 5461/12312/2330
f 5466/12322/2331 5463/12323/2331 5459/12315/2331 5462/12314/2331
f 5467/12324/2328 5468/12325/2328 5464/12317/2328 5463/12316/2328
f 5468/12326/2329 5469/12327/2329 5465/12319/2329 5464/12318/2329
f 5469/12328/2330 5470/12329/2330 5466/12321/2330 5465/12320/2330
f 5470/12330/2331 5467/12331/2331 5463/12323/2331 5466/12322/2331
f 485/1853/2328 486/1852/2328 5468/12325/2328 5467/12324/2328
f 486/12332/2329 487/12333/2329 5469/12327/2329 5468/12326/2329
f 487/12334/2330 488/12335/2330 5470/12329/2330 5469/12328/2330
f 488/12336/2331 485/12337/2331 5467/12331/2331 5470/12330/2331
f 5475/12338/2332 5476/12339/2332 5472/12340/2332 6568/12341/2332
f 5476/12342/2333 5477/12343/2333 6567/12344/2333 5472/12345/2333
f 5477/12346/2334 5478/12347/2334 6566/12348/2334 6567/12349/2334
f 5478/12350/2335 5475/12351/2335 6568/12352/2335 6566/12353/2335
f 5479/2871/2332 5480/2870/2332 5476/12339/2332 5475/12338/2332
f 5480/12354/2333 5481/12355/2333 5477/12343/2333 5476/12342/2333
f 5481/2960/2334 5482/2959/2334 5478/12347/2334 5477/12346/2334
f 5482/2677/2335 5479/2676/2335 5475/12351/2335 5478/12350/2335
f 5487/12356/2336 5488/12357/2336 5484/12358/2336 5483/12359/2336
f 5488/12360/2337 5489/12361/2337 5485/2218/2337 5484/2217/2337
f 5489/12362/2338 5490/12363/2338 5486/12364/2338 5485/12365/2338
f 5490/12366/2339 5487/12367/2339 5483/2295/2339 5486/2297/2339
f 5491/12368/2340 5492/12369/2340 5488/12357/2340 5487/12356/2340
f 5492/12370/2341 5493/12371/2341 5489/12361/2341 5488/12360/2341
f 5493/12372/2338 5494/12373/2338 5490/12363/2338 5489/12362/2338
f 5494/12374/2342 5491/12375/2342 5487/12367/2342 5490/12366/2342
f 489/12376/2343 490/12377/2343 5492/12369/2343 5491/12368/2343
f 490/12378/2344 491/12379/2344 5493/12371/2344 5492/12370/2344
f 491/12380/2345 492/12381/2345 5494/12373/2345 5493/12372/2345
f 492/12382/2346 489/12383/2346 5491/12375/2346 5494/12374/2346
f 5495/12384/2347 5496/12385/2347 498/12386/2347 497/12387/2347
f 5496/12388/2348 5497/12389/2348 499/12390/2348 498/12391/2348
f 5497/12392/2349 5498/12393/2349 500/12394/2349 499/12395/2349
f 5498/12396/2350 5495/12397/2350 497/12398/2350 500/12399/2350
f 5499/12400/2351 5500/12401/2351 5496/12385/2351 5495/12384/2351
f 5500/12402/2352 5501/12403/2352 5497/12389/2352 5496/12388/2352
f 5501/12404/2353 5502/12405/2353 5498/12393/2353 5497/12392/2353
f 5502/12406/2354 5499/12407/2354 5495/12397/2354 5498/12396/2354
f 5503/12408/2351 5504/12409/2351 5500/12401/2351 5499/12400/2351
f 5504/12410/2352 5505/12411/2352 5501/12403/2352 5500/12402/2352
f 5505/12412/2353 5506/12413/2353 5502/12405/2353 5501/12404/2353
f 5506/12414/2354 5503/12415/2354 5499/12407/2354 5502/12406/2354
f 493/12416/2355 494/12417/2355 5504/12409/2355 5503/12408/2355
f 494/12418/2356 495/12419/2356 5505/12411/2356 5504/12410/2356
f 495/12420/2357 496/12421/2357 5506/12413/2357 5505/12412/2357
f 496/12422/2358 493/12423/2358 5503/12415/2358 5506/12414/2358
f 5507/12424/2359 5508/12425/2359 490/12426/2359 489/12427/2359
f 5508/12428/2360 5509/12429/2360 491/12379/2360 490/12378/2360
f 5509/12430/2361 5510/12431/2361 492/12432/2361 491/12433/2361
f 5510/12434/2362 5507/12435/2362 489/12383/2362 492/12382/2362
f 5511/12436/2363 5512/12437/2363 5508/12425/2363 5507/12424/2363
f 5512/12438/2364 5513/12439/2364 5509/12429/2364 5508/12428/2364
f 5513/12440/2365 5514/12441/2365 5510/12431/2365 5509/12430/2365
f 5514/12442/2366 5511/12443/2366 5507/12435/2366 5510/12434/2366
f 5515/12444/2363 5516/12445/2363 5512/12437/2363 5511/12436/2363
f 5516/12446/2364 5517/12447/2364 5513/12439/2364 5512/12438/2364
f 5517/12448/2365 5518/12449/2365 5514/12441/2365 5513/12440/2365
f 5518/12450/2366 5515/12451/2366 5511/12443/2366 5514/12442/2366
f 497/12387/2367 498/12386/2367 5516/12445/2367 5515/12444/2367
f 498/12452/2368 499/12453/2368 5517/12447/2368 5516/12446/2368
f 499/12395/2369 500/12394/2369 5518/12449/2369 5517/12448/2369
f 500/12454/2370 497/12455/2370 5515/12451/2370 5518/12450/2370
f 5519/12456/2371 5520/12457/2371 494/12417/2371 493/12416/2371
f 5520/12458/2372 5521/12459/2372 495/12460/2372 494/12461/2372
f 5521/12462/2373 5522/12463/2373 496/12421/2373 495/12420/2373
f 5522/12464/2374 5519/12465/2374 493/12466/2374 496/12467/2374
f 5523/12468/2375 5524/12469/2375 5520/12470/2375 5519/12471/2375
f 5524/12472/2376 5525/12473/2376 5521/12459/2376 5520/12458/2376
f 5525/12474/2377 5526/12475/2377 5522/12463/2377 5521/12462/2377
f 5526/12476/2378 5523/12477/2378 5519/12465/2378 5522/12464/2378
f 5527/12478/2375 5528/12479/2375 5524/12469/2375 5523/12468/2375
f 5528/12480/2376 5529/12481/2376 5525/12473/2376 5524/12472/2376
f 5529/12482/2377 5530/12483/2377 5526/12475/2377 5525/12474/2377
f 5530/12484/2378 5527/12485/2378 5523/12477/2378 5526/12476/2378
f 501/12486/2379 502/12487/2379 5528/12479/2379 5527/12478/2379
f 502/12488/2380 503/12489/2380 5529/12481/2380 5528/12480/2380
f 503/12490/2381 504/12491/2381 5530/12483/2381 5529/12482/2381
f 504/12492/2382 501/12493/2382 5527/12485/2382 5530/12484/2382
f 5531/3045/2383 5532/3048/2383 502/12487/2383 501/12486/2383
f 5532/3028/2384 5533/3156/2384 503/12489/2384 502/12488/2384
f 5533/3207/2385 5534/3206/2385 504/12494/2385 503/12495/2385
f 5534/2318/2386 5531/2320/2386 501/12493/2386 504/12492/2386
f 5539/12496/2387 5540/12497/2387 5536/3205/2387 5535/3208/2387
f 5540/12498/2388 5541/12499/2388 5537/2305/2388 5536/2304/2388
f 5541/12500/2389 5542/12501/2389 5538/12502/2389 5537/12503/2389
f 5542/12504/2390 5539/12505/2390 5535/3155/2390 5538/3027/2390
f 5543/12506/2387 5544/12507/2387 5540/12497/2387 5539/12496/2387
f 5544/12508/2388 5545/12509/2388 5541/12499/2388 5540/12498/2388
f 5545/12510/2389 5546/12511/2389 5542/12501/2389 5541/12500/2389
f 5546/12512/2390 5543/12513/2390 5539/12505/2390 5542/12504/2390
f 5547/12514/2387 5548/12515/2387 5544/12507/2387 5543/12506/2387
f 5548/12516/2391 5549/12517/2391 5545/12509/2391 5544/12508/2391
f 5549/12518/2389 5550/12519/2389 5546/12511/2389 5545/12510/2389
f 5550/12520/2390 5547/12521/2390 5543/12513/2390 5546/12512/2390
f 5551/12522/2387 5552/12523/2387 5548/12515/2387 5547/12514/2387
f 5552/12524/2392 5553/12525/2392 5549/12517/2392 5548/12516/2392
f 5553/12526/2389 5554/12527/2389 5550/12519/2389 5549/12518/2389
f 5554/12528/2390 5551/12529/2390 5547/12521/2390 5550/12520/2390
f 5555/12530/2387 5556/12531/2387 5552/12523/2387 5551/12522/2387
f 5556/12532/2391 5557/12533/2391 5553/12525/2391 5552/12524/2391
f 5557/12534/2389 5558/12535/2389 5554/12527/2389 5553/12526/2389
f 5558/12536/2390 5555/12537/2390 5551/12529/2390 5554/12528/2390
f 5559/12538/2387 5560/12539/2387 5556/12531/2387 5555/12530/2387
f 5560/12540/2388 5561/12541/2388 5557/12533/2388 5556/12532/2388
f 5561/12542/2389 5562/12543/2389 5558/12535/2389 5557/12534/2389
f 5562/12544/2393 5559/12545/2393 5555/12537/2393 5558/12536/2393
f 505/12546/2387 506/12547/2387 5560/12539/2387 5559/12538/2387
f 506/12548/2388 507/12549/2388 5561/12541/2388 5560/12540/2388
f 507/12550/2389 508/12551/2389 5562/12543/2389 5561/12542/2389
f 508/12552/2390 505/12553/2390 5559/12545/2390 5562/12544/2390
f 5567/12554/2394 5568/12555/2394 5564/12556/2394 5563/12557/2394
f 5568/12558/2395 5569/12559/2395 5565/3026/2395 5564/3029/2395
f 5569/12560/2396 5570/12561/2396 5566/3473/2396 5565/3472/2396
f 5570/12562/2397 5567/12563/2397 5563/2319/2397 5566/2306/2397
f 5571/12564/2394 5572/12565/2394 5568/12555/2394 5567/12554/2394
f 5572/12566/2395 5573/12567/2395 5569/12559/2395 5568/12558/2395
f 5573/12568/2396 5574/12569/2396 5570/12561/2396 5569/12560/2396
f 5574/12570/2398 5571/12571/2398 5567/12563/2398 5570/12562/2398
f 5575/12572/2394 5576/12573/2394 5572/12565/2394 5571/12564/2394
f 5576/12574/2395 5577/12575/2395 5573/12567/2395 5572/12566/2395
f 5577/12576/2396 5578/12577/2396 5574/12569/2396 5573/12568/2396
f 5578/12578/2397 5575/12579/2397 5571/12571/2397 5574/12570/2397
f 5579/12580/2394 5580/12581/2394 5576/12573/2394 5575/12572/2394
f 5580/12582/2395 5581/12583/2395 5577/12575/2395 5576/12574/2395
f 5581/12584/2396 5582/12585/2396 5578/12577/2396 5577/12576/2396
f 5582/12586/2397 5579/12587/2397 5575/12579/2397 5578/12578/2397
f 5583/12588/2394 5584/12589/2394 5580/12581/2394 5579/12580/2394
f 5584/12590/2395 5585/12591/2395 5581/12583/2395 5580/12582/2395
f 5585/12592/2396 5586/12593/2396 5582/12585/2396 5581/12584/2396
f 5586/12594/2397 5583/12595/2397 5579/12587/2397 5582/12586/2397
f 5587/12596/2394 5588/12597/2394 5584/12589/2394 5583/12588/2394
f 5588/12598/2399 5589/12599/2399 5585/12591/2399 5584/12590/2399
f 5589/12600/2396 5590/12601/2396 5586/12593/2396 5585/12592/2396
f 5590/12602/2398 5587/12603/2398 5583/12595/2398 5586/12594/2398
f 5591/12604/2394 5592/12605/2394 5588/12597/2394 5587/12596/2394
f 5592/12606/2395 5593/12607/2395 5589/12599/2395 5588/12598/2395
f 5593/12608/2396 5594/12609/2396 5590/12601/2396 5589/12600/2396
f 5594/12610/2397 5591/12611/2397 5587/12603/2397 5590/12602/2397
f 5595/12612/2394 5596/12613/2394 5592/12605/2394 5591/12604/2394
f 5596/12614/2395 5597/12615/2395 5593/12607/2395 5592/12606/2395
f 5597/12616/2396 5598/12617/2396 5594/12609/2396 5593/12608/2396
f 5598/12618/2398 5595/12619/2398 5591/12611/2398 5594/12610/2398
f 5599/12620/2394 5600/12621/2394 5596/12613/2394 5595/12612/2394
f 5600/12622/2395 5601/12623/2395 5597/12615/2395 5596/12614/2395
f 5601/12624/2400 5602/12625/2400 5598/12617/2400 5597/12616/2400
f 5602/12626/2398 5599/12627/2398 5595/12619/2398 5598/12618/2398
f 509/12628/2394 510/12629/2394 5600/12621/2394 5599/12620/2394
f 510/12630/2399 511/12631/2399 5601/12623/2399 5600/12622/2399
f 511/12632/2396 512/12633/2396 5602/12625/2396 5601/12624/2396
f 512/12634/2397 509/12635/2397 5599/12627/2397 5602/12626/2397
f 5605/12636/2401 5606/12637/2401 5604/2869/2401 5603/2868/2401
f 5606/12638/2402 5607/12639/2402 5484/2217/2402 5604/2912/2402
f 5607/12640/2403 5608/12641/2403 5483/12642/2403 5484/12643/2403
f 5608/12644/2404 5605/12645/2404 5603/2296/2404 5483/2295/2404
f 513/12646/2405 514/12647/2405 5606/12637/2405 5605/12636/2405
f 514/12648/2406 515/12649/2406 5607/12639/2406 5606/12638/2406
f 515/12650/2407 516/12651/2407 5608/12641/2407 5607/12640/2407
f 516/12652/2408 513/12653/2408 5605/12645/2408 5608/12644/2408
f 5613/12654/2409 5614/12655/2409 6570/12656/2409 6571/12657/2409
f 5614/12658/2410 5615/12659/2410 6569/12660/2410 6570/12661/2410
f 5615/12662/2411 5616/12663/2411 6565/12664/2411 6569/12665/2411
f 5616/12666/2412 5613/12667/2412 6571/12668/2412 6565/12669/2412
f 5617/12670/2413 5618/12671/2413 5614/12655/2413 5613/12654/2413
f 5618/12672/2410 5619/12673/2410 5615/12659/2410 5614/12658/2410
f 5619/12674/2411 5620/12675/2411 5616/12663/2411 5615/12662/2411
f 5620/12676/2414 5617/12677/2414 5613/12667/2414 5616/12666/2414
f 517/12678/2415 518/12679/2415 5618/12671/2415 5617/12670/2415
f 518/12680/2416 519/12681/2416 5619/12673/2416 5618/12672/2416
f 519/12682/2417 520/12683/2417 5620/12675/2417 5619/12674/2417
f 520/12684/2418 517/12685/2418 5617/12677/2418 5620/12676/2418
f 5621/12686/2419 5622/12687/2419 518/12679/2419 517/12678/2419
f 5622/12688/2420 5623/12689/2420 519/12681/2420 518/12680/2420
f 5623/12690/2421 5624/12691/2421 520/12683/2421 519/12682/2421
f 5624/12692/2422 5621/12693/2422 517/12694/2422 520/12695/2422
f 5625/12696/2423 5626/12697/2423 5622/12687/2423 5621/12686/2423
f 5626/12698/2424 5627/12699/2424 5623/12689/2424 5622/12688/2424
f 5627/12700/2425 5628/12701/2425 5624/12691/2425 5623/12690/2425
f 5628/12702/2426 5625/12703/2426 5621/12693/2426 5624/12692/2426
f 5629/12704/2423 5630/12705/2423 5626/12697/2423 5625/12696/2423
f 5630/12706/2427 5631/12707/2427 5627/12699/2427 5626/12698/2427
f 5631/12708/2425 5632/12709/2425 5628/12701/2425 5627/12700/2425
f 5632/12710/2426 5629/12711/2426 5625/12703/2426 5628/12702/2426
f 5633/12712/2423 5634/12713/2423 5630/12705/2423 5629/12704/2423
f 5634/12714/2424 5635/12715/2424 5631/12707/2424 5630/12706/2424
f 5635/12716/2425 5636/12717/2425 5632/12709/2425 5631/12708/2425
f 5636/12718/2426 5633/12719/2426 5629/12711/2426 5632/12710/2426
f 5637/12720/2423 5638/12721/2423 5634/12713/2423 5633/12712/2423
f 5638/12722/2427 5639/12723/2427 5635/12715/2427 5634/12714/2427
f 5639/12724/2425 5640/12725/2425 5636/12717/2425 5635/12716/2425
f 5640/12726/2426 5637/12727/2426 5633/12719/2426 5636/12718/2426
f 521/12728/2423 522/12729/2423 5638/12721/2423 5637/12720/2423
f 522/12730/2427 523/12731/2427 5639/12723/2427 5638/12722/2427
f 523/12732/2425 524/12733/2425 5640/12725/2425 5639/12724/2425
f 524/12734/2426 521/12735/2426 5637/12727/2426 5640/12726/2426
f 5641/2824/2428 5642/2827/2428 514/12647/2428 513/12646/2428
f 5642/2889/2429 5643/2888/2429 515/12649/2429 514/12648/2429
f 5643/2821/2430 5644/2820/2430 516/12651/2430 515/12650/2430
f 5644/2699/2431 5641/2700/2431 513/12653/2431 516/12652/2431
f 5648/12736/2432 5649/12737/2432 5646/2826/2432 5645/2825/2432
f 5649/12738/2433 5650/12739/2433 5647/2341/2433 5646/3267/2433
f 5650/12740/2434 5651/12741/2434 5609/2189/2434 5647/2191/2434
f 5651/12742/2435 5648/12743/2435 5645/2357/2435 5609/2356/2435
f 5652/12744/2432 5653/12745/2432 5649/12737/2432 5648/12736/2432
f 5653/12746/2436 5654/12747/2436 5650/12739/2436 5649/12738/2436
f 5654/12748/2437 5655/12749/2437 5651/12741/2437 5650/12740/2437
f 5655/12750/2438 5652/12751/2438 5648/12743/2438 5651/12742/2438
f 5656/12752/2432 5657/12753/2432 5653/12745/2432 5652/12744/2432
f 5657/12754/2433 5658/12755/2433 5654/12747/2433 5653/12746/2433
f 5658/12756/2437 5659/12757/2437 5655/12749/2437 5654/12748/2437
f 5659/12758/2438 5656/12759/2438 5652/12751/2438 5655/12750/2438
f 5660/12760/2432 5661/12761/2432 5657/12753/2432 5656/12752/2432
f 5661/12762/2436 5662/12763/2436 5658/12755/2436 5657/12754/2436
f 5662/12764/2437 5663/12765/2437 5659/12757/2437 5658/12756/2437
f 5663/12766/2438 5660/12767/2438 5656/12759/2438 5659/12758/2438
f 5664/12768/2432 5665/12769/2432 5661/12761/2432 5660/12760/2432
f 5665/12770/2433 5666/12771/2433 5662/12763/2433 5661/12762/2433
f 5666/12772/2439 5667/12773/2439 5663/12765/2439 5662/12764/2439
f 5667/12774/2438 5664/12775/2438 5660/12767/2438 5663/12766/2438
f 525/12776/2432 526/12777/2432 5665/12769/2432 5664/12768/2432
f 526/12778/2436 527/12779/2436 5666/12771/2436 5665/12770/2436
f 527/12780/2437 528/12781/2437 5667/12773/2437 5666/12772/2437
f 528/12782/2438 525/12783/2438 5664/12775/2438 5667/12774/2438
f 5671/12784/2440 5672/12785/2440 5669/12786/2440 5668/12787/2440
f 5672/12788/2441 5673/12789/2441 636/1664/2441 5669/2525/2441
f 5673/12790/2442 5674/12791/2442 5670/76/2442 636/75/2442
f 5674/12792/2443 5671/12793/2443 5668/67/2443 5670/69/2443
f 529/12794/2444 530/12795/2444 5672/12785/2444 5671/12784/2444
f 530/12796/2445 531/12797/2445 5673/12789/2445 5672/12788/2445
f 531/12798/2446 532/12799/2446 5674/12791/2446 5673/12790/2446
f 532/12800/2447 529/12801/2447 5671/12793/2447 5674/12792/2447
f 5675/12802/2448 5676/12803/2448 530/12795/2448 529/12794/2448
f 5676/12804/2449 5677/12805/2449 531/12797/2449 530/12796/2449
f 5677/12806/2450 5678/12807/2450 532/12799/2450 531/12798/2450
f 5678/12808/2451 5675/12809/2451 529/12801/2451 532/12800/2451
f 5679/12810/2452 5680/12811/2452 5676/12803/2452 5675/12802/2452
f 5680/12812/2453 5681/12813/2453 5677/12805/2453 5676/12804/2453
f 5681/12814/2454 5682/12815/2454 5678/12807/2454 5677/12806/2454
f 5682/12816/2455 5679/12817/2455 5675/12809/2455 5678/12808/2455
f 5683/2786/2452 5684/2785/2452 5680/12811/2452 5679/12810/2452
f 5684/2814/2453 5685/2687/2453 5681/12813/2453 5680/12812/2453
f 5685/2761/2454 5686/2760/2454 5682/12815/2454 5681/12814/2454
f 5686/2370/2455 5683/2372/2455 5679/12817/2455 5682/12816/2455
f 5691/12818/2456 5692/12819/2456 5688/2702/2456 5687/2701/2456
f 5692/12820/2457 5693/12821/2457 5689/2686/2457 5688/2364/2457
f 5693/12822/2458 5694/12823/2458 5690/12824/2458 5689/12825/2458
f 5694/12826/2459 5691/12827/2459 5687/2646/2459 5690/2371/2459
f 5695/12828/2456 5696/12829/2456 5692/12819/2456 5691/12818/2456
f 5696/12830/2457 5697/12831/2457 5693/12821/2457 5692/12820/2457
f 5697/12832/2458 5698/12833/2458 5694/12823/2458 5693/12822/2458
f 5698/12834/2459 5695/12835/2459 5691/12827/2459 5694/12826/2459
f 533/12836/2460 534/12837/2460 5696/12829/2460 5695/12828/2460
f 534/12838/2461 535/12839/2461 5697/12831/2461 5696/12830/2461
f 535/12840/2462 536/12841/2462 5698/12833/2462 5697/12832/2462
f 536/12842/2463 533/12843/2463 5695/12835/2463 5698/12834/2463
f 5699/12844/2464 5700/12845/2464 534/12846/2464 533/12847/2464
f 5700/12848/2465 5701/12849/2465 535/12839/2465 534/12838/2465
f 5701/12850/2466 5702/12851/2466 536/12852/2466 535/12853/2466
f 5702/12854/2467 5699/12855/2467 533/12843/2467 536/12842/2467
f 5703/12856/2468 5704/12857/2468 5700/12845/2468 5699/12844/2468
f 5704/12858/2469 5705/12859/2469 5701/12849/2469 5700/12848/2469
f 5705/12860/2470 5706/12861/2470 5702/12851/2470 5701/12850/2470
f 5706/12862/2471 5703/12863/2471 5699/12855/2471 5702/12854/2471
f 5707/12864/2468 5708/12865/2468 5704/12857/2468 5703/12856/2468
f 5708/12866/2469 5709/12867/2469 5705/12859/2469 5704/12858/2469
f 5709/12868/2470 5710/12869/2470 5706/12861/2470 5705/12860/2470
f 5710/12870/2471 5707/12871/2471 5703/12863/2471 5706/12862/2471
f 5711/12872/2468 5712/12873/2468 5708/12865/2468 5707/12864/2468
f 5712/12874/2469 5713/12875/2469 5709/12867/2469 5708/12866/2469
f 5713/12876/2472 5714/12877/2472 5710/12869/2472 5709/12868/2472
f 5714/12878/2471 5711/12879/2471 5707/12871/2471 5710/12870/2471
f 5715/12880/2468 5716/12881/2468 5712/12873/2468 5711/12872/2468
f 5716/12882/2469 5717/12883/2469 5713/12875/2469 5712/12874/2469
f 5717/12884/2470 5718/12885/2470 5714/12877/2470 5713/12876/2470
f 5718/12886/2471 5715/12887/2471 5711/12879/2471 5714/12878/2471
f 5719/12888/2468 5720/12889/2468 5716/12881/2468 5715/12880/2468
f 5720/12890/2469 5721/12891/2469 5717/12883/2469 5716/12882/2469
f 5721/12892/2470 5722/12893/2470 5718/12885/2470 5717/12884/2470
f 5722/12894/2471 5719/12895/2471 5715/12887/2471 5718/12886/2471
f 537/12896/2473 538/12897/2473 5720/12889/2473 5719/12888/2473
f 538/12898/2474 539/12899/2474 5721/12891/2474 5720/12890/2474
f 539/12900/2475 540/12901/2475 5722/12893/2475 5721/12892/2475
f 540/12902/2476 537/12903/2476 5719/12895/2476 5722/12894/2476
f 5723/12904/2477 5724/12905/2477 538/12897/2477 537/12896/2477
f 5724/12906/2478 5725/12907/2478 539/12908/2478 538/12909/2478
f 5725/12910/2479 5726/12911/2479 540/12901/2479 539/12900/2479
f 5726/12912/2480 5723/12913/2480 537/12914/2480 540/12915/2480
f 5727/12916/2481 5728/12917/2481 5724/12905/2481 5723/12904/2481
f 5728/12918/2482 5729/12919/2482 5725/12907/2482 5724/12906/2482
f 5729/12920/2483 5730/12921/2483 5726/12911/2483 5725/12910/2483
f 5730/12922/2484 5727/12923/2484 5723/12913/2484 5726/12912/2484
f 5731/12924/2485 5732/12925/2485 5728/12917/2485 5727/12916/2485
f 5732/12926/2482 5733/12927/2482 5729/12919/2482 5728/12918/2482
f 5733/12928/2483 5734/12929/2483 5730/12921/2483 5729/12920/2483
f 5734/12930/2484 5731/12931/2484 5727/12923/2484 5730/12922/2484
f 5735/12932/2481 5736/12933/2481 5732/12925/2481 5731/12924/2481
f 5736/12934/2482 5737/12935/2482 5733/12927/2482 5732/12926/2482
f 5737/12936/2483 5738/12937/2483 5734/12929/2483 5733/12928/2483
f 5738/12938/2484 5735/12939/2484 5731/12931/2484 5734/12930/2484
f 5739/12940/2481 5740/12941/2481 5736/12933/2481 5735/12932/2481
f 5740/12942/2482 5741/12943/2482 5737/12935/2482 5736/12934/2482
f 5741/12944/2483 5742/12945/2483 5738/12937/2483 5737/12936/2483
f 5742/12946/2484 5739/12947/2484 5735/12939/2484 5738/12938/2484
f 5743/12948/2481 5744/12949/2481 5740/12941/2481 5739/12940/2481
f 5744/12950/2482 5745/12951/2482 5741/12943/2482 5740/12942/2482
f 5745/12952/2483 5746/12953/2483 5742/12945/2483 5741/12944/2483
f 5746/12954/2484 5743/12955/2484 5739/12947/2484 5742/12946/2484
f 5747/12956/2481 5748/12957/2481 5744/12949/2481 5743/12948/2481
f 5748/12958/2482 5749/12959/2482 5745/12951/2482 5744/12950/2482
f 5749/12960/2483 5750/12961/2483 5746/12953/2483 5745/12952/2483
f 5750/12962/2484 5747/12963/2484 5743/12955/2484 5746/12954/2484
f 5751/12964/2481 5752/12965/2481 5748/12957/2481 5747/12956/2481
f 5752/12966/2482 5753/12967/2482 5749/12959/2482 5748/12958/2482
f 5753/12968/2483 5754/12969/2483 5750/12961/2483 5749/12960/2483
f 5754/12970/2484 5751/12971/2484 5747/12963/2484 5750/12962/2484
f 5755/12972/2485 5756/12973/2485 5752/12965/2485 5751/12964/2485
f 5756/12974/2482 5757/12975/2482 5753/12967/2482 5752/12966/2482
f 5757/12976/2483 5758/12977/2483 5754/12969/2483 5753/12968/2483
f 5758/12978/2484 5755/12979/2484 5751/12971/2484 5754/12970/2484
f 541/12980/2486 542/12981/2486 5756/12973/2486 5755/12972/2486
f 542/12982/2487 543/12983/2487 5757/12975/2487 5756/12974/2487
f 543/12984/2488 544/12985/2488 5758/12977/2488 5757/12976/2488
f 544/12986/2489 541/12987/2489 5755/12979/2489 5758/12978/2489
f 5763/12988/2490 5764/12989/2490 5760/12990/2490 5759/12991/2490
f 5764/12992/2491 5765/12993/2491 5761/2315/2491 5760/2423/2491
f 5765/12994/2492 5766/12995/2492 5762/3477/2492 5761/3476/2492
f 5766/12996/2493 5763/12997/2493 5759/12998/2493 5762/12999/2493
f 5767/13000/2490 5768/13001/2490 5764/12989/2490 5763/12988/2490
f 5768/13002/2491 5769/13003/2491 5765/12993/2491 5764/12992/2491
f 5769/13004/2494 5770/13005/2494 5766/12995/2494 5765/12994/2494
f 5770/13006/2493 5767/13007/2493 5763/12997/2493 5766/12996/2493
f 5771/13008/2490 5772/13009/2490 5768/13001/2490 5767/13000/2490
f 5772/13010/2491 5773/13011/2491 5769/13003/2491 5768/13002/2491
f 5773/13012/2494 5774/13013/2494 5770/13005/2494 5769/13004/2494
f 5774/13014/2493 5771/13015/2493 5767/13007/2493 5770/13006/2493
f 5775/13016/2490 5776/13017/2490 5772/13009/2490 5771/13008/2490
f 5776/13018/2491 5777/13019/2491 5773/13011/2491 5772/13010/2491
f 5777/13020/2492 5778/13021/2492 5774/13013/2492 5773/13012/2492
f 5778/13022/2493 5775/13023/2493 5771/13015/2493 5774/13014/2493
f 545/13024/2490 546/13025/2490 5776/13017/2490 5775/13016/2490
f 546/13026/2491 547/13027/2491 5777/13019/2491 5776/13018/2491
f 547/13028/2494 548/13029/2494 5778/13021/2494 5777/13020/2494
f 548/13030/2493 545/13031/2493 5775/13023/2493 5778/13022/2493
f 5779/13032/2495 5780/13033/2495 542/13034/2495 541/13035/2495
f 5780/13036/2496 5781/13037/2496 543/13038/2496 542/13039/2496
f 5781/13040/2497 5782/13041/2497 544/13042/2497 543/13043/2497
f 5782/13044/2498 5779/13045/2498 541/13046/2498 544/13047/2498
f 5783/13048/2499 5784/13049/2499 5780/13033/2499 5779/13032/2499
f 5784/13050/2500 5785/13051/2500 5781/13037/2500 5780/13036/2500
f 5785/13052/2501 5786/13053/2501 5782/13041/2501 5781/13040/2501
f 5786/13054/2502 5783/13055/2502 5779/13045/2502 5782/13044/2502
f 5787/13056/2503 5788/13057/2503 5784/13049/2503 5783/13048/2503
f 5788/13058/2500 5789/13059/2500 5785/13051/2500 5784/13050/2500
f 5789/13060/2501 5790/13061/2501 5786/13053/2501 5785/13052/2501
f 5790/13062/2502 5787/13063/2502 5783/13055/2502 5786/13054/2502
f 5791/13064/2499 5792/13065/2499 5788/13057/2499 5787/13056/2499
f 5792/13066/2500 5793/13067/2500 5789/13059/2500 5788/13058/2500
f 5793/13068/2501 5794/13069/2501 5790/13061/2501 5789/13060/2501
f 5794/13070/2502 5791/13071/2502 5787/13063/2502 5790/13062/2502
f 5795/13072/2503 5796/13073/2503 5792/13065/2503 5791/13064/2503
f 5796/13074/2500 5797/13075/2500 5793/13067/2500 5792/13066/2500
f 5797/13076/2501 5798/13077/2501 5794/13069/2501 5793/13068/2501
f 5798/13078/2502 5795/13079/2502 5791/13071/2502 5794/13070/2502
f 5799/13080/2503 5800/13081/2503 5796/13073/2503 5795/13072/2503
f 5800/13082/2500 5801/13083/2500 5797/13075/2500 5796/13074/2500
f 5801/13084/2501 5802/13085/2501 5798/13077/2501 5797/13076/2501
f 5802/13086/2502 5799/13087/2502 5795/13079/2502 5798/13078/2502
f 5803/13088/2503 5804/13089/2503 5800/13081/2503 5799/13080/2503
f 5804/13090/2500 5805/13091/2500 5801/13083/2500 5800/13082/2500
f 5805/13092/2501 5806/13093/2501 5802/13085/2501 5801/13084/2501
f 5806/13094/2502 5803/13095/2502 5799/13087/2502 5802/13086/2502
f 5807/13096/2499 5808/13097/2499 5804/13089/2499 5803/13088/2499
f 5808/2314/2500 5809/2313/2500 5805/13091/2500 5804/13090/2500
f 5809/3475/2501 5810/3474/2501 5806/13093/2501 5805/13092/2501
f 5810/2388/2502 5807/2387/2502 5803/13095/2502 5806/13094/2502
f 5815/13098/2504 5816/13099/2504 5812/3458/2504 5811/3457/2504
f 5816/13100/2505 5817/13101/2505 5813/2422/2505 5812/2421/2505
f 5817/13102/2506 5818/13103/2506 5814/2406/2506 5813/3631/2506
f 5818/13104/2507 5815/13105/2507 5811/2386/2507 5814/3377/2507
f 5819/13106/2508 5820/13107/2508 5816/13099/2508 5815/13098/2508
f 5820/13108/2509 5821/13109/2509 5817/13101/2509 5816/13100/2509
f 5821/13110/2506 5822/13111/2506 5818/13103/2506 5817/13102/2506
f 5822/13112/2507 5819/13113/2507 5815/13105/2507 5818/13104/2507
f 5823/13114/2508 5824/13115/2508 5820/13107/2508 5819/13106/2508
f 5824/13116/2509 5825/13117/2509 5821/13109/2509 5820/13108/2509
f 5825/13118/2510 5826/13119/2510 5822/13111/2510 5821/13110/2510
f 5826/13120/2507 5823/13121/2507 5819/13113/2507 5822/13112/2507
f 5827/13122/2511 5828/13123/2511 5824/13115/2511 5823/13114/2511
f 5828/13124/2505 5829/13125/2505 5825/13117/2505 5824/13116/2505
f 5829/13126/2510 5830/13127/2510 5826/13119/2510 5825/13118/2510
f 5830/13128/2507 5827/13129/2507 5823/13121/2507 5826/13120/2507
f 5831/13130/2504 5832/13131/2504 5828/13123/2504 5827/13122/2504
f 5832/13132/2509 5833/13133/2509 5829/13125/2509 5828/13124/2509
f 5833/13134/2510 5834/13135/2510 5830/13127/2510 5829/13126/2510
f 5834/13136/2507 5831/13137/2507 5827/13129/2507 5830/13128/2507
f 5835/13138/2508 5836/13139/2508 5832/13131/2508 5831/13130/2508
f 5836/13140/2505 5837/13141/2505 5833/13133/2505 5832/13132/2505
f 5837/13142/2506 5838/13143/2506 5834/13135/2506 5833/13134/2506
f 5838/13144/2507 5835/13145/2507 5831/13137/2507 5834/13136/2507
f 5839/13146/2511 5840/13147/2511 5836/13139/2511 5835/13138/2511
f 5840/13148/2505 5841/13149/2505 5837/13141/2505 5836/13140/2505
f 5841/13150/2506 5842/13151/2506 5838/13143/2506 5837/13142/2506
f 5842/13152/2507 5839/13153/2507 5835/13145/2507 5838/13144/2507
f 5843/13154/2508 5844/13155/2508 5840/13147/2508 5839/13146/2508
f 5844/13156/2509 5845/13157/2509 5841/13149/2509 5840/13148/2509
f 5845/13158/2506 5846/13159/2506 5842/13151/2506 5841/13150/2506
f 5846/13160/2512 5843/13161/2512 5839/13153/2512 5842/13152/2512
f 5847/13162/2508 5848/13163/2508 5844/13155/2508 5843/13154/2508
f 5848/13164/2509 5849/13165/2509 5845/13157/2509 5844/13156/2509
f 5849/13166/2510 5850/13167/2510 5846/13159/2510 5845/13158/2510
f 5850/13168/2507 5847/13169/2507 5843/13161/2507 5846/13160/2507
f 5851/13170/2504 5852/13171/2504 5848/13163/2504 5847/13162/2504
f 5852/13172/2509 5853/13173/2509 5849/13165/2509 5848/13164/2509
f 5853/13174/2506 5854/13175/2506 5850/13167/2506 5849/13166/2506
f 5854/13176/2507 5851/13177/2507 5847/13169/2507 5850/13168/2507
f 5855/13178/2511 5856/13179/2511 5852/13171/2511 5851/13170/2511
f 5856/13180/2505 5857/13181/2505 5853/13173/2505 5852/13172/2505
f 5857/13182/2510 5858/13183/2510 5854/13175/2510 5853/13174/2510
f 5858/13184/2507 5855/13185/2507 5851/13177/2507 5854/13176/2507
f 5859/13186/2508 5860/13187/2508 5856/13179/2508 5855/13178/2508
f 5860/13188/2509 5861/13189/2509 5857/13181/2509 5856/13180/2509
f 5861/13190/2506 5862/13191/2506 5858/13183/2506 5857/13182/2506
f 5862/13192/2507 5859/13193/2507 5855/13185/2507 5858/13184/2507
f 5863/13194/2508 5864/13195/2508 5860/13187/2508 5859/13186/2508
f 5864/13196/2505 5865/13197/2505 5861/13189/2505 5860/13188/2505
f 5865/13198/2510 5866/13199/2510 5862/13191/2510 5861/13190/2510
f 5866/13200/2507 5863/13201/2507 5859/13193/2507 5862/13192/2507
f 5867/13202/2511 5868/13203/2511 5864/13195/2511 5863/13194/2511
f 5868/13204/2505 5869/13205/2505 5865/13197/2505 5864/13196/2505
f 5869/13206/2510 5870/13207/2510 5866/13199/2510 5865/13198/2510
f 5870/13208/2507 5867/13209/2507 5863/13201/2507 5866/13200/2507
f 5871/13210/2504 5872/13211/2504 5868/13203/2504 5867/13202/2504
f 5872/13212/2509 5873/13213/2509 5869/13205/2509 5868/13204/2509
f 5873/13214/2506 5874/13215/2506 5870/13207/2506 5869/13206/2506
f 5874/13216/2507 5871/13217/2507 5867/13209/2507 5870/13208/2507
f 549/13218/2511 550/13219/2511 5872/13211/2511 5871/13210/2511
f 550/13220/2509 551/13221/2509 5873/13213/2509 5872/13212/2509
f 551/13222/2506 552/13223/2506 5874/13215/2506 5873/13214/2506
f 552/13224/2507 549/13225/2507 5871/13217/2507 5874/13216/2507
f 5879/13226/2513 5880/13227/2513 5876/2784/2513 5875/2787/2513
f 5880/13228/2514 5881/13229/2514 5877/13230/2514 5876/13231/2514
f 5881/13232/2515 5882/13233/2515 5878/2366/2515 5877/2365/2515
f 5882/13234/2516 5879/13235/2516 5875/2704/2516 5878/2703/2516
f 5883/13236/2513 5884/13237/2513 5880/13227/2513 5879/13226/2513
f 5884/13238/2514 5885/13239/2514 5881/13229/2514 5880/13228/2514
f 5885/13240/2515 5886/13241/2515 5882/13233/2515 5881/13232/2515
f 5886/13242/2516 5883/13243/2516 5879/13235/2516 5882/13234/2516
f 5887/13244/2513 5888/13245/2513 5884/13237/2513 5883/13236/2513
f 5888/13246/2514 5889/13247/2514 5885/13239/2514 5884/13238/2514
f 5889/13248/2515 5890/13249/2515 5886/13241/2515 5885/13240/2515
f 5890/13250/2516 5887/13251/2516 5883/13243/2516 5886/13242/2516
f 5891/13252/2513 5892/13253/2513 5888/13245/2513 5887/13244/2513
f 5892/13254/2514 5893/13255/2514 5889/13247/2514 5888/13246/2514
f 5893/3134/2517 5894/3133/2517 5890/13249/2517 5889/13248/2517
f 5894/3253/2518 5891/3252/2518 5887/13251/2518 5890/13250/2518
f 5899/13256/2519 5900/13257/2519 5896/2430/2519 5895/2429/2519
f 5900/13258/2520 5901/13259/2520 5897/3132/2520 5896/3135/2520
f 5901/13260/2521 5902/13261/2521 5898/13262/2521 5897/13263/2521
f 5902/13264/2522 5899/13265/2522 5895/3269/2522 5898/3268/2522
f 5903/13266/2519 5904/13267/2519 5900/13257/2519 5899/13256/2519
f 5904/13268/2520 5905/13269/2520 5901/13259/2520 5900/13258/2520
f 5905/13270/2521 5906/13271/2521 5902/13261/2521 5901/13260/2521
f 5906/13272/2522 5903/13273/2522 5899/13265/2522 5902/13264/2522
f 5907/13274/2519 5908/13275/2519 5904/13267/2519 5903/13266/2519
f 5908/13276/2520 5909/13277/2520 5905/13269/2520 5904/13268/2520
f 5909/13278/2521 5910/13279/2521 5906/13271/2521 5905/13270/2521
f 5910/13280/2522 5907/13281/2522 5903/13273/2522 5906/13272/2522
f 5911/13282/2519 5912/13283/2519 5908/13275/2519 5907/13274/2519
f 5912/13284/2520 5913/13285/2520 5909/13277/2520 5908/13276/2520
f 5913/13286/2521 5914/13287/2521 5910/13279/2521 5909/13278/2521
f 5914/13288/2522 5911/13289/2522 5907/13281/2522 5910/13280/2522
f 5915/13290/2519 5916/13291/2519 5912/13283/2519 5911/13282/2519
f 5916/13292/2520 5917/13293/2520 5913/13285/2520 5912/13284/2520
f 5917/13294/2521 5918/13295/2521 5914/13287/2521 5913/13286/2521
f 5918/13296/2522 5915/13297/2522 5911/13289/2522 5914/13288/2522
f 5919/13298/2519 5920/13299/2519 5916/13291/2519 5915/13290/2519
f 5920/13300/2520 5921/13301/2520 5917/13293/2520 5916/13292/2520
f 5921/13302/2521 5922/13303/2521 5918/13295/2521 5917/13294/2521
f 5922/13304/2522 5919/13305/2522 5915/13297/2522 5918/13296/2522
f 5923/13306/2519 5924/13307/2519 5920/13299/2519 5919/13298/2519
f 5924/13308/2520 5925/13309/2520 5921/13301/2520 5920/13300/2520
f 5925/13310/2521 5926/13311/2521 5922/13303/2521 5921/13302/2521
f 5926/13312/2522 5923/13313/2522 5919/13305/2522 5922/13304/2522
f 5927/13314/2519 5928/13315/2519 5924/13307/2519 5923/13306/2519
f 5928/13316/2520 5929/13317/2520 5925/13309/2520 5924/13308/2520
f 5929/13318/2521 5930/13319/2521 5926/13311/2521 5925/13310/2521
f 5930/13320/2522 5927/13321/2522 5923/13313/2522 5926/13312/2522
f 5931/13322/2519 5932/13323/2519 5928/13315/2519 5927/13314/2519
f 5932/13324/2520 5933/13325/2520 5929/13317/2520 5928/13316/2520
f 5933/13326/2521 5934/13327/2521 5930/13319/2521 5929/13318/2521
f 5934/13328/2522 5931/13329/2522 5927/13321/2522 5930/13320/2522
f 5935/13330/2519 5936/13331/2519 5932/13323/2519 5931/13322/2519
f 5936/13332/2520 5937/13333/2520 5933/13325/2520 5932/13324/2520
f 5937/13334/2521 5938/13335/2521 5934/13327/2521 5933/13326/2521
f 5938/13336/2522 5935/13337/2522 5931/13329/2522 5934/13328/2522
f 5939/13338/2519 5940/13339/2519 5936/13331/2519 5935/13330/2519
f 5940/13340/2520 5941/13341/2520 5937/13333/2520 5936/13332/2520
f 5941/13342/2521 5942/13343/2521 5938/13335/2521 5937/13334/2521
f 5942/13344/2522 5939/13345/2522 5935/13337/2522 5938/13336/2522
f 5943/13346/2519 5944/13347/2519 5940/13339/2519 5939/13338/2519
f 5944/13348/2520 5945/13349/2520 5941/13341/2520 5940/13340/2520
f 5945/13350/2521 5946/13351/2521 5942/13343/2521 5941/13342/2521
f 5946/13352/2522 5943/13353/2522 5939/13345/2522 5942/13344/2522
f 5947/13354/2519 5948/13355/2519 5944/13347/2519 5943/13346/2519
f 5948/13356/2520 5949/13357/2520 5945/13349/2520 5944/13348/2520
f 5949/13358/2521 5950/13359/2521 5946/13351/2521 5945/13350/2521
f 5950/13360/2522 5947/13361/2522 5943/13353/2522 5946/13352/2522
f 5951/13362/2519 5952/13363/2519 5948/13355/2519 5947/13354/2519
f 5952/13364/2520 5953/13365/2520 5949/13357/2520 5948/13356/2520
f 5953/13366/2521 5954/13367/2521 5950/13359/2521 5949/13358/2521
f 5954/13368/2522 5951/13369/2522 5947/13361/2522 5950/13360/2522
f 553/13370/2519 554/13371/2519 5952/13363/2519 5951/13362/2519
f 554/13372/2520 555/13373/2520 5953/13365/2520 5952/13364/2520
f 555/13374/2521 556/13375/2521 5954/13367/2521 5953/13366/2521
f 556/13376/2522 553/13377/2522 5951/13369/2522 5954/13368/2522
f 5955/13378/2523 5956/13379/2523 558/13380/2523 557/13381/2523
f 5956/13382/2524 5957/13383/2524 559/13384/2524 558/13385/2524
f 5957/13386/2525 5958/13387/2525 560/13388/2525 559/13389/2525
f 5958/13390/2526 5955/13391/2526 557/13392/2526 560/13393/2526
f 5959/13394/2527 5960/13395/2527 5956/13379/2527 5955/13378/2527
f 5960/13396/2528 5961/13397/2528 5957/13383/2528 5956/13382/2528
f 5961/13398/2529 5962/13399/2529 5958/13387/2529 5957/13386/2529
f 5962/13400/2530 5959/13401/2530 5955/13391/2530 5958/13390/2530
f 5963/13402/2527 5964/13403/2527 5960/13395/2527 5959/13394/2527
f 5964/13404/2528 5965/13405/2528 5961/13397/2528 5960/13396/2528
f 5965/13406/2529 5966/13407/2529 5962/13399/2529 5961/13398/2529
f 5966/13408/2531 5963/13409/2531 5959/13401/2531 5962/13400/2531
f 5967/13410/2527 5968/13411/2527 5964/13403/2527 5963/13402/2527
f 5968/13412/2528 5969/13413/2528 5965/13405/2528 5964/13404/2528
f 5969/13414/2529 5970/13415/2529 5966/13407/2529 5965/13406/2529
f 5970/13416/2531 5967/13417/2531 5963/13409/2531 5966/13408/2531
f 5971/3495/2527 5972/3494/2527 5968/13411/2527 5967/13410/2527
f 5972/13418/2528 5973/13419/2528 5969/13413/2528 5968/13412/2528
f 5973/3517/2529 5974/3516/2529 5970/13415/2529 5969/13414/2529
f 5974/3508/2531 5971/3507/2531 5967/13417/2531 5970/13416/2531
f 5978/13420/2532 5979/13421/2532 5976/13422/2532 6575/13423/2532
f 5979/13424/2533 5980/13425/2533 6574/13426/2533 5976/13427/2533
f 5980/13428/2534 5981/13429/2534 6573/13430/2534 6574/13431/2534
f 5981/13432/2535 5978/13433/2535 6575/13434/2535 6573/13435/2535
f 5982/13436/2532 5983/13437/2532 5979/13421/2532 5978/13420/2532
f 5983/13438/2536 5984/13439/2536 5980/13425/2536 5979/13424/2536
f 5984/13440/2537 5985/13441/2537 5981/13429/2537 5980/13428/2537
f 5985/13442/2535 5982/13443/2535 5978/13433/2535 5981/13432/2535
f 5986/13444/2538 5987/13445/2538 5983/13437/2538 5982/13436/2538
f 5987/13446/2536 5988/13447/2536 5984/13439/2536 5983/13438/2536
f 5988/13448/2537 5989/13449/2537 5985/13441/2537 5984/13440/2537
f 5989/13450/2535 5986/13451/2535 5982/13443/2535 5985/13442/2535
f 557/13381/2539 558/13380/2539 5987/13445/2539 5986/13444/2539
f 558/13385/2540 559/13384/2540 5988/13447/2540 5987/13446/2540
f 559/13389/2541 560/13388/2541 5989/13449/2541 5988/13448/2541
f 560/13393/2542 557/13392/2542 5986/13451/2542 5989/13450/2542
f 5994/13452/2543 5995/13453/2543 5991/3629/2543 5990/3493/2543
f 5995/13454/2544 5996/13455/2544 5992/2465/2544 5991/2464/2544
f 5996/13456/2545 5997/13457/2545 5993/2470/2545 5992/2472/2545
f 5997/13458/2546 5994/13459/2546 5990/13460/2546 5993/13461/2546
f 5998/13462/2543 5999/13463/2543 5995/13453/2543 5994/13452/2543
f 5999/13464/2544 6000/13465/2544 5996/13455/2544 5995/13454/2544
f 6000/13466/2547 6001/13467/2547 5997/13457/2547 5996/13456/2547
f 6001/13468/2548 5998/13469/2548 5994/13459/2548 5997/13458/2548
f 6002/13470/2543 6003/13471/2543 5999/13463/2543 5998/13462/2543
f 6003/13472/2544 6004/13473/2544 6000/13465/2544 5999/13464/2544
f 6004/13474/2549 6005/13475/2549 6001/13467/2549 6000/13466/2549
f 6005/13476/2548 6002/13477/2548 5998/13469/2548 6001/13468/2548
f 6006/13478/2543 6007/13479/2543 6003/13471/2543 6002/13470/2543
f 6007/13480/2544 6008/13481/2544 6004/13473/2544 6003/13472/2544
f 6008/13482/2549 6009/13483/2549 6005/13475/2549 6004/13474/2549
f 6009/13484/2548 6006/13485/2548 6002/13477/2548 6005/13476/2548
f 6010/13486/2543 6011/13487/2543 6007/13479/2543 6006/13478/2543
f 6011/13488/2544 6012/13489/2544 6008/13481/2544 6007/13480/2544
f 6012/13490/2549 6013/13491/2549 6009/13483/2549 6008/13482/2549
f 6013/13492/2548 6010/13493/2548 6006/13485/2548 6009/13484/2548
f 6014/13494/2543 6015/13495/2543 6011/13487/2543 6010/13486/2543
f 6015/13496/2544 6016/13497/2544 6012/13489/2544 6011/13488/2544
f 6016/13498/2549 6017/13499/2549 6013/13491/2549 6012/13490/2549
f 6017/13500/2548 6014/13501/2548 6010/13493/2548 6013/13492/2548
f 6018/13502/2543 6019/13503/2543 6015/13495/2543 6014/13494/2543
f 6019/13504/2544 6020/13505/2544 6016/13497/2544 6015/13496/2544
f 6020/13506/2549 6021/13507/2549 6017/13499/2549 6016/13498/2549
f 6021/13508/2548 6018/13509/2548 6014/13501/2548 6017/13500/2548
f 6022/13510/2550 6023/13511/2550 6019/13503/2550 6018/13502/2550
f 6023/13512/2544 6024/13513/2544 6020/13505/2544 6019/13504/2544
f 6024/13514/2547 6025/13515/2547 6021/13507/2547 6020/13506/2547
f 6025/13516/2548 6022/13517/2548 6018/13509/2548 6021/13508/2548
f 6026/13518/2543 6027/13519/2543 6023/13511/2543 6022/13510/2543
f 6027/13520/2544 6028/13521/2544 6024/13513/2544 6023/13512/2544
f 6028/13522/2549 6029/13523/2549 6025/13515/2549 6024/13514/2549
f 6029/13524/2548 6026/13525/2548 6022/13517/2548 6025/13516/2548
f 6030/2452/2543 6031/2484/2543 6027/13519/2543 6026/13518/2543
f 6031/3654/2544 6032/3653/2544 6028/13521/2544 6027/13520/2544
f 6032/3652/2547 6033/3651/2547 6029/13523/2547 6028/13522/2547
f 6033/3664/2548 6030/3663/2548 6026/13525/2548 6029/13524/2548
f 6038/13526/2551 6039/13527/2551 6035/2486/2551 6034/2485/2551
f 6039/13528/2552 6040/13529/2552 6036/3656/2552 6035/3655/2552
f 6040/13530/2553 6041/13531/2553 6037/2492/2553 6036/2494/2553
f 6041/13532/2554 6038/13533/2554 6034/2506/2554 6037/2505/2554
f 6042/13534/2551 6043/13535/2551 6039/13527/2551 6038/13526/2551
f 6043/13536/2555 6044/13537/2555 6040/13529/2555 6039/13528/2555
f 6044/13538/2556 6045/13539/2556 6041/13531/2556 6040/13530/2556
f 6045/13540/2557 6042/13541/2557 6038/2694/2557 6041/13542/2557
f 6046/13543/2551 6047/13544/2551 6043/13535/2551 6042/13534/2551
f 6047/13545/2555 6048/13546/2555 6044/13537/2555 6043/13536/2555
f 6048/13547/2556 6049/13548/2556 6045/13539/2556 6044/13538/2556
f 6049/13549/2558 6046/13550/2558 6042/13541/2558 6045/13540/2558
f 6050/13551/2551 6051/13552/2551 6047/13544/2551 6046/13543/2551
f 6051/13553/2555 6052/13554/2555 6048/13546/2555 6047/13545/2555
f 6052/13555/2556 6053/13556/2556 6049/13548/2556 6048/13547/2556
f 6053/13557/2558 6050/13558/2558 6046/13550/2558 6049/13549/2558
f 6054/13559/2551 6055/13560/2551 6051/13552/2551 6050/13551/2551
f 6055/13561/2552 6056/13562/2552 6052/13554/2552 6051/13553/2552
f 6056/13563/2556 6057/13564/2556 6053/13556/2556 6052/13555/2556
f 6057/13565/2558 6054/13566/2558 6050/13558/2558 6053/13557/2558
f 561/13567/2551 562/13568/2551 6055/13560/2551 6054/13559/2551
f 562/13569/2552 563/13570/2552 6056/13562/2552 6055/13561/2552
f 563/13571/2556 564/13572/2556 6057/13564/2556 6056/13563/2556
f 564/13573/2557 561/13574/2557 6054/13566/2557 6057/13565/2557
f 6061/13575/2559 6062/13576/2559 6059/2451/2559 6058/2450/2559
f 6062/13577/2560 6063/13578/2560 6037/13579/2560 6059/13580/2560
f 6063/13581/2561 6064/13582/2561 6060/2493/2561 6037/2492/2561
f 6064/13583/2562 6061/13584/2562 6058/3662/2562 6060/3665/2562
f 6065/13585/2559 6066/13586/2559 6062/13576/2559 6061/13575/2559
f 6066/13587/2563 6067/13588/2563 6063/13578/2563 6062/13577/2563
f 6067/13589/2564 6068/13590/2564 6064/13582/2564 6063/13581/2564
f 6068/13591/2562 6065/13592/2562 6061/13584/2562 6064/13583/2562
f 6069/13593/2559 6070/13594/2559 6066/13586/2559 6065/13585/2559
f 6070/13595/2563 6071/13596/2563 6067/13588/2563 6066/13587/2563
f 6071/13597/2564 6072/13598/2564 6068/13590/2564 6067/13589/2564
f 6072/13599/2562 6069/13600/2562 6065/13592/2562 6068/13591/2562
f 6073/13601/2559 6074/13602/2559 6070/13594/2559 6069/13593/2559
f 6074/13603/2565 6075/13604/2565 6071/13596/2565 6070/13595/2565
f 6075/13605/2564 6076/13606/2564 6072/13598/2564 6071/13597/2564
f 6076/13607/2562 6073/13608/2562 6069/13600/2562 6072/13599/2562
f 6077/13609/2559 6078/13610/2559 6074/13602/2559 6073/13601/2559
f 6078/13611/2563 6079/13612/2563 6075/13604/2563 6074/13603/2563
f 6079/13613/2564 6080/13614/2564 6076/13606/2564 6075/13605/2564
f 6080/13615/2562 6077/13616/2562 6073/13608/2562 6076/13607/2562
f 6081/13617/2559 6082/13618/2559 6078/13610/2559 6077/13609/2559
f 6082/13619/2563 6083/13620/2563 6079/13612/2563 6078/13611/2563
f 6083/13621/2564 6084/13622/2564 6080/13614/2564 6079/13613/2564
f 6084/13623/2562 6081/13624/2562 6077/13616/2562 6080/13615/2562
f 6085/13625/2559 6086/13626/2559 6082/13618/2559 6081/13617/2559
f 6086/13627/2565 6087/13628/2565 6083/13620/2565 6082/13619/2565
f 6087/13629/2564 6088/13630/2564 6084/13622/2564 6083/13621/2564
f 6088/13631/2562 6085/13632/2562 6081/13624/2562 6084/13623/2562
f 6089/13633/2559 6090/13634/2559 6086/13626/2559 6085/13625/2559
f 6090/13635/2563 6091/13636/2563 6087/13628/2563 6086/13627/2563
f 6091/13637/2564 6092/13638/2564 6088/13630/2564 6087/13629/2564
f 6092/13639/2562 6089/13640/2562 6085/13632/2562 6088/13631/2562
f 6093/13641/2559 6094/13642/2559 6090/13634/2559 6089/13633/2559
f 6094/13643/2565 6095/13644/2565 6091/13636/2565 6090/13635/2565
f 6095/13645/2564 6096/13646/2564 6092/13638/2564 6091/13637/2564
f 6096/13647/2562 6093/13648/2562 6089/13640/2562 6092/13639/2562
f 6097/13649/2559 6098/13650/2559 6094/13642/2559 6093/13641/2559
f 6098/13651/2563 6099/13652/2563 6095/13644/2563 6094/13643/2563
f 6099/13653/2564 6100/13654/2564 6096/13646/2564 6095/13645/2564
f 6100/13655/2562 6097/13656/2562 6093/13648/2562 6096/13647/2562
f 6101/13657/2559 6102/13658/2559 6098/13650/2559 6097/13649/2559
f 6102/13659/2563 6103/13660/2563 6099/13652/2563 6098/13651/2563
f 6103/13661/2564 6104/13662/2564 6100/13654/2564 6099/13653/2564
f 6104/13663/2562 6101/13664/2562 6097/13656/2562 6100/13655/2562
f 6105/13665/2559 6106/13666/2559 6102/13658/2559 6101/13657/2559
f 6106/13667/2565 6107/13668/2565 6103/13660/2565 6102/13659/2565
f 6107/13669/2564 6108/13670/2564 6104/13662/2564 6103/13661/2564
f 6108/13671/2562 6105/13672/2562 6101/13664/2562 6104/13663/2562
f 6109/13673/2559 6110/13674/2559 6106/13666/2559 6105/13665/2559
f 6110/13675/2563 6111/13676/2563 6107/13668/2563 6106/13667/2563
f 6111/13677/2564 6112/13678/2564 6108/13670/2564 6107/13669/2564
f 6112/13679/2562 6109/13680/2562 6105/13672/2562 6108/13671/2562
f 565/13681/2559 566/13682/2559 6110/13674/2559 6109/13673/2559
f 566/13683/2565 567/13684/2565 6111/13676/2565 6110/13675/2565
f 567/13685/2564 568/13686/2564 6112/13678/2564 6111/13677/2564
f 568/13687/2562 565/13688/2562 6109/13680/2562 6112/13679/2562
f 6116/13689/2566 6117/13690/2566 6114/13691/2566 6113/13692/2566
f 6117/13693/2567 6118/13694/2567 5993/13695/2567 6114/13696/2567
f 6118/13697/2568 6119/13698/2568 6115/2471/2568 5993/2470/2568
f 6119/13699/2569 6116/13700/2569 6113/13701/2569 6115/13702/2569
f 6120/13703/2566 6121/13704/2566 6117/13690/2566 6116/13689/2566
f 6121/13705/2570 6122/13706/2570 6118/13694/2570 6117/13693/2570
f 6122/13707/2571 6123/13708/2571 6119/13698/2571 6118/13697/2571
f 6123/13709/2569 6120/13710/2569 6116/13700/2569 6119/13699/2569
f 6124/13711/2566 6125/13712/2566 6121/13704/2566 6120/13703/2566
f 6125/13713/2570 6126/13714/2570 6122/13706/2570 6121/13705/2570
f 6126/13715/2571 6127/13716/2571 6123/13708/2571 6122/13707/2571
f 6127/13717/2569 6124/13718/2569 6120/13710/2569 6123/13709/2569
f 6128/13719/2566 6129/13720/2566 6125/13712/2566 6124/13711/2566
f 6129/13721/2570 6130/13722/2570 6126/13714/2570 6125/13713/2570
f 6130/13723/2571 6131/13724/2571 6127/13716/2571 6126/13715/2571
f 6131/13725/2569 6128/13726/2569 6124/13718/2569 6127/13717/2569
f 6132/13727/2566 6133/13728/2566 6129/13720/2566 6128/13719/2566
f 6133/13729/2572 6134/13730/2572 6130/13722/2572 6129/13721/2572
f 6134/13731/2571 6135/13732/2571 6131/13724/2571 6130/13723/2571
f 6135/13733/2569 6132/13734/2569 6128/13726/2569 6131/13725/2569
f 6136/13735/2566 6137/13736/2566 6133/13728/2566 6132/13727/2566
f 6137/13737/2570 6138/13738/2570 6134/13730/2570 6133/13729/2570
f 6138/13739/2571 6139/13740/2571 6135/13732/2571 6134/13731/2571
f 6139/13741/2569 6136/13742/2569 6132/13734/2569 6135/13733/2569
f 6140/13743/2566 6141/13744/2566 6137/13736/2566 6136/13735/2566
f 6141/13745/2570 6142/13746/2570 6138/13738/2570 6137/13737/2570
f 6142/13747/2571 6143/13748/2571 6139/13740/2571 6138/13739/2571
f 6143/13749/2569 6140/13750/2569 6136/13742/2569 6139/13741/2569
f 6144/13751/2566 6145/13752/2566 6141/13744/2566 6140/13743/2566
f 6145/13753/2570 6146/13754/2570 6142/13746/2570 6141/13745/2570
f 6146/13755/2571 6147/13756/2571 6143/13748/2571 6142/13747/2571
f 6147/13757/2569 6144/13758/2569 6140/13750/2569 6143/13749/2569
f 6148/13759/2566 6149/13760/2566 6145/13752/2566 6144/13751/2566
f 6149/13761/2570 6150/13762/2570 6146/13754/2570 6145/13753/2570
f 6150/13763/2571 6151/13764/2571 6147/13756/2571 6146/13755/2571
f 6151/13765/2569 6148/13766/2569 6144/13758/2569 6147/13757/2569
f 6152/3601/2566 6153/3600/2566 6149/13760/2566 6148/13759/2566
f 6153/2509/2570 6154/3520/2570 6150/13762/2570 6149/13761/2570
f 6154/13767/2571 6155/13768/2571 6151/13764/2571 6150/13763/2571
f 6155/3564/2569 6152/3563/2569 6148/13766/2569 6151/13765/2569
f 6160/13769/2573 6161/13770/2573 6157/2522/2573 6156/2524/2573
f 6161/13771/2574 6162/13772/2574 6158/13773/2574 6157/13774/2574
f 6162/13775/2575 6163/13776/2575 6159/2521/2575 6158/2520/2575
f 6163/13777/2576 6160/13769/2576 6156/2524/2576 6159/3646/2576
f 6164/13778/2573 6165/13779/2573 6161/13770/2573 6160/13769/2573
f 6165/13780/2574 6166/13781/2574 6162/13772/2574 6161/13771/2574
f 6166/13782/2575 6167/13783/2575 6163/13776/2575 6162/13775/2575
f 6167/13784/2577 6164/13778/2577 6160/13769/2577 6163/13777/2577
f 6168/13785/2573 6169/13786/2573 6165/13779/2573 6164/13778/2573
f 6169/13787/2574 6170/13788/2574 6166/13781/2574 6165/13780/2574
f 6170/13789/2578 6171/13790/2578 6167/13783/2578 6166/13782/2578
f 6171/13791/2579 6168/13785/2579 6164/13778/2579 6167/13784/2579
f 6172/13792/2573 6173/13793/2573 6169/13786/2573 6168/13785/2573
f 6173/13794/2574 6174/13795/2574 6170/13788/2574 6169/13787/2574
f 6174/13796/2580 6175/13797/2580 6171/13790/2580 6170/13789/2580
f 6175/13798/2576 6172/13792/2576 6168/13785/2576 6171/13791/2576
f 6176/13799/2573 6177/13800/2573 6173/13793/2573 6172/13792/2573
f 6177/13801/2574 6178/13802/2574 6174/13795/2574 6173/13794/2574
f 6178/13803/2580 6179/13804/2580 6175/13797/2580 6174/13796/2580
f 6179/13805/2576 6176/13799/2576 6172/13792/2576 6175/13798/2576
f 6180/13806/2573 6181/13807/2573 6177/13800/2573 6176/13799/2573
f 6181/13808/2574 6182/13809/2574 6178/13802/2574 6177/13801/2574
f 6182/13810/2575 6183/13811/2575 6179/13804/2575 6178/13803/2575
f 6183/13812/2576 6180/13806/2576 6176/13799/2576 6179/13805/2576
f 6184/13813/2573 6185/13814/2573 6181/13807/2573 6180/13806/2573
f 6185/13815/2574 6186/13816/2574 6182/13809/2574 6181/13808/2574
f 6186/13817/2575 6187/13818/2575 6183/13811/2575 6182/13810/2575
f 6187/13819/2576 6184/13813/2576 6180/13806/2576 6183/13812/2576
f 6188/13820/2573 6189/13821/2573 6185/13814/2573 6184/13813/2573
f 6189/13822/2574 6190/13823/2574 6186/13816/2574 6185/13815/2574
f 6190/13824/2575 6191/13825/2575 6187/13818/2575 6186/13817/2575
f 6191/13826/2576 6188/13820/2576 6184/13813/2576 6187/13819/2576
f 6192/13827/2573 6193/13828/2573 6189/13821/2573 6188/13820/2573
f 6193/13829/2574 6194/13830/2574 6190/13823/2574 6189/13822/2574
f 6194/13831/2575 6195/13832/2575 6191/13825/2575 6190/13824/2575
f 6195/13833/2576 6192/13827/2576 6188/13820/2576 6191/13826/2576
f 569/13834/2573 570/13835/2573 6193/13828/2573 6192/13827/2573
f 570/13836/2574 571/13837/2574 6194/13830/2574 6193/13829/2574
f 571/13838/2578 572/13839/2578 6195/13832/2578 6194/13831/2578
f 572/13840/2579 569/13834/2579 6192/13827/2579 6195/13833/2579
f 6200/13841/2581 6201/13842/2581 6197/3599/2581 6196/3602/2581
f 6201/13843/2582 6202/13844/2582 6198/13845/2582 6197/13846/2582
f 6202/13847/2583 6203/13848/2583 6199/3647/2583 6198/3650/2583
f 6203/13849/2584 6200/13850/2584 6196/13851/2584 6199/13852/2584
f 6204/13853/2585 6205/13854/2585 6201/13842/2585 6200/13841/2585
f 6205/13855/2582 6206/13856/2582 6202/13844/2582 6201/13843/2582
f 6206/13857/2583 6207/13858/2583 6203/13848/2583 6202/13847/2583
f 6207/13859/2584 6204/13860/2584 6200/13850/2584 6203/13849/2584
f 6208/13861/2581 6209/13862/2581 6205/13854/2581 6204/13853/2581
f 6209/13863/2582 6210/13864/2582 6206/13856/2582 6205/13855/2582
f 6210/13865/2586 6211/13866/2586 6207/13858/2586 6206/13857/2586
f 6211/13867/2584 6208/13868/2584 6204/13860/2584 6207/13859/2584
f 6212/13869/2587 6213/13870/2587 6209/13862/2587 6208/13861/2587
f 6213/13871/2582 6214/13872/2582 6210/13864/2582 6209/13863/2582
f 6214/13873/2583 6215/13874/2583 6211/13866/2583 6210/13865/2583
f 6215/13875/2584 6212/13876/2584 6208/13868/2584 6211/13867/2584
f 6216/13877/2581 6217/13878/2581 6213/13870/2581 6212/13869/2581
f 6217/13879/2582 6218/13880/2582 6214/13872/2582 6213/13871/2582
f 6218/13881/2583 6219/13882/2583 6215/13874/2583 6214/13873/2583
f 6219/13883/2584 6216/13884/2584 6212/13876/2584 6215/13875/2584
f 6220/13885/2581 6221/13886/2581 6217/13878/2581 6216/13877/2581
f 6221/13887/2582 6222/13888/2582 6218/13880/2582 6217/13879/2582
f 6222/13889/2583 6223/13890/2583 6219/13882/2583 6218/13881/2583
f 6223/13891/2584 6220/13892/2584 6216/13884/2584 6219/13883/2584
f 6224/13893/2581 6225/13894/2581 6221/13886/2581 6220/13885/2581
f 6225/13895/2582 6226/13896/2582 6222/13888/2582 6221/13887/2582
f 6226/13897/2586 6227/13898/2586 6223/13890/2586 6222/13889/2586
f 6227/13899/2584 6224/13900/2584 6220/13892/2584 6223/13891/2584
f 6228/13901/2587 6229/13902/2587 6225/13894/2587 6224/13893/2587
f 6229/13903/2582 6230/13904/2582 6226/13896/2582 6225/13895/2582
f 6230/13905/2583 6231/13906/2583 6227/13898/2583 6226/13897/2583
f 6231/13907/2584 6228/13908/2584 6224/13900/2584 6227/13899/2584
f 6232/13909/2581 6233/13910/2581 6229/13902/2581 6228/13901/2581
f 6233/13911/2582 6234/13912/2582 6230/13904/2582 6229/13903/2582
f 6234/13913/2586 6235/13914/2586 6231/13906/2586 6230/13905/2586
f 6235/13915/2584 6232/13916/2584 6228/13908/2584 6231/13907/2584
f 6236/13917/2581 6237/13918/2581 6233/13910/2581 6232/13909/2581
f 6237/13919/2582 6238/13920/2582 6234/13912/2582 6233/13911/2582
f 6238/13921/2583 6239/13922/2583 6235/13914/2583 6234/13913/2583
f 6239/13923/2584 6236/13924/2584 6232/13916/2584 6235/13915/2584
f 6240/13925/2581 6241/13926/2581 6237/13918/2581 6236/13917/2581
f 6241/13927/2582 6242/13928/2582 6238/13920/2582 6237/13919/2582
f 6242/13929/2583 6243/13930/2583 6239/13922/2583 6238/13921/2583
f 6243/13931/2584 6240/13932/2584 6236/13924/2584 6239/13923/2584
f 6244/13933/2581 6245/13934/2581 6241/13926/2581 6240/13925/2581
f 6245/13935/2582 6246/13936/2582 6242/13928/2582 6241/13927/2582
f 6246/13937/2586 6247/13938/2586 6243/13930/2586 6242/13929/2586
f 6247/13939/2584 6244/13940/2584 6240/13932/2584 6243/13931/2584
f 6248/13941/2581 6249/13942/2581 6245/13934/2581 6244/13933/2581
f 6249/13943/2582 6250/13944/2582 6246/13936/2582 6245/13935/2582
f 6250/13945/2583 6251/13946/2583 6247/13938/2583 6246/13937/2583
f 6251/13947/2584 6248/13948/2584 6244/13940/2584 6247/13939/2584
f 6252/13949/2581 6253/13950/2581 6249/13942/2581 6248/13941/2581
f 6253/13951/2582 6254/13952/2582 6250/13944/2582 6249/13943/2582
f 6254/13953/2586 6255/13954/2586 6251/13946/2586 6250/13945/2586
f 6255/13955/2584 6252/13956/2584 6248/13948/2584 6251/13947/2584
f 6256/13957/2581 6257/13958/2581 6253/13950/2581 6252/13949/2581
f 6257/13959/2582 6258/13960/2582 6254/13952/2582 6253/13951/2582
f 6258/13961/2586 6259/13962/2586 6255/13954/2586 6254/13953/2586
f 6259/13963/2584 6256/13964/2584 6252/13956/2584 6255/13955/2584
f 6260/13965/2581 6261/13966/2581 6257/13958/2581 6256/13957/2581
f 6261/13967/2582 6262/13968/2582 6258/13960/2582 6257/13959/2582
f 6262/13969/2583 6263/13970/2583 6259/13962/2583 6258/13961/2583
f 6263/13971/2584 6260/13972/2584 6256/13964/2584 6259/13963/2584
f 6264/13973/2585 6265/13974/2585 6261/13966/2585 6260/13965/2585
f 6265/13975/2582 6266/13976/2582 6262/13968/2582 6261/13967/2582
f 6266/13977/2583 6267/13978/2583 6263/13970/2583 6262/13969/2583
f 6267/13979/2584 6264/13980/2584 6260/13972/2584 6263/13971/2584
f 6268/13981/2581 6269/13982/2581 6265/13974/2581 6264/13973/2581
f 6269/13983/2582 6270/13984/2582 6266/13976/2582 6265/13975/2582
f 6270/13985/2583 6271/13986/2583 6267/13978/2583 6266/13977/2583
f 6271/13987/2584 6268/13988/2584 6264/13980/2584 6267/13979/2584
f 6272/13989/2581 6273/13990/2581 6269/13982/2581 6268/13981/2581
f 6273/13991/2582 6274/13992/2582 6270/13984/2582 6269/13983/2582
f 6274/13993/2583 6275/13994/2583 6271/13986/2583 6270/13985/2583
f 6275/13995/2584 6272/13996/2584 6268/13988/2584 6271/13987/2584
f 573/13997/2581 574/13998/2581 6273/13990/2581 6272/13989/2581
f 574/13999/2582 575/14000/2582 6274/13992/2582 6273/13991/2582
f 575/14001/2583 576/14002/2583 6275/13994/2583 6274/13993/2583
f 576/14003/2584 573/14004/2584 6272/13996/2584 6275/13995/2584
f 6279/14005/2588 6280/14006/2588 6277/306/2588 6276/3200/2588
f 6280/14007/2589 6281/14008/2589 6278/14009/2589 6277/14010/2589
f 6281/14011/2590 6282/14012/2590 1251/14013/2590 6278/14014/2590
f 6282/14015/2591 6279/14016/2591 6276/250/2591 1251/249/2591
f 577/3711/2592 578/3710/2592 6280/14006/2592 6279/14005/2592
f 578/14017/2593 579/14018/2593 6281/14008/2593 6280/14007/2593
f 579/3717/2594 580/3716/2594 6282/14012/2594 6281/14011/2594
f 580/14019/2595 577/14020/2595 6279/14016/2595 6282/14015/2595
f 6287/14021/2596 6288/14022/2596 6577/14023/2596 6578/14024/2596
f 6288/14025/2597 6289/14026/2597 6576/14027/2597 6577/14028/2597
f 6289/14029/2598 6290/14030/2598 6572/14031/2598 6576/14032/2598
f 6290/14033/2599 6287/14034/2599 6578/14035/2599 6572/14036/2599
f 6291/14037/2600 6292/14038/2600 6288/14022/2600 6287/14021/2600
f 6292/14039/2601 6293/14040/2601 6289/14026/2601 6288/14025/2601
f 6293/14041/2598 6294/14042/2598 6290/14030/2598 6289/14029/2598
f 6294/14043/2602 6291/14044/2602 6287/14034/2602 6290/14033/2602
f 6295/14045/2600 6296/14046/2600 6292/14038/2600 6291/14037/2600
f 6296/14047/2601 6297/14048/2601 6293/14040/2601 6292/14039/2601
f 6297/14049/2598 6298/14050/2598 6294/14042/2598 6293/14041/2598
f 6298/14051/2602 6295/14052/2602 6291/14044/2602 6294/14043/2602
f 6299/14053/2600 6300/14054/2600 6296/14046/2600 6295/14045/2600
f 6300/14055/2601 6301/14056/2601 6297/14048/2601 6296/14047/2601
f 6301/14057/2598 6302/14058/2598 6298/14050/2598 6297/14049/2598
f 6302/14059/2602 6299/14060/2602 6295/14052/2602 6298/14051/2602
f 6303/14061/2600 6304/14062/2600 6300/14054/2600 6299/14053/2600
f 6304/14063/2601 6305/14064/2601 6301/14056/2601 6300/14055/2601
f 6305/14065/2598 6306/14066/2598 6302/14058/2598 6301/14057/2598
f 6306/14067/2602 6303/14068/2602 6299/14060/2602 6302/14059/2602
f 6307/14069/2600 6308/14070/2600 6304/14062/2600 6303/14061/2600
f 6308/14071/2601 6309/14072/2601 6305/14064/2601 6304/14063/2601
f 6309/14073/2598 6310/14074/2598 6306/14066/2598 6305/14065/2598
f 6310/14075/2602 6307/14076/2602 6303/14068/2602 6306/14067/2602
f 581/14077/2603 582/14078/2603 6308/14070/2603 6307/14069/2603
f 582/14079/2604 583/14080/2604 6309/14072/2604 6308/14071/2604
f 583/14081/2605 584/14082/2605 6310/14074/2605 6309/14073/2605
f 584/14083/2606 581/14084/2606 6307/14076/2606 6310/14075/2606
f 6311/14085/2607 6312/14086/2607 582/14078/2607 581/14077/2607
f 6312/14087/2608 6313/14088/2608 583/14080/2608 582/14079/2608
f 6313/14089/2609 6314/14090/2609 584/14082/2609 583/14081/2609
f 6314/14091/2610 6311/14092/2610 581/14084/2610 584/14083/2610
f 6315/14093/2611 6316/14094/2611 6312/14086/2611 6311/14085/2611
f 6316/14095/2612 6317/14096/2612 6313/14088/2612 6312/14087/2612
f 6317/14097/2613 6318/14098/2613 6314/14090/2613 6313/14089/2613
f 6318/14099/2614 6315/14100/2614 6311/14092/2614 6314/14091/2614
f 6319/14101/2611 6320/14102/2611 6316/14094/2611 6315/14093/2611
f 6320/14103/2612 6321/14104/2612 6317/14096/2612 6316/14095/2612
f 6321/14105/2613 6322/14106/2613 6318/14098/2613 6317/14097/2613
f 6322/14107/2614 6319/14108/2614 6315/14100/2614 6318/14099/2614
f 6323/14109/2615 6324/14110/2615 6320/14102/2615 6319/14101/2615
f 6324/14111/2612 6325/14112/2612 6321/14104/2612 6320/14103/2612
f 6325/14113/2613 6326/14114/2613 6322/14106/2613 6321/14105/2613
f 6326/14115/2614 6323/14116/2614 6319/14108/2614 6322/14107/2614
f 6327/14117/2611 6328/14118/2611 6324/14110/2611 6323/14109/2611
f 6328/14119/2612 6329/14120/2612 6325/14112/2612 6324/14111/2612
f 6329/14121/2616 6330/14122/2616 6326/14114/2616 6325/14113/2616
f 6330/14123/2614 6327/14124/2614 6323/14116/2614 6326/14115/2614
f 6331/14125/2615 6332/14126/2615 6328/14118/2615 6327/14117/2615
f 6332/14127/2612 6333/14128/2612 6329/14120/2612 6328/14119/2612
f 6333/14129/2613 6334/14130/2613 6330/14122/2613 6329/14121/2613
f 6334/14131/2614 6331/14132/2614 6327/14124/2614 6330/14123/2614
f 6335/14133/2611 6336/14134/2611 6332/14126/2611 6331/14125/2611
f 6336/14135/2612 6337/14136/2612 6333/14128/2612 6332/14127/2612
f 6337/14137/2613 6338/14138/2613 6334/14130/2613 6333/14129/2613
f 6338/14139/2614 6335/14140/2614 6331/14132/2614 6334/14131/2614
f 6339/14141/2611 6340/14142/2611 6336/14134/2611 6335/14133/2611
f 6340/14143/2612 6341/14144/2612 6337/14136/2612 6336/14135/2612
f 6341/14145/2616 6342/14146/2616 6338/14138/2616 6337/14137/2616
f 6342/14147/2614 6339/14148/2614 6335/14140/2614 6338/14139/2614
f 6343/14149/2615 6344/14150/2615 6340/14142/2615 6339/14141/2615
f 6344/14151/2612 6345/14152/2612 6341/14144/2612 6340/14143/2612
f 6345/14153/2613 6346/14154/2613 6342/14146/2613 6341/14145/2613
f 6346/14155/2614 6343/14156/2614 6339/14148/2614 6342/14147/2614
f 6347/14157/2611 6348/14158/2611 6344/14150/2611 6343/14149/2611
f 6348/14159/2612 6349/14160/2612 6345/14152/2612 6344/14151/2612
f 6349/14161/2613 6350/14162/2613 6346/14154/2613 6345/14153/2613
f 6350/14163/2614 6347/14164/2614 6343/14156/2614 6346/14155/2614
f 585/14165/2615 586/14166/2615 6348/14158/2615 6347/14157/2615
f 586/14167/2612 587/14168/2612 6349/14160/2612 6348/14159/2612
f 587/14169/2613 588/14170/2613 6350/14162/2613 6349/14161/2613
f 588/14171/2614 585/14172/2614 6347/14164/2614 6350/14163/2614
f 6351/14173/2617 6352/14174/2617 142/14175/2617 141/14176/2617
f 6352/14177/2618 6353/14178/2618 143/14179/2618 142/14180/2618
f 6353/14181/2619 6354/14182/2619 144/14183/2619 143/14184/2619
f 6354/14185/2620 6351/14186/2620 141/14187/2620 144/14188/2620
f 6355/14189/2621 6356/14190/2621 6352/14174/2621 6351/14173/2621
f 6356/14191/2622 6357/14192/2622 6353/14178/2622 6352/14177/2622
f 6357/14193/2623 6358/14194/2623 6354/14182/2623 6353/14181/2623
f 6358/14195/2624 6355/14196/2624 6351/14186/2624 6354/14185/2624
f 6359/14197/2621 6360/14198/2621 6356/14190/2621 6355/14189/2621
f 6360/3321/2622 6361/2546/2622 6357/14192/2622 6356/14191/2622
f 6361/14199/2623 6362/14200/2623 6358/14194/2623 6357/14193/2623
f 6362/3194/2624 6359/3193/2624 6355/14196/2624 6358/14195/2624
f 6365/14201/2625 6366/14202/2625 6284/3083/2625 6283/3082/2625
f 6366/14203/2626 6367/14204/2626 6363/2544/2626 6284/3320/2626
f 6367/14205/2627 6368/14206/2627 6364/14207/2627 6363/14208/2627
f 6368/14209/2628 6365/14210/2628 6283/14211/2628 6364/14212/2628
f 6369/14213/2629 6370/14214/2629 6366/14202/2629 6365/14201/2629
f 6370/14215/2630 6371/14216/2630 6367/14204/2630 6366/14203/2630
f 6371/14217/2631 6372/14218/2631 6368/14206/2631 6367/14205/2631
f 6372/14219/2632 6369/14220/2632 6365/14210/2632 6368/14209/2632
f 6373/14221/2629 6374/14222/2629 6370/14214/2629 6369/14213/2629
f 6374/14223/2630 6375/14224/2630 6371/14216/2630 6370/14215/2630
f 6375/14225/2627 6376/14226/2627 6372/14218/2627 6371/14217/2627
f 6376/14227/2632 6373/14228/2632 6369/14220/2632 6372/14219/2632
f 6377/14229/2629 6378/14230/2629 6374/14222/2629 6373/14221/2629
f 6378/14231/2630 6379/14232/2630 6375/14224/2630 6374/14223/2630
f 6379/14233/2627 6380/14234/2627 6376/14226/2627 6375/14225/2627
f 6380/14235/2632 6377/14236/2632 6373/14228/2632 6376/14227/2632
f 145/14237/2633 146/14238/2633 6378/14230/2633 6377/14229/2633
f 146/14239/2634 147/14240/2634 6379/14232/2634 6378/14231/2634
f 147/14241/2635 148/14242/2635 6380/14234/2635 6379/14233/2635
f 148/14243/2636 145/14244/2636 6377/14236/2636 6380/14235/2636
f 6381/14245/2637 6382/14246/2637 146/14238/2637 145/14237/2637
f 6382/14247/2638 6383/14248/2638 147/14240/2638 146/14239/2638
f 6383/14249/2639 6384/14250/2639 148/14251/2639 147/14252/2639
f 6384/14253/2640 6381/14254/2640 145/14244/2640 148/14243/2640
f 6385/14255/2641 6386/14256/2641 6382/14246/2641 6381/14245/2641
f 6386/14257/2642 6387/14258/2642 6383/14248/2642 6382/14247/2642
f 6387/14259/2643 6388/14260/2643 6384/14250/2643 6383/14249/2643
f 6388/14261/2644 6385/14262/2644 6381/14254/2644 6384/14253/2644
f 6389/14263/2641 6390/14264/2641 6386/14256/2641 6385/14255/2641
f 6390/14265/2642 6391/14266/2642 6387/14258/2642 6386/14257/2642
f 6391/14267/2645 6392/14268/2645 6388/14260/2645 6387/14259/2645
f 6392/14269/2644 6389/14270/2644 6385/14262/2644 6388/14261/2644
f 6393/14271/2646 6394/14272/2646 6390/14264/2646 6389/14263/2646
f 6394/14273/2642 6395/14274/2642 6391/14266/2642 6390/14265/2642
f 6395/14275/2643 6396/14276/2643 6392/14268/2643 6391/14267/2643
f 6396/14277/2644 6393/14278/2644 6389/14270/2644 6392/14269/2644
f 6397/14279/2641 6398/14280/2641 6394/14272/2641 6393/14271/2641
f 6398/14281/2642 6399/14282/2642 6395/14274/2642 6394/14273/2642
f 6399/14283/2645 6400/14284/2645 6396/14276/2645 6395/14275/2645
f 6400/14285/2647 6397/14286/2647 6393/14278/2647 6396/14277/2647
f 6401/14287/2641 6402/14288/2641 6398/14280/2641 6397/14279/2641
f 6402/14289/2642 6403/14290/2642 6399/14282/2642 6398/14281/2642
f 6403/14291/2645 6404/14292/2645 6400/14284/2645 6399/14283/2645
f 6404/14293/2644 6401/14294/2644 6397/14286/2644 6400/14285/2644
f 6405/14295/2641 6406/14296/2641 6402/14288/2641 6401/14287/2641
f 6406/14297/2642 6407/14298/2642 6403/14290/2642 6402/14289/2642
f 6407/14299/2643 6408/14300/2643 6404/14292/2643 6403/14291/2643
f 6408/14301/2647 6405/14302/2647 6401/14294/2647 6404/14293/2647
f 6409/14303/2641 6410/14304/2641 6406/14296/2641 6405/14295/2641
f 6410/14305/2642 6411/14306/2642 6407/14298/2642 6406/14297/2642
f 6411/14307/2648 6412/14308/2648 6408/14300/2648 6407/14299/2648
f 6412/14309/2644 6409/14310/2644 6405/14302/2644 6408/14301/2644
f 6413/14311/2641 6414/14312/2641 6410/14304/2641 6409/14303/2641
f 6414/14313/2642 6415/14314/2642 6411/14306/2642 6410/14305/2642
f 6415/14315/2645 6416/14316/2645 6412/14308/2645 6411/14307/2645
f 6416/14317/2647 6413/14318/2647 6409/14310/2647 6412/14309/2647
f 589/14319/2646 590/14320/2646 6414/14312/2646 6413/14311/2646
f 590/14321/2642 591/14322/2642 6415/14314/2642 6414/14313/2642
f 591/1790/2645 592/1789/2645 6416/14316/2645 6415/14315/2645
f 592/14323/2644 589/14324/2644 6413/14318/2644 6416/14317/2644
l 5066 6548
